-- phpMyAdmin SQL Dump
-- version 4.7.4
-- https://www.phpmyadmin.net/
--
-- Host: 127.0.0.1:3306
-- Generation Time: 2018-06-22 05:31:39
-- 服务器版本： 10.2.8-MariaDB
-- PHP Version: 5.6.31

SET SQL_MODE = "NO_AUTO_VALUE_ON_ZERO";
SET AUTOCOMMIT = 0;
START TRANSACTION;
SET time_zone = "+00:00";


/*!40101 SET @OLD_CHARACTER_SET_CLIENT=@@CHARACTER_SET_CLIENT */;
/*!40101 SET @OLD_CHARACTER_SET_RESULTS=@@CHARACTER_SET_RESULTS */;
/*!40101 SET @OLD_COLLATION_CONNECTION=@@COLLATION_CONNECTION */;
/*!40101 SET NAMES utf8mb4 */;

--
-- Database: `web`
--

-- --------------------------------------------------------

--
-- 表的结构 `itcast_address`
--

DROP TABLE IF EXISTS `itcast_address`;
CREATE TABLE IF NOT EXISTS `itcast_address` (
  `aid` int(10) UNSIGNED NOT NULL AUTO_INCREMENT COMMENT '收货信息主键',
  `mid` int(10) UNSIGNED DEFAULT NULL COMMENT '用户ID',
  `consignee` varchar(20) DEFAULT NULL COMMENT '收货人姓名',
  `phone` varchar(11) DEFAULT NULL COMMENT '电话号码',
  `postcode` varchar(6) DEFAULT NULL COMMENT '邮政编码',
  `address` varchar(255) DEFAULT NULL COMMENT '收货地址',
  `freight` int(10) DEFAULT NULL COMMENT '运费',
  PRIMARY KEY (`aid`)
) ENGINE=MyISAM AUTO_INCREMENT=10 DEFAULT CHARSET=utf8;

--
-- 转存表中的数据 `itcast_address`
--

INSERT INTO `itcast_address` (`aid`, `mid`, `consignee`, `phone`, `postcode`, `address`, `freight`) VALUES
(1, 2, '刘元', '11111111111', '330022', '江西师范大学瑶湖校区', 20),
(2, 1, 'Marcus', '22222222222', '274500', '山东省菏泽市东明县', 10),
(6, 6, '李四', '12345678901', '330022', '江西师范大学瑶湖校区', 15),
(4, 4, '333333', '11111111111', '333333', '333333333', 13),
(5, 5, 'dasfg', 'gasdg', 'gased', 'dasgf', 11),
(7, 7, '杨总', '13155837918', '330022', '江西省南昌市江西师范大学瑶湖校区', 12),
(8, 10, '张三', '12345678901', '222222', '江西师范大学瑶湖校区', 11);

-- --------------------------------------------------------

--
-- 表的结构 `itcast_category`
--

DROP TABLE IF EXISTS `itcast_category`;
CREATE TABLE IF NOT EXISTS `itcast_category` (
  `cid` int(11) UNSIGNED NOT NULL AUTO_INCREMENT COMMENT '主键ID，自动增长',
  `cname` varchar(20) DEFAULT NULL COMMENT '商品分类名称',
  `pcname` varchar(20) DEFAULT NULL COMMENT '父类分类名称',
  PRIMARY KEY (`cid`) USING BTREE
) ENGINE=MyISAM AUTO_INCREMENT=20 DEFAULT CHARSET=utf8 ROW_FORMAT=DYNAMIC;

--
-- 转存表中的数据 `itcast_category`
--

INSERT INTO `itcast_category` (`cid`, `cname`, `pcname`) VALUES
(1, '电脑整机', '电脑/办公'),
(2, '电脑配件', '电脑/办公'),
(3, '电脑外设', '电脑/办公'),
(4, '办公设备', '电脑/办公'),
(5, '手机', '手机'),
(6, '手机配件', '手机'),
(7, '单反', '摄影摄像'),
(8, '微单', '摄影摄像'),
(9, '摄像机', '摄影摄像'),
(10, '数码相机', '摄影摄像'),
(11, '耳机，耳麦', '影音娱乐'),
(12, '音箱音响', '影音娱乐'),
(13, '麦克风', '影音娱乐'),
(14, '智能手环', '智能设备'),
(15, '智能眼镜', '智能设备'),
(16, '智能机器人', '智能设备');

-- --------------------------------------------------------

--
-- 表的结构 `itcast_discountgoods`
--

DROP TABLE IF EXISTS `itcast_discountgoods`;
CREATE TABLE IF NOT EXISTS `itcast_discountgoods` (
  `dgid` int(10) UNSIGNED NOT NULL COMMENT '打折商品ID',
  `gid` varchar(255) DEFAULT NULL COMMENT '商品ID',
  `discount` int(10) UNSIGNED DEFAULT NULL COMMENT '折扣',
  PRIMARY KEY (`dgid`)
) ENGINE=MyISAM DEFAULT CHARSET=utf8;

--
-- 转存表中的数据 `itcast_discountgoods`
--

INSERT INTO `itcast_discountgoods` (`dgid`, `gid`, `discount`) VALUES
(1, '16109378213', 80),
(2, '538033221802', 5),
(3, '40103622275', 10),
(4, '568470071533', 20),
(5, '534684822330', 11),
(6, '549349181749', 5),
(7, '567594121010', 12),
(8, '568443800643', 30),
(9, '568443800643', 7),
(10, '525152104294', 7),
(11, '552715776725', 15),
(12, '569983891125', 25),
(13, '569148782548', 5),
(14, '570285956601', 30),
(15, '562390304003', 20);

-- --------------------------------------------------------

--
-- 表的结构 `itcast_goods`
--

DROP TABLE IF EXISTS `itcast_goods`;
CREATE TABLE IF NOT EXISTS `itcast_goods` (
  `gid` varchar(255) NOT NULL COMMENT '主键ID，自动增长',
  `gname` varchar(255) NOT NULL COMMENT '商品名称',
  `price` int(10) UNSIGNED NOT NULL COMMENT '商品价格',
  `thumb` varchar(255) NOT NULL COMMENT '商品图片路径',
  `status` enum('no','yes') NOT NULL COMMENT '是否上下架，上架为yes，否则为no',
  `description` text DEFAULT NULL COMMENT '商品描述',
  `stock` int(255) UNSIGNED DEFAULT NULL COMMENT '商品库存',
  `cid` int(10) UNSIGNED DEFAULT NULL COMMENT '商品分类ID',
  `sales` int(10) UNSIGNED NOT NULL COMMENT '商品销量',
  `turn` int(255) NOT NULL AUTO_INCREMENT COMMENT '顺序',
  PRIMARY KEY (`gid`) USING BTREE,
  UNIQUE KEY `turn` (`turn`) USING BTREE
) ENGINE=MyISAM AUTO_INCREMENT=6692 DEFAULT CHARSET=utf8 ROW_FORMAT=DYNAMIC;

--
-- 转存表中的数据 `itcast_goods`
--

INSERT INTO `itcast_goods` (`gid`, `gname`, `price`, `thumb`, `status`, `description`, `stock`, `cid`, `sales`, `turn`) VALUES
('45140873352', '陈子豪外设店宜博M639电竞机械鼠标电脑有线吃鸡游戏宏绝地求生', 110, 'computer/peripherals/45140873352', 'yes', '产品名称：E－3LUE/宜博M639++保修期:12个月++包装体积:133*72*40mm++品牌:E－3LUE/宜博++型号:M639++套餐类型:官方标配++毛重:138g++生产企业:宜博++颜色分类:银灰裂纹黑裂纹白钢铁侠版++工作方式:光电++接口类型:USB++按键数:6个++光学分辨率:4000dpi++是否支持人体工程学:支持++成色:全新++售后服务:全国联保', 80, 3, 109, 1),
('564383637562', '手机指扣环金属超薄创意个性配件手环扣指环扣戒指支架磁吸圆形黑', 10, 'phone/accessories/564383637562', 'yes', '品牌:EiiBan++适用场景:桌面++颜色分类:磁吸指环支架*中国红磁吸指环支架*经典黑磁吸指环支架*薄荷绿磁吸指环支架*可爱粉', 31, 6, 85, 2),
('538033221802', '诺西N1电脑耳机头戴式耳麦台式游戏绝地求生吃鸡电竞带麦话筒cf', 30, 'entertainment/headset/538033221802', 'no', '产品名称：诺西N1++保修期:12个月++套餐类型:官方标配++是否线控:否++灵敏度:112dB/mW++生产企业:东莞市北欧电子有限公司++适用音乐类型:ACG动漫游戏控类型++阻抗:32Ω++频响范围:20-20Hz++颜色分类:黑色升级版黑色升级版(3.5单插口)白色升级版黑色七彩光版黑色七彩光版(3.5单插口)白色七彩光版黑色不发光版++佩戴方式:头戴护耳式++耳机类型:有线++有无麦克风:带麦++耳机售后服务:全国联保++插头直径:3.5mm++耳机插头类型:直插型++耳机输出音源:PC电脑++缆线长度:2.2米++耳机类别:普通耳机++品牌:诺西++型号:N1', 23, 11, 38, 3),
('569077610477', '监控器高清套装家用摄像头手机远程无线wifi室外网络微型电池夜视', 369, 'photography/video camera/569077610477', 'no', '内存容量:16GB32GB++呈像颜色:彩色++品牌:VSUNBABA/威尚巴巴++型号:X5++智能类型:其他++质保年限:1年++焦距:2.8mm3.6mm4mm6mm8mm12mm16mm25mm60mm++焦段:广角++清晰度:1080p++感光面积:1/4英寸++同城服务:同城卖家送货上门++有效距离:0m(不含)-10m(不含)++镜头大小规格:2.8mm', 32, 9, 49, 4),
('556481871428', '手机指扣环金属超薄创意个性配件手环扣指环扣戒指支架磁吸陀螺黑', 26, 'phone/accessories/556481871428', 'yes', '品牌:BASEUS/倍思++适用场景:桌面++颜色分类:十辐款六辐款【两件9折收藏+收购优先发货】++货号:轮毂陀螺指环', 39, 6, 81, 5),
('561846222230', '蒸汽朋克机械键盘青轴黑轴台式电脑游戏电竞复古圆键miss外设店cf', 135, 'computer/peripherals/561846222230', 'no', '产品名称：银雕召唤师-朋克++保修期:12个月++包装体积:480*170*4++品牌:银雕++型号:召唤师-朋克++套餐类型:官方标配++是否机械键盘:机械键盘++毛重:895g±10g++生产企业:东莞市雷伽电子有限公司++颜色分类:白色【青轴】蓝光★朋克版黑色【青轴】混光★朋克版黑色【青轴】混光★电镀朋克版白色【青轴】蓝光★电镀朋克版++是否支持即插即用:支持++连接方式:有线++是否有多媒体功能键:有++接口类型:USB++是否支持人体工程学:支持++有无手托:无++成色:全新++售后服务:店铺三包', 70, 3, 55, 6),
('565569114301', 'Amoi/夏新K5全民k歌手机麦克风通用无线蓝牙话筒家用唱歌神器', 89, 'entertainment/microphone/565569114301', 'yes', '产品名称：Amoi/夏新K5++使用方式:支撑式++供电方式:可换电池++保修期:12个月++品牌:Amoi/夏新++型号:K5++有无线:无线++生产企业:深圳市海力士科技有限公司++颜色分类:玫瑰金【无线蓝牙k歌麦克风音响一体式】土豪金【无线蓝牙k歌麦克风音响一体式】苹果红【无线蓝牙k歌麦克风音响一体式】【玫瑰金】金属机身+音响一体式k歌麦克风+收纳包【土豪金】金属机身+音响一体式k歌麦克风+收纳包【苹果红】金属机身+音响一体式k歌麦克风+收纳包++麦克风类型:电容式++声道:2++适用对象:手机++指向特征:心型指向++套餐名称:官方标配', 72, 13, 50, 7),
('37991609003', 'ISKBM-800电容麦克风电脑手机k歌话筒主播声卡套装直播设备全套', 494, 'entertainment/microphone/37991609003', 'yes', '产品名称：ISKBM-800++使用方式:悬挂式++供电方式:外接供电++保修期:12个月++品牌:ISK++ISK型号:BM-800++有无线:有线++生产企业:isk++颜色分类:官方标配（银色）电源支架套餐北蓝鼠k30nano套餐A5套装MobileUMINIutrack套餐4nano套装6nano套餐（银色）官方标配++麦克风类型:电容式++声道:1++适用对象:游戏语音电脑直播专用录音专用ktv专用家用乐器++指向特征:心型指向', 88, 13, 31, 8),
('570257546236', '官方正品一加6OnePlus/一加A6000一加手机61加六手机旗舰店', 3298, 'phone/phone/570257546236', 'yes', '证书编号：2018011606062119++证书状态：有效++产品名称：TD-LTE数字移动电话机++3C规格型号：ONEPLUSA6000(电源适配器：DC0504B1GB;DC0504C1HK;DC050...++产品名称：OnePlus/一加A6000++CPU型号:骁龙845++型号:A6000++机身颜色:亮瓷黑墨岩黑幻影黑++运行内存RAM:6GB8GB++存储容量:6+64GB8+128GB8+256GB++网络模式:双卡双待', 68, 5, 63, 9),
('564043290135', 'Philips/飞利浦DLK38003直播设备全套全民K歌手机麦克风主播套装', 629, 'entertainment/microphone/564043290135', 'yes', '产品名称：Philips/飞利浦DLK38003++使用方式:手持++供电方式:内置锂电池++保修期:12个月++品牌:Philips/飞利浦++飞利浦型号:DLK38003++生产企业:沃科声（上海）商贸有限公司++颜色分类:湖水蓝钛金灰++麦克风类型:电容式++声道:2++适用对象:手机电脑直播专用家用++指向特征:心型指向++套餐名称:官方标配套餐一套餐二套餐三套餐四', 13, 13, 58, 10),
('565087458618', '【限时特惠250】360N6全面屏智能手机官方全新正品360n6pro360n7', 1099, 'phone/phone/565087458618', 'no', '证书编号：2017011606020237++证书状态：有效++产品名称：TD-LTE数字移动电话机++3C规格型号：1707-A01(智能充电器：QK-S005输出：5VDC3A/9VDC2A/12VDC...++产品名称：360N6++CPU型号:骁龙630++型号:N6++机身颜色:璀璨金琉璃蓝燧石黑++运行内存RAM:4GB6GB++存储容量:6+64GB4+64GB++网络模式:双卡双待', 52, 5, 41, 11),
('549180056848', '智能机器人早教机对话语音高科技玩具儿童男女孩子学习教育陪伴', 298, 'smart device/smart robot/549180056848', 'no', '证书编号：2015010805827249++证书状态：有效++申请人名称：深圳市九州游科技有限公司++制造商名称：深圳市九州游科技有限公司++产品名称：数码播放器++3C产品型号：A1，A2，A3，A5，A6，A7，A8，A9，A10，A20，A30，A50，A60，A70，A8...++3C规格型号：A1，A2，A3，A5，A6，A7，A8，A9，A10，A20，A30，A50，A60，A70，A8...++产地:中国大陆++品牌:智力快车++型号:R2++玩具类型:电玩具++货号:R2++适用年龄段:<14岁++颜色分类:白色128MB白色16G++适用年龄:2岁3岁4岁5岁6岁7岁8岁++套餐类型:【咨询客服再送大礼】++材质:塑料++是否有导购视频:有', 5, 16, 80, 12),
('17019553913', '京天i58400/GTX1050Ti吃鸡电脑主机台式机全套游戏组装机DIY整机', 3596, 'computer/whole machine/17019553913', 'no', '产品名称：京天华盛IntelB360i5-...++品牌:京天华盛++CPU系列:Intel/英特尔酷睿i5++CPU型号:i5-8400++主板结构:M-ATX++主板芯片组类型:IntelB360++显卡系列:GTX1050TI++显存容量:4GB++内存容量:8GB++硬盘类型:固态硬盘(SSD)++硬盘容量:配置三120GB240GB++电源功率:300W++电源80PLUS认证:不支持++散热方式:风冷++光驱类型:无光驱++生产企业:武汉京天网盟科技有限公司++保修期:36个月', 96, 1, 51, 13),
('567719962073', '机吸尘鼓风机办公设备家用清洁工具电脑复印机维修大功率吸吹风', 69, 'computer/office equipment/567719962073', 'no', '品牌:见描述++型号:20180414++颜色分类:升级强风款900W(送20件套)升级疾风款1000W(送20件套)升级狂风款1200W(送20件套)升级暴风款1800W(送26件套)普惠版吹风机活动款洁净吹风机', 26, 4, 13, 14),
('546357480570', '小米米家智能摄像机1080P云台版360度监控摄像头夜视无线家用wifi', 179, 'photography/video camera/546357480570', 'no', '保修期:12个月++兼容平台:ANDROIDMIUIiOS百度云OS阿里巴巴云OS++品牌:Xiaomi/小米++型号:智能摄像机++生产企业:北京小米科技有限责任公司++颜色分类:1080P云台版（送礼包）1080P云台版+5米延长线（送魔术贴）1080P云台版+3米延长线+读卡器+魔术贴1080P云台版+闪迪8G卡+读卡器1080P云台版+闪迪16G卡+读卡器1080P云台版+闪迪32G卡+读卡器720P云台版（标配无赠品）720P云台版+3米延长线+读卡器+魔术贴720云台版+5米延长线（送魔术贴）720P云台版+闪迪8G卡+读卡器720P云台版+闪迪16G卡+读卡器720云台版+闪迪32G卡+读卡器', 92, 9, 72, 15),
('541457948005', '全新原装佳能EOS750D18-55mm套机入门单反数码相机高清', 2828, 'photography/SLR/541457948005', 'no', '产品名称:Canon/佳能EOS750D套机（EF-S18-55mm）++接口类型:佳能口++单反级别:入门级++是否支持机身防抖:机身不防抖++屏幕尺寸:3英寸++像素:2426万++储存介质:SD卡++成色:全新++电池类型:锂电池++售后服务:全国联保++颜色分类:国行750D{18-55STM}国行750D{18-135STM}国行750D{腾龙18-200VC}国行750D{50mm1.8STM}国行750D{18-55+55-250}港版750D{18-55STM}港版750D{18-135STM}港版750D{腾龙18-200VC}港版750D{50mm1.8STM}港版750D{18-55+55-250}国行750D单机港版750D单机++套餐:官方标配套餐一套餐二套餐三套餐四套餐五套餐六套餐七套餐八++单反画幅:APS-C画幅++感光元件类型:CMOS++对焦点数:19点++重量:501g(含)-600g(含)++取景器类型:光学取景器++是否支持外接闪光灯:支持++是否支持机身除尘:支持++是否支持机身马达:不支持++传感器尺寸:22.3mmx14.9mm++品牌:Canon/佳能++佳能单反系列:EOS750D套机（EF-S18-55mm）', 100, 7, 70, 16),
('38250569736', '现代办公用品设备XD-A三孔打孔机打洞机人事档案装订机', 395, 'computer/office equipment/38250569736', 'no', '装订机品牌:现代++型号:XD-A', 26, 4, 51, 17),
('559694348929', '手动装订机装机装订办公耗材设备切割切纸机手动手动装线装钉', 124, 'computer/office equipment/559694348929', 'yes', '装订机品牌:见描述++型号:手动I', 44, 4, 54, 18),
('568778524737', '【现货】OculusGo小米VR一体机虚拟现实眼镜设备rift苹果安卓', 1499, 'smart device/smart glasses/568778524737', 'yes', '上市时间:2018-5-2++兼容平台:ANDROIDMIUIiOS++品牌:OCULUS++芯片品牌:高通++颜色分类:美版原封现货/32G美版原封现货/64G国行预定金32G/多退少补国行预定金64G/多退少补国行现货当天发/32G国行现货当天发/64G', 77, 15, 74, 19),
('557792514690', '布鲁蒂智能手环女测心率多功能蓝牙记计步器安卓苹果防水运动手表', 179, 'smart device/smart bracelet/557792514690', 'yes', '上市时间:2017-12-01++保修期:12个月++兼容平台:ANDROIDiOS++功能:心率监测智能提醒睡眠监测社交娱乐计步遥控自拍防水++品牌:BELUTTI/布鲁蒂++型号:M4++生产企业:深圳杰华科技发展有限公司++颜色分类:黑金玫红色黑色金色玫瑰金++适用对象:android平台苹果iOS平台++无线距离:5m(含)-10m(含)', 79, 14, 60, 20),
('539548285945', 'Sony/索尼ILCE-7M2K(28-70)蚂蚁摄影数码相机全画幅微单a7m2k', 12719, 'photography/video camera/539548285945', 'no', '产品名称：Sony/索尼ILCE-7M2K套机...++品牌:Sony/索尼++像素:2430万++感光元件类型:CMOS', 6, 9, 93, 21),
('569920532395', '新品【现货将到】Xiaomi/小米小米8SE纪念探索版8plus手机7mix2s', 2699, 'phone/phone/569920532395', 'no', '', 51, 5, 28, 22),
('562579001332', '朋克机械手感键盘蒸汽复古有线圆键吃鸡专用游戏电脑徐老师外设店', 49, 'computer/peripherals/562579001332', 'no', '产品名称：Technology/新盟K70++保修期:12个月++品牌:Technology/新盟++型号:K70++套餐类型:官方标配++是否机械键盘:非机械键盘++生产企业:深圳市福彩鑫电子有限公司++颜色分类:银白色【冰蓝光】灰黑色【橙黄光】银白色冰蓝光【苹果版】灰黑色白光【苹果版】灰黑色白光【复古版】灰黑色橙黄光【复古版】银白色冰蓝光【复古版】灰黑色混光【苹果版】银白色混光【苹果版】++是否支持即插即用:支持++连接方式:有线++是否有多媒体功能键:有++接口类型:USB++是否支持人体工程学:支持++成色:全新', 50, 3, 16, 23),
('565013941664', 'Canon/佳能EOS70D单机18-135套机高清中端单反旅行照相机80D', 3388, 'photography/SLR/565013941664', 'no', '产品名称:Canon/佳能EOS70D套机(18-135mm)++传输类型:其他/other++接口类型:佳能口++单反级别:中级++是否支持机身防抖:机身不防抖++屏幕尺寸:3英寸++像素:2020万++储存介质:SD卡++成色:全新++电池类型:锂电池++售后服务:店铺三包++颜色分类:70D港货单机不带镜头70D18-55stm日常拍摄70D501.8定焦镜头70D18-135stm中长焦镜头70D18-200IS佳能中长镜头70D18-200VC腾龙中长焦镜头70D(75-300/18-55)双镜头70D(501.8/18-55)双镜头70D501.4定焦人像镜头80D港货单机不带镜头80D18-55stm日常拍摄80D501.8定焦人像镜头80D18-135USM中长焦镜头80D18-200IS佳能中长镜头80D18-200VC腾龙中长焦镜头80D501.4USM定焦人像镜头支持置换详询客服++套餐:官方标配套餐一套餐二套餐三套餐四套餐五套餐六套餐七套餐八++单反画幅:APS-C画幅++感光元件类型:CMOS++对焦点数:19点++重量:601g(含)-700g(含)++取景器类型:光学取景器++是否支持外接闪光灯:支持++是否支持机身除尘:支持++是否支持机身马达:不支持++反光装置:五棱镜++传感器尺寸:22.5mmx15.0mm++品牌:Canon/佳能++佳能单反系列:EOS70D套机(18-135mm)', 20, 7, 58, 24),
('39283653441', 'PLUFYL7插卡跑步运动无线蓝牙耳机头戴挂耳式健身双耳耳麦通用', 96, 'entertainment/headset/39283653441', 'yes', '产品名称：PLUFYL7++使用方式:头戴式++保修期:12个月++品牌:PLUFY++型号:L7++套餐类型:官方标配++是否单双耳:双边立体声++生产企业:惠州市仲恺高新区广达厂++蓝牙版本:4.0++颜色分类:插卡版皮纹耳罩黑绿色（20个小时）插卡版皮纹耳罩黑色（20个小时）插卡版皮纹耳罩白色（20个小时）插卡版皮纹耳罩白绿色（20小时）插卡版皮纹耳罩白蓝色（20小时）插卡版皮纹耳罩金色（20个小时）插卡版皮纹耳罩红色（20个小时）黑绿色插卡版（皮纹耳罩）插卡版皮纹耳罩黑色插卡版皮纹耳罩白色黑绿色土豪版（皮纹耳罩）pu土豪版黑色土豪版白色插卡版蓝色++传输半径:10m++声道:2++功能:语音控制', 83, 11, 74, 25),
('565394672913', 'Canon/佳能5D35D4MarkIII单机身24-105镜头全画幅单反照相机', 10588, 'photography/SLR/565394672913', 'no', '产品名称:Canon/佳能5DMarkIII单机++传输类型:其他/other++接口类型:佳能口++单反级别:高级++是否支持机身防抖:机身不防抖++屏幕尺寸:3.2英寸++像素:2230万++储存介质:CF卡SD卡++成色:全新++电池类型:锂电池++售后服务:店铺三包++颜色分类:5DIII单机四码合一5DIII+24-105F4USM）5DIII+(24-702.8L)5DIII+(501.4)5DIII+(24-704L)5DIII+（24-1054LII代）支持置换，详询客服5DIII+（16-352.8LII代）5DIII+（70-2002.8LII代）5D4单机四码合一5D4+(24-105USMI代)5D4+(24-702.8L)5D4+(501.4USM)5D4+（24-704L）5D4+(24-105USMII代)5D4+(70-2002.8L)5D4+（16-352.8L）++套餐:官方标配套餐一套餐二套餐三套餐四套餐五套餐六套餐七套餐八++单反画幅:全画幅++感光元件类型:CMOS++对焦点数:61点++重量:801g(含)-900g(含)++取景器类型:光学取景器++是否支持外接闪光灯:支持++是否支持机身除尘:支持++是否支持机身马达:不支持++反光装置:五棱镜++传感器尺寸:36mmx24mm++品牌:Canon/佳能++佳能单反系列:EOS5DMarkIII++5DMarkIII型号:5DMarkIII单机', 19, 7, 25, 26),
('554818365488', '诺必行M8隐形蓝牙耳机无线迷你超小挂耳式运动型开车入耳塞微型头戴式超长待机vivo苹果oppo可接听电话手机', 40, 'entertainment/headset/554818365488', 'yes', '产品名称：诺必行M8++传输半径:10m++使用方式:入耳式++保修期:12个月++品牌:诺必行++型号:M8++套餐类型:官方标配++待机时间:5天++是否单双耳:单边免提++生产企业:深圳市龙岗区南湾美声达电子厂++蓝牙版本:4.1++颜色分类:酷炫黑/标准版【终身包换新+大礼包】嫩肤色/标准版【终身包换新+大礼包】珠光白/标准版【终身包换新+大礼包】玫瑰金/标准版【终身包换新+大礼包】酷炫黑/升级版【1200毫安充电仓+终身换新】嫩肤色/升级版【1200毫安充电仓+终身换新】珠光白/升级版【1200毫安充电仓+终身换新】玫瑰金/升级版【1200毫安充电仓+终身换新】酷炫黑-豪华版【2200毫安充电仓+应急充电+终身换新】嫩肤色-豪华版【2200毫安充电仓+应急充电+终身换新】珠光白-豪华版【2200毫安充电仓+应急充电+终身换新】玫瑰金-豪华版【2200毫安充电仓+应急充电+终身换新】++传输半径:10m++声道:1++功能:支持音乐++防水性能:IPX5++防尘性能:IP5X++耳机与播放设备连接方式:蓝牙连接', 25, 11, 12, 27),
('550974423716', '魅声T8-5手机声卡套装电脑直播设备全套主播全民k歌麦克风话筒', 778, 'entertainment/microphone/550974423716', 'no', '产品名称：魅声T8-5++使用方式:悬挂式++供电方式:外接供电++保修期:36个月++品牌:魅声++型号:T8-5++有无线:有线++生产企业:深圳魅声电子科技有限公司++颜色分类:黑色蓝色++麦克风类型:电容式++声道:2++适用对象:电脑++指向特征:心型指向++套餐名称:官方标配', 60, 13, 86, 28),
('563776726172', '会跳舞的机器人智能玩具儿童对话高科技早教遥控机器人电动男孩', 138, 'smart device/smart robot/563776726172', 'no', '证书编号：2017152202018916++证书状态：有效++产品名称：产品类别：电动玩具++3C规格型号：遥控智能机器人：K1、K2、K3、K4、K5、K6、K7、K8、K9、K10、K11、K12、K13...++产地:中国大陆++品牌:JJR／C++型号:遥控智能机器人++玩具类型:电玩具++货号:K3++适用年龄段:<14岁++遥控方式:手柄++颜色分类:【触摸+理财小故事+唱歌跳舞+智能编程】红【触摸+理财小故事+唱歌跳舞+智能编程】白【太阳能充电+手势感应+唱歌跳舞+智能编程】蓝【太阳能充电+手势感应+唱歌跳舞+智能编程】粉++适用年龄:3岁4岁5岁6岁7岁8岁9岁10岁11岁12岁++套餐类型:【1充电电池+遥控电池+螺丝刀】++材质:塑料++是否有导购视频:有++是否含遥控:含', 73, 16, 52, 29),
('564543426912', '首望L6X蓝牙耳机头戴式无线游戏耳麦电脑手机通用插卡音乐重低音', 60, 'entertainment/headset/564543426912', 'yes', '产品名称：首望L6X++保修期:12个月++兼容平台:ANDROIDWindowsPhoneiOS++套餐类型:官方标配++是否线控:否++灵敏度:108dB/mW++生产企业:惠州市乐度电子有限公司++适用音乐类型:人声女声流行风类型++阻抗:32Ω++频响范围:20-20000Hz++颜色分类:黑红色黑蓝色纯白色纯黑色++佩戴方式:头戴护耳式++耳机类型:无线++有无麦克风:带麦++耳机售后服务:全国联保++插头直径:3.5mm++耳机插头类型:蓝牙++耳机输出音源:随身视听++缆线长度:1米++耳机类别:游戏耳机HIFI耳机运动耳机++品牌:首望++型号:L6X', 92, 11, 84, 30),
('39544426765', '先锋8路电话录音卡XF-PCI/R8办公座机固话录音设备系统通话记录', 900, 'computer/office equipment/39544426765', 'yes', '证书编号：2018011603038550++证书状态：有效++产品名称：嵌入式电话录音设备++3C规格型号：U3018S,VAA-DLU32,VAA-GAU32,VAA-GJU32,VAA-JRU32,VAA...++品牌:VAA++型号:VAA-JR8++生产企业:东莞市优贴电子有限公司', 53, 4, 77, 31),
('543495940105', 'Sony/索尼ILCE-A6000L套机蚂蚁摄影WIFI微单数码相机高清单电', 3499, 'photography/micro-camera/543495940105', 'no', '产品名称：Sony/索尼ILCE-6000L套...++品牌:Sony/索尼++像素:2430万++传感器尺寸:23.5mmx15.6mm++感光元件类型:ExmorAPSHDCMOS++存储类型:MS卡SD卡++闪光灯及附件类型:内置闪光灯++快门类型:电子快门', 23, 8, 29, 32),
('559353641327', 'GoProHERO6BLACK高清水下运动相机4k摄像机gopro6潜水数码防水', 3198, 'photography/video camera/559353641327', 'no', '品牌:GoPro++型号:HERO6BLACK++存储介质:硬盘++数码像素:600万以上++成色:全新++颜色分类:国行GOPRO6BLACK(标配送豪礼)国行GOPRO6BLACK云台套装六国行GOPRO6BLACK国行GOPRO6全景套装++自带容量:其他/other++感光元件:CMOS++屏幕尺寸:2++售后服务:店铺三包++套餐类型:官方标配套餐一套餐二套餐三套餐四套餐五++传感器尺寸:2/3英寸++防抖性能:电子防抖++是否触摸屏:触摸屏++是否支持夜摄功能:支持++重量:100g及以下++适用场景:家用++摄像机类型:4K摄像机++附加功能:支持WIFI', 87, 9, 36, 33),
('551607346876', 'Kingston/金士顿CloudRevolverS黑鹰头戴式耳麦吃鸡游戏耳机', 1029, 'entertainment/headset/551607346876', 'yes', '产品名称：Kingston/金士顿CloudR...++保修期:24个月++兼容平台:ANDROIDWindowsPhoneiOS++套餐类型:官方标配++是否线控:是++灵敏度:40dB/mW++生产企业:金士顿科技公司++适用音乐类型:摇滚金属重低音类型++阻抗:30Ω++频响范围:12-28000Hz++颜色分类:黑鹰s+耳机架++佩戴方式:头戴护耳式++耳机类型:有线++有无麦克风:带麦++耳机售后服务:全国联保++插头直径:3.5mm++耳机插头类型:直插型++耳机输出音源:其他++缆线长度:1m+2m++耳机类别:游戏耳机++品牌:Kingston/金士顿++型号:CloudRevolverS', 33, 11, 87, 34),
('552790747476', '金士顿HYPERXCloudRevolverS黑鹰S电竞游戏耳机7.1吃鸡耳麦', 898, 'entertainment/headset/552790747476', 'no', '产品名称：HYPERXCloudRevolverS++保修期:24个月++兼容平台:ANDROIDWindowsPhoneiOS++套餐类型:官方标配++是否线控:是++灵敏度:40dB/mW++生产企业:金士顿科技公司++适用音乐类型:摇滚金属重低音类型++阻抗:30Ω++频响范围:12-28000Hz++颜色分类:黑鹰升级版银色黑鹰S+铝制耳机架黑鹰s+实木耳机架黑鹰S+亚克力耳机架黑鹰+亚克力耳机架黑鹰+实木耳机架黑鹰+铝制耳机架Revolver黑鹰银色++佩戴方式:头戴护耳式++耳机类型:有线++有无麦克风:带麦++耳机售后服务:全国联保++插头直径:3.5mm++耳机插头类型:直插型++耳机输出音源:其他++缆线长度:1m+2m++耳机类别:游戏耳机普通耳机++品牌:HYPERX++型号:CloudRevolverS', 54, 11, 44, 35),
('568537902308', 'Lenovo/联想小新麦克风-星空黑机话筒k歌麦克风', 268, 'entertainment/microphone/568537902308', 'no', '产品名称：Lenovo/联想小新麦克风-...++使用方式:手持++供电方式:内置锂电池++保修期:12个月++品牌:Lenovo/联想++型号:小新麦克风-星空黑++生产企业:联想++颜色分类:星空黑++麦克风类型:手机K歌麦克风直播专用麦克风KTV/演出专用麦克风++声道:2++适用对象:手机电脑直播专用录音专用ktv专用其他/other++套餐名称:官方标配', 55, 13, 1, 36),
('551334597273', 'Polaroid/宝丽来SNAPTOUCH数码拍立得相机一次成像打印机触摸屏', 1399, 'photography/digital camera/551334597273', 'yes', '产品名称：Polaroid/宝丽来SNAPTOU...++保修期:12个月++品牌:Polaroid/宝丽来++型号:SNAPTOUCH++套餐类型:官方标配套餐一套餐二套餐三套餐四套餐五++生产企业:C&AMarketing，Inc++颜色分类:粉色白色红色紫色蓝色黑色++有无闪光灯:有++相纸尺寸:3寸++图像尺寸:3寸', 89, 10, 93, 37),
('540618911307', '狼途金属机械手感游戏键盘有线台式电脑笔记本外接吃鸡miss外设店', 40, 'computer/peripherals/540618911307', 'yes', '产品名称：狼途小钢炮V1++保修期:12个月++包装体积:436*140*22mm++品牌:狼途++型号:小钢炮V1++套餐类型:官方标配++是否机械键盘:非机械键盘++毛重:820g±10++生产企业:深圳市跬步电子有限公司++颜色分类:钨金黑（黄光双色注塑键帽）升级版钨金白（混光双色注塑键帽）升级版钨金白（蓝光双色注塑键帽）升级版钨金黑（混光双色注塑键帽）升级版钨金白（白光双色注塑键帽）升级版钨金黑（15种光效双色注塑键帽）尊享版钨金白（15种光效双色注塑键帽）尊享版钨金黑（混光镭雕键帽）经典版钨金白（混光镭雕键帽）经典版++是否支持即插即用:支持++连接方式:有线++是否有多媒体功能键:有++接口类型:USB++是否支持人体工程学:支持++有无手托:无++成色:全新++售后服务:全国联保', 3, 3, 25, 38),
('562247184922', 'RVAPUUSBHUB/转换器一拖多电脑周边配件4口分线器飞机形状小巧', 39, 'computer/accessories/562247184922', 'no', '品牌:RVAPU++接口性质:USB扩展HUB++生产企业:深圳市拓腾达科技有限公司++长度:1m++颜色分类:冰川白北欧粉深海蓝++是否外接电源:无外接电源++货号:RP168', 100, 2, 47, 39),
('568838853177', '正品荣事达好帅二蛋机器人高科技智能语音对话早教机儿童学习机', 1699, 'smart device/smart robot/568838853177', 'yes', '兼容平台:ANDROIDiOS++品牌:HOST/好帅++型号:Q6++尺寸:12x12x17cm++材质:塑料++颜色分类:白色', 29, 16, 3, 40),
('565868384225', '科势Q8无线运动蓝牙耳机跑步双耳塞式挂耳式颈挂入耳挂脖式通用头戴迷你超小手机微型隐形开车苹果通用篮牙', 158, 'entertainment/headset/565868384225', 'yes', '产品名称：科势Q8++传输半径:10m++使用方式:耳塞式++保修期:12个月++品牌:科势++型号:Q8++套餐类型:官方标配++待机时间:15天++是否单双耳:双边立体声++生产企业:深圳市深欧煌贸易有限公司++蓝牙版本:4.1++颜色分类:红色黑色蓝色++传输半径:10m++声道:2++功能:支持音乐++防水性能:IPX5++耳机与播放设备连接方式:蓝牙连接', 65, 11, 82, 41),
('537501013887', 'Ordro/欧达Z20摄像机高清数码专业家用dv机摄录婚庆机麦克风wifi', 799, 'photography/video camera/537501013887', 'no', '产品名称：Ordro/欧达Z20++品牌:Ordro/欧达++型号:Z20++存储介质:闪存式DV++数码像素:800万以上++感光元件:CMOS++屏幕尺寸:3++传感器尺寸:1/3英寸++防抖性能:电子防抖++是否触摸屏:触摸屏++是否支持夜摄功能:不支持++静态有效像素:2400万++动态有效像素:800万++接口类型:HDMIUSB耳机接口++电池类型:锂电池', 89, 9, 45, 42),
('553280166140', '联想小新潮7000外壳膜5000笔记本贴纸电脑保护膜14寸全套配件-13', 30, 'computer/accessories/553280166140', 'no', '品牌:Yadi/水之镜++炫彩贴颜色:透明三件套透明四件套透明六件套银色三件套银色四件套银色六件套香槟金三件套香槟金四件套香槟金六件套玫瑰金三件套玫瑰金四件套玫瑰金六件套星光磨砂三件套星光磨砂四件套星光磨砂六件套深空灰三件套深空灰四件套深空灰六件套中国红三件套中国红四件套中国红六件套++生产企业:深圳市百润祥电子有限公司++风格:卡通', 100, 2, 42, 43),
('567907463863', '新科V21全民K歌神器无线蓝牙麦克风苹果安卓手机通用家用电视唱歌话筒自带音响一体电脑全名K歌家庭掌上KTV', 199, 'entertainment/microphone/567907463863', 'yes', '产品名称：Shinco/新科V21++上市时间:2018-4-12++使用方式:手持++供电方式:内置锂电池++保修期:12个月++品牌:Shinco/新科++型号:V21++有无线:无线++生产企业:广州市尊浪电器有限公司++颜色分类:香槟金玫瑰金宇宙灰++麦克风类型:手机K歌麦克风++声道:2++适用对象:手机电脑录音专用家用其他/other++指向特征:心型指向++喇叭单元:双喇叭++套餐名称:官方标配', 61, 13, 94, 44),
('570926803022', '办公设备光敏印章机自动曝光激光电脑刻字雕刻刻印机曝光机通用', 812, 'computer/office equipment/570926803022', 'no', '品牌:见描述++型号:64115++最大进纸宽度:0.4m以下++最大刻刀压力:800g++最大刻绘宽度:0.4m以下++最快刻绘速度:1500mm/s以上', 93, 4, 42, 45),
('546446525382', 'macbook苹果air保护壳pro笔记本13寸13.3电脑15配件外壳mac全套12', 55, 'computer/accessories/546446525382', 'yes', '品牌:YALEBOS++炫彩贴颜色:（收藏加购物车）拍下送纳米键盘保护膜亲们请点图核对型号，，，，以免拍错。。Air13.3寸（隐魅黑）Air13.3寸（透明滢）Air13.3寸（蜜桃粉）Air13.3寸（薄荷绿）新款Pro13.3寸（隐魅黑）新款Pro13.3寸（透明滢）新款Pro13.3寸（薄荷绿）新款Pro13.3寸（蜜桃粉）新款Pro15.4寸（隐魅黑）新款Pro15.4寸（透明滢）新款Pro15.4寸（薄荷绿）新款Pro15.4寸（蜜桃粉）ProRetina13.3寸（隐魅黑）ProRetina13.3寸（透明滢）ProRetina13.3寸（蜜桃粉）ProRetina13.3寸（薄荷绿）++生产企业:中洲威克斯++风格:简约', 100, 2, 64, 46),
('549422107810', '新款Canon/佳能EOS77D18-135mm单反相机数码相机套机保证正品', 6398, 'photography/SLR/549422107810', 'yes', '产品名称：Canon/佳能EOS77D套机(...++是否支持机身除尘:支持++是否支持机身马达:不支持++传感器尺寸:22.3mmx14.9mm++品牌:Canon/佳能', 36, 7, 20, 47),
('565159337963', '挂钩配件指环实用扣子新款贴手机防摔扣环手指套环车载小支架', 5, 'phone/accessories/565159337963', 'yes', '品牌:见描述++适用场景:桌面++颜色分类:彩绘款-黑白猫咪*送挂钩镶钻款-玫瑰花彩绘款-时尚男孩*送挂钩镶钻款-蝴蝶结彩绘款-水墨荷花*送挂钩彩绘款-平安竹*送挂钩镶钻款-孔雀开屏彩绘款-幸福宝贝*送挂钩彩绘款-蒲公英*送挂钩经典款-银色彩绘款-爱心情侣*送挂钩镶钻款-傲娇孔雀彩绘款-不离不弃*送挂钩镶钻款-新款猫咪树脂款-金边棕色*送挂钩镶钻款-小蝴蝶树脂款-金边绿色*送挂钩镶钻款-米琪彩绘款-永不言弃*送挂钩镶钻款-猫咪经典款-金色镶钻款-爱神之箭小熊款-金色镶钻款-小粉兔++货号:手机指环支架扣', 24, 6, 87, 48),
('569760054866', '安卓苹果通用手机红外线发射器iphone6配件vivo万能空调遥控器头', 23, 'phone/accessories/569760054866', 'no', '品牌:USAMS/优胜仕++生产企业:深圳市优胜仕贸易有限公司++颜色分类:【白+黑】『距离远-易携带-易操控』空调专用亲~收藏加购再下单，可享极速发货，并送精美挂绳~【此项勿拍】++材质:亚克力++风格:简约++适用对象:3.5MM耳机插孔', 86, 6, 56, 49),
('568804420101', '无线蓝牙耳机头戴式手机电脑耳麦重低音游戏运动SoundIntoneP60', 118, 'entertainment/headset/568804420101', 'yes', '产品名称：SoundIntoneP60++上市时间:2018-2-1++保修期:12个月++兼容平台:ANDROIDWindowsPhoneiOS++套餐类型:官方标配++是否线控:耳机机身按键控制++灵敏度:105dB/mW++生产企业:深圳市品存数码科技有限公司++耳机发声原理:动圈++适用音乐类型:通用++阻抗:32Ω++频响范围:20-20000Hz++颜色分类:灰银色黑红色星空黑优雅白++佩戴方式:头戴护耳式++耳机类型:无线++有无麦克风:带麦++耳机售后服务:全国联保++插头直径:3.5mm++耳机插头类型:直插型++耳机输出音源:随身视听++缆线长度:1.5M++耳机类别:无线耳机游戏耳机真无线耳机HIFI耳机运动耳机++品牌:SoundIntone++型号:P60++防水性能:IPX5++功能:自适应降噪功能(AdaptiveNoiseCanceling)++防尘性能:IP3X++耳机左右腔体间连接方式:有线连接++耳机与播放设备连接方式:蓝牙连接', 90, 11, 48, 50),
('546091771164', '水滴手机指环支架华为手环支架苹果金属指环扣粘贴式通用创意配件', 19, 'phone/accessories/546091771164', 'no', '品牌:名彩++适用场景:桌面++颜色分类:玫瑰金(送挂钩)金色(送挂钩)银色(送挂钩)黑色(送挂钩)中国红(送挂钩)★注：买二送一买2件发3件(可搭配其他颜色)++货号:水滴支架', 73, 6, 40, 51),
('544529964522', '手机扣指环扣支架支撑架金属手环通用指扣环配件支驾指架环环指女', 16, 'phone/accessories/544529964522', 'yes', '品牌:QADOU/前度++生产企业:qadou++适用场景:桌面++颜色分类:水滴指环-玫瑰金-全店满2件9折水滴指环-土豪金-全店满2件9折水滴指环-贵族银-全店满2件9折水滴指环-神秘黑-全店满2件9折水滴指环-中国红-全店满2件9折++货号:水滴指环支架', 15, 6, 25, 52),
('548389558536', '先科无线广场舞音响音箱拉杆户外便携移动充电大功率播放器带话筒', 288, 'entertainment/speakers/548389558536', 'no', '保修期:12个月++品牌:SAST/先科++型号:A60++生产企业:广州奋威音响器材有限公司++颜色分类:12寸普通版【送U段话筒】12寸蓝牙版【送U段话筒】12寸蓝牙版【送U段话筒+U盘】12寸蓝牙版【送U段话筒+U段耳麦】12寸蓝牙版【送2支U段话筒】12寸蓝牙版【送2支U段话筒+U盘】12寸蓝牙版【送U段话筒+U段耳麦+U盘】12寸旗舰版【送U段话筒】12寸旗舰版【送2支U段话筒】12寸旗舰版【送U段耳麦+U段话筒】12寸旗舰版【送2支U段话筒+U盘】12寸旗舰版【送3只U段话筒】12寸旗舰版【送3只U段话筒+支架+U盘】15寸旗舰版【送2支U段话筒】15寸旗舰版【送2支U段话筒+U盘】15寸旗舰版【送U段话筒+U段耳麦+U盘】15寸旗舰版【送3支U段话筒】15寸旗舰版【送3支U段话筒+支架+U盘】++音箱类型:音箱套装', 4, 12, 24, 53),
('566284042208', 'sy外设店黑爵AK35I游戏机械键盘青轴黑轴绝地求生吃鸡有线电脑', 179, 'computer/peripherals/566284042208', 'no', '产品名称:Ajazz/黑爵AK35I++品牌:Ajazz/黑爵++型号:AK35I++套餐类型:官方标配++是否机械键盘:机械键盘++颜色分类:黑色-青轴-白光黑色-黑轴-白光黑色-黑轴-RBG黑色-黑轴-白光-绝地求生版++是否支持即插即用:支持++连接方式:有线++是否有多媒体功能键:有++接口类型:USB++是否支持人体工程学:支持++有无手托:无++售后服务:店铺三包', 19, 3, 40, 54),
('569400104616', '苹果电脑转换器MacBookPro配件USB转接头type-c扩展坞hdmi', 98, 'computer/accessories/569400104616', 'yes', '品牌:贝视特++接口性质:USB扩展HUB++生产企业:深圳市发光科技有限公司++长度:0m++颜色分类:深空灰【3个USB3.0+2个读卡器】5合1太空银【3个USB3.0+2个读卡器】5合1土豪金【3个USB3.0+2个读卡器】5合1玫瑰金【3个USB3.0+2个读卡器】5合1深空灰【2个USB3.0+2个读卡器+充电口】5合1太空银【2个USB3.0+2个读卡器+充电口】5合1土豪金【2个USB3.0+2个读卡器+充电口】5合1玫瑰金【2个USB3.0+2个读卡器+充电口】5合1深空灰【2个USB3.0+2个读卡器+充电口+数据口】6合1太空银【2个USB3.0+2个读卡器+充电口+数据口】6合1深空灰【HDMI+2个USB3.0+2个读卡器+充电口+数据口】7合1太空银【HDMI+2个USB3.0+2个读卡器+充电口+数据口】7合1++是否外接电源:无外接电源++货号:BC25', 100, 2, 64, 55),
('567646091134', '麦咭智能学习机器人互动英语对话高科技儿童家庭教育麦吉金鹰卡通', 749, 'smart device/smart robot/567646091134', 'yes', '保修期:12个月++兼容平台:ANDROIDiOS++品牌:麦咭++型号:MJ001++型号:MJ001++尺寸:14x14x23cm++材质:PVC++生产企业:福建麦凯智造婴童文化股份有限公司++颜色分类:送50g云端资源包+超值赠品套餐+专业技术指导', 23, 16, 88, 56),
('567565587340', 'Type-C扩展坞拓展hub华为MacBookPro苹果电脑转换器配件usb转接头', 85, 'computer/accessories/567565587340', 'yes', '品牌:SISAH/希思娅++接口性质:USB扩展HUB++颜色分类:第五代太空灰无充电接口第五代苹果银无充电接口第五代玫瑰金无充电接口第五代土豪金无充电接口第六代太空灰带充电接口第六代苹果银带充电接口第六代玫瑰金带充电接口第六代土豪金带充电接口第七代太空灰带充电接口第七代苹果银带充电接口第六代太空灰增强版第六代苹果银增强版第六代玫瑰金增强版第六代土豪金增强版++是否外接电源:无外接电源', 100, 2, 84, 57),
('569729358906', 'Canon/佳能EOS1500D套机单反相机入门级数码高清旅游家用照相机', 2355, 'photography/SLR/569729358906', 'yes', '传输类型:NFC传输++接口类型:佳能口++单反级别:入门级++是否支持机身防抖:机身不防抖++屏幕尺寸:3英寸及以上++像素:2410万++储存介质:SD卡++成色:全新++电池类型:锂电池++售后服务:全国联保++颜色分类:国行1500D单机不带镜头国行1500D18-55IIIS套机国行1500D501.8STM人像镜头国行1500D腾龙18-200返100国行1500D18-55+55-250STM国行1500D18-55镜头+501.8镜头国行1500D18-135USM镜头++套餐:官方标配套餐一套餐二套餐三套餐四套餐五套餐六套餐七套餐八++单反画幅:APS-C画幅++感光元件类型:CMOS++对焦点数:9点++重量:401g(含)-500g(含)++取景器类型:光学取景器++是否支持外接闪光灯:支持++是否支持机身除尘:支持++是否支持机身马达:不支持++反光装置:五面镜++传感器尺寸:22.3mmx14.9mm++品牌:Canon/佳能++佳能单反系列:EOS1500D套机（18-55mm）', 30, 7, 20, 58),
('569827245186', '无线摄像头WIFI手机远程摄像机家用高清夜视微型网络监控器套装', 168, 'photography/video camera/569827245186', 'no', '兼容平台:ANDROIDiOS++品牌:123++颜色分类:720P标清【无内存卡】超清1080P【不送内存卡】超清1080P【送16G内存卡】超清1080P【送32G内存卡】超清1080P+夜视【不送内存卡】超清1080P+夜视【送16内存卡】超清1080P+夜视【送32G内存卡】极致4K【不送内存卡】极致4K【送16G内存卡】极致4K【送32G内存卡】', 73, 9, 11, 59),
('567010906841', '现货分期Casio/卡西欧EX-TR750TR80自拍神器美颜数码相机tr自牌', 2499, 'photography/digital camera/567010906841', 'yes', '产品名称:Casio/卡西欧EX-TR750++上市时间:2017-02-02++传输类型:蓝牙传输++品牌:Casio/卡西欧++卡西欧型号:EX-TR750++感光元件类型:CMOS++传感器尺寸:1/1.7英寸++特殊功能:美颜、镜像反转、自拍定时器、一键视频、自拍艺术滤镜、自动传输++像素:1276万++光学变焦:定焦++成色:全新++显示屏尺寸:3.5英寸++电池类型:锂电池++售后服务:全国联保++颜色分类:TR750白色【店铺保修】TR750粉色【店铺保修】TR750黑色【店铺保修】TR750浅粉【店铺保修】TR750白色【国行联保+发票】TR750粉色【国行联保+发票】TR750黑色【国行联保+发票】TR750浅粉【国行联保+发票】TR750奇幻绿【国行联保+发票】TR750星空金【国行联保+发票】TR750浅蓝色【国行联保+发票】TR750蜜桃粉【国行联保+发票】TR750浅粉礼盒版【国行联保】TR750星空金礼盒版【国行联保】TR750浅蓝礼盒版【国行联保】TR750蜜桃粉礼盒版【国行联保】TR750奇幻绿礼盒版【国行联保】TR750浅蓝【店铺保修】TR750白色礼盒版【国行联保】TR750黑色礼盒版【国行联保】TR750粉色礼盒版【国行联保】TR700白色【国行联保+发票】TR700玫红【国行联保+发票】++套餐:官方标配套餐一套餐二套餐三++屏幕类型:旋转屏++有效像素:1000-1200万++防抖性能:电子防抖++高清摄像:全高清（1920x1080）++镜头类型:潜望式++适用场景:女性市场++重量:151g(含)-200g(含)', 57, 10, 20, 60),
('540030392565', 'Casio/卡西欧EX-TR600自牌自拍神器二手数码美颜相机迷你旅游', 750, 'photography/digital camera/540030392565', 'yes', '产品名称:Casio/卡西欧EX-TR600++品牌:Casio/卡西欧++卡西欧型号:EX-TR600++感光元件类型:CMOS++传感器尺寸:1/1.7英寸++特殊功能:光学防抖广角高清摄像触摸屏旋转液晶屏++像素:1276万++光学变焦:定焦++成色:9成新++显示屏尺寸:3英寸++电池类型:锂电池++售后服务:店铺三包++颜色分类:充新tr600白红金9.9新tr600白红金9.7新tr600白红金9.5新tr600白红金9.0新tr600白红金9.95509.75509.55509.05509.9350s9.7350s9.5350s9.0350s9.97509.77509.57507350s体验版9.95009.75009.55009.05009.93509.73509.5350++套餐:套餐一套餐二++屏幕类型:旋转屏++有效像素:1000-1200万++防抖性能:光学防抖++高清摄像:全高清（1920x1080）++镜头类型:潜望式++适用场景:女性市场++重量:101g(含)-150g(含)', 57, 10, 44, 61),
('37312214889', 'Nikon/尼康D5300入门单反相机18-55镜头d5300套机数码单反相机', 3399, 'photography/SLR/37312214889', 'no', '产品名称：Nikon/尼康D5300套机(1...++单反级别:入门级++屏幕尺寸:3.2寸++像素:2416万++储存介质:SD卡++电池类型:锂电池++单反画幅:APS-C画幅++感光元件类型:CMOS++对焦点数:39点++是否支持外接闪光灯:支持++是否支持机身除尘:支持++是否支持机身马达:不支持++传感器尺寸:23.5mmx15.6mm++品牌:Nikon/尼康++曝光模式:快门优先光圈优先手动曝光AE自动曝光++影像处理类型:EXPEED4', 57, 7, 3, 62),
('550441861146', '小米米家智能摄像机1080P云台版360度监控摄像头夜视无线家用wifi', 179, 'photography/video camera/550441861146', 'yes', '保修期:12个月++兼容平台:ANDROIDMIUIiOS阿里巴巴云OS++品牌:Xiaomi/小米++型号:米家智能摄像机云台版++生产企业:上海创米科技++颜色分类:标配720P标配720P+16G内存卡+读卡器标配720P+32G内存卡+读卡器标配720P+4.5米电源延长线+16G内存卡标配720P+4.5米电源延长线+32G内存卡标配1080P标配1080P+8G内存卡+读卡器标配1080P+16G内存卡+读卡器标配1080P+32G内存卡+读卡器标配1080P+64G内存卡+读卡器标配1080P+8G内存卡+读卡器+3米加长电源线标配1080P+16G内存卡+读卡器+3米加长电源线标配1080P+32G内存卡+读卡器+3米加长电源线标配1080P+64G内存卡+读卡器+3米加长电源线标配1080P+4.5米电源延长线标配1080P+4.5米电源延长线+8G内存卡标配1080P+4.5米电源延长线+16G内存卡标配1080P+4.5米电源延长线+32G内存卡标配1080P+4.5米电源延长线+64G内存卡标配1080P+32G卡+乐心智能手环', 1, 9, 63, 63),
('569091420660', '万宝泽微型摄像头无线wifi远程鱼眼家用高清夜视手机迷你监控器', 329, 'photography/video camera/569091420660', 'yes', '内存容量:16GB32GB64GB8GB无++呈像颜色:彩色++品牌:Marlboze/万宝泽++型号:MINI-9++智能类型:其他++质保年限:3年++焦距:2.8mm++焦段:广角++清晰度:720p1080p++感光面积:1/4英寸++同城服务:同城物流送货上门++有效距离:0m(不含)-10m(不含)++镜头大小规格:2.8mm', 98, 9, 98, 64),
('568510089939', '小米6X现货当天发]Xiaomi/小米6X手机新全面屏官网方旗舰店7正品8', 1599, 'phone/phone/568510089939', 'yes', '证书编号：2017011606004154++证书状态：有效++产品名称：TD-LTE数字移动电话机++3C规格型号：MCE3B（电源适配器：MDY-08-ET输出：5VDC1.0A）++产品名称：Xiaomi/小米6X++型号:6X++机身颜色:流沙金曜石黑赤焰红樱花粉冰川蓝++运行内存RAM:4GB6GB++存储容量:4+64GB6+64GB6+128GB++网络模式:双卡双待', 33, 5, 96, 65),
('559361088330', 'Canon/佳能EOS200D18-55入门级单反照相机白色数码高清旅游', 2898, 'photography/SLR/559361088330', 'no', '产品名称:Canon/佳能EOS200D套机(18-55mm)++接口类型:佳能口++单反级别:入门级++是否支持机身防抖:机身不防抖++屏幕尺寸:3英寸++像素:2410万++储存介质:SD卡++成色:全新++电池类型:锂电池++售后服务:全国联保++颜色分类:港版单机不带镜头带配件港版黑200D+18-55Ⅲ家用镜头港版黑200D+50/1.8人像镜头港版黑200D+18-55STM镜头港版黑200D+腾龙18-200镜头港版黑200D+18-135STM镜头港版黑18-55、55-250双镜头港版黑18-55、50/1.8STM双头日版白X9+18-55STM镜头日版白X9+40mmF2.8镜头日版白X9+18-55/40mm双头港版银200D+18-55STM镜头港版银200D+18-55/40mm双头港版银200D+腾龙18-200VC镜头国行白200D+18-55STM套机国行白200D+18-55/40mm双头国行黑200D+18-55STM套机国行黑200D+腾龙18-200镜头国行黑+18-55、55-250双镜头国行黑+18-55、50/1.8双镜头++套餐:官方标配套餐一套餐二套餐三套餐四套餐五套餐六套餐七套餐八++单反画幅:APS-C画幅++感光元件类型:CMOS++对焦点数:9点++重量:401g(含)-500g(含)++取景器类型:光学取景器++是否支持外接闪光灯:支持++是否支持机身除尘:支持++是否支持机身马达:不支持++反光装置:五面镜++传感器尺寸:22.3mmx14.9mm++品牌:Canon/佳能++佳能单反系列:EOS200D套机(18-55mm)', 68, 7, 11, 66),
('568729280430', '海尚精品拆装套色薄边文件柜高档办公设备窄边玻璃资料档案凭证柜', 398, 'computer/office equipment/568729280430', 'yes', '厚度:0.8mm++品牌:海尚++型号:HS-101++颜色分类:760矮柜925下节矮柜1090下节矮柜通文件柜移门矮柜中二斗器械柜大器械柜等器柜通玻柜通双节柜档案柜通门更衣柜二门更衣柜三门更衣柜四门更衣柜六门更衣柜八门更衣柜九门更衣柜拆装发货备注颜色文件柜++柜子类型:资料架文件柜卷门柜底图柜移动矮柜++材质:钢++功能:带抽屉移动玻璃门++是否带锁:是++层数:4层++包装尺寸:1850*900*400++产地:河南省++是否组装:组装', 29, 4, 97, 67),
('553204422339', '荣耀手环3智能心率监测游泳防水运动多功能手表华为苹果nfc男女', 149, 'smart device/smart bracelet/553204422339', 'no', '保修期:12个月++兼容平台:ANDROIDiOS++功能:心率监测智能提醒睡眠监测计步防水++品牌:honor/荣耀++型号:荣耀手环3++生产企业:华为技术有限公司++颜色分类:黑色（NFC版）+4张贴膜蓝色（标准版）+4张贴膜黑色（标准版）+4张贴膜橙色（标准版）+4张贴膜++适用对象:android平台苹果iOS平台++无线距离:5m(含)-10m(含)', 40, 14, 1, 68),
('565094868632', '科大讯飞阿尔法超能蛋儿童智能机器人玩具对话人工陪伴阿尔法小蛋', 849, 'smart device/smart robot/565094868632', 'no', '保修期:12个月++兼容平台:ANDROIDiOS其他++品牌:科大讯飞++型号:阿尔法超能蛋++型号:阿尔法超能蛋++材质:PVC++生产企业:科大讯飞++颜色分类:白色粉红色黄色', 5, 16, 85, 69),
('568889360241', 'GoProHERO6BLACK定制礼盒含高清摄录迷你延长杆电池存储卡包邮', 3519, 'photography/video camera/568889360241', 'yes', '产品名称：GoProHERO6BLACK定制礼...++品牌:GoPro++型号:HERO6BLACK定制礼盒++存储介质:无++数码像素:800万以上++感光元件:CMOS++屏幕尺寸:2++传感器尺寸:0.393*0.393英寸++防抖性能:电子防抖', 68, 9, 97, 70),
('562225306032', '二手台式电脑主机i5吃鸡组装机八核16G网吧游戏发烧高配全套独', 2088, 'computer/whole machine/562225306032', 'yes', '品牌:Gigabyte/技嘉++CPU系列:Intel/英特尔至强E3++CPU型号:X5570++主板结构:ATX++主板芯片组类型:IntelH81++显卡系列:GTX750++显存容量:16GB++内存容量:8GB16GB++硬盘类型:固态硬盘(SSD)++硬盘容量:120GB500GB++电源功率:230W++电源80PLUS认证:不支持++散热方式:风冷++光驱类型:无光驱++套餐类型:套餐一套餐二套餐三套餐四套餐五++显存位宽:256bit++显存类型:DDR++CPU主频:3.0GHz及以上++内存类型:DDR3++CPU核心数:八核心++内存频率:1333MHz++显卡品牌:Colorful/七彩虹++主板品牌:Gigabyte/技嘉++内存品牌:KingSton/金士顿++硬盘品牌:KingSton/金士顿++电源品牌:GreatWall/长城++机箱品牌:Deepcool/九州风神++散热设备品牌:Deepcool/九州风神++机箱结构:ATX++配置类型:豪华发烧型++显卡类型:独立显卡++独立显卡型号:其他/other', 94, 1, 49, 71),
('26519800802', '先锋XF-USB/1电话录音盒办公座机USB录音设备来电弹屏自动录音', 150, 'computer/office equipment/26519800802', 'yes', '证书编号：2017011603966133++证书状态：有效++产品名称：录音电话机++3C规格型号：VAA8848、VAA-CPU300、VAA-CPU310、VAA-CPU600、VAACPU610...++品牌:VAA++型号:XF-USB/1++生产企业:深圳市道云科技有限公司', 9, 4, 11, 72),
('550507482215', '先科拉杆广场舞音响户外音箱15寸大功率移动家用K歌便携式蓝牙', 499, 'entertainment/speakers/550507482215', 'no', '保修期:12个月++品牌:SAST/先科++型号:1501W++生产企业:广州奋威音响器材有限公司++颜色分类:【大15寸旗舰加强版】+16G优盘【大15寸旗舰加强版】+1无线话筒【大15寸旗舰加强版】+1头戴耳麦【大15寸旗舰加强版】+1支金色U段话筒【大15寸旗舰U段版】+1支U段话筒【大15寸旗舰加强版】+2无线话筒【大15寸旗舰U段版】+2支U段话筒【大15寸旗舰U段版】+1支U段话筒+1耳麦【大15寸旗舰U段版】+2支U段话筒+1支金色U段话筒【大15寸旗舰U段版】+2支U段话筒+1头戴耳麦【大15寸旗舰U段版】+2支U段话筒+三角架【大15寸旗舰U段版】+2支U段话筒+1头戴耳麦+三角架【大15寸旗舰U段版】+2支U段话筒+1支金色U段话筒+三角架【大15寸旗舰彩灯版】2支U段话筒【大15寸旗舰彩灯版】2支U段话筒+1支金色U段话筒【大15寸旗舰彩灯版】2支U段话筒+1支金色U段话筒+三角架++音箱类型:重低音', 75, 12, 82, 73),
('561881478711', '狼途机械键盘背光青轴有线电竞电脑笔记本游戏吃鸡键盘鼠标外设', 129, 'computer/peripherals/561881478711', 'yes', '产品名称：狼途X8000++保修期:12个月++品牌:狼途++型号:X8000++套餐类型:官方标配++是否机械键盘:机械键盘++生产企业:狼途++颜色分类:魔黑色-红光(青轴)送桌垫魔黑色-混光(青轴)送桌垫白金色-混光(青轴)送桌垫魔黑色-红光(青轴)+血蟒游戏鼠标送桌垫魔黑色-混光(青轴)+血蟒游戏鼠标送桌垫白金色-混光(青轴)+血蟒游戏鼠标送桌垫魔黑色-红光(青轴)+L5宏定义鼠标送桌垫魔黑色-混光(青轴)+L5宏定义鼠标送桌垫白金色混光(青轴)+L5宏定义鼠标送桌垫魔黑色-红光(青轴)+北极星耳机送桌垫魔黑色-混光(青轴)+北极星耳机送桌垫白金色-混光(青轴)+北极星耳机送桌垫++是否支持即插即用:支持++连接方式:有线++是否有多媒体功能键:有++接口类型:USB++是否支持人体工程学:支持++有无手托:有++成色:全新++售后服务:全国联保++轴体:青轴', 94, 3, 86, 74),
('551929339355', '绝地大逃杀i5非二手1050ti吃鸡游戏组装电脑主机台式办公整机全套', 1499, 'computer/whole machine/551929339355', 'yes', '品牌:SK++CPU系列:Intel/英特尔酷睿i3++CPU型号:530++主板结构:ATX++主板芯片组类型:IntelH55++显卡系列:GTX1050++显存容量:2GB++内存容量:8GB++硬盘类型:机械硬盘++硬盘容量:120GB++电源功率:300W++电源80PLUS认证:不支持++散热方式:风冷++光驱类型:无光驱++套餐类型:套餐一套餐二套餐三套餐四套餐五套餐六套餐七++显存位宽:128bit++显存类型:GDDR5++CPU主频:2.8GHz(含)-3.0GHz(不含)++内存类型:DDR3++CPU核心数:双核心++内存频率:1333MHz++显卡品牌:Colorful/七彩虹++主板品牌:MAINBOARD/科脑++内存品牌:锐星++硬盘品牌:锐星++电源品牌:pccooler/超频三++机箱品牌:GoldenField/金河田++散热设备品牌:AMD++机箱结构:ATX++配置类型:疯狂游戏型++显卡类型:独立显卡++独立显卡型号:其他/other', 100, 1, 39, 75),
('567911123587', '正品荣事达好帅二蛋机器人高科技智能语音对话教育儿童学习早教机', 1699, 'smart device/smart robot/567911123587', 'no', '兼容平台:ANDROIDiOS++品牌:HOST/好帅++型号:Q6++尺寸:12x12x17cm++颜色分类:白色', 71, 16, 86, 76),
('566345106204', 'Edifier/漫步者G1吃鸡耳机头戴式重低音电脑游戏电竞耳麦带话筒', 99, 'entertainment/headset/566345106204', 'no', '产品名称：Edifier/漫步者G1++保修期:12个月++兼容平台:ANDROIDWindowsPhoneiOS++套餐类型:官方标配++是否线控:是++灵敏度:98dB/mW++生产企业:东莞漫步者科技有限公司++适用音乐类型:ACG动漫游戏控类型++阻抗:32Ω++频响范围:20-20000Hz++颜色分类:黑色++佩戴方式:头戴护耳式++耳机类型:有线++有无麦克风:带麦++耳机售后服务:全国联保++插头直径:3.5mm++耳机插头类型:直插型++耳机输出音源:PC电脑++缆线长度:2m++耳机类别:普通耳机++品牌:Edifier/漫步者++漫步者耳机型号:G1++耳机左右腔体间连接方式:有线连接++耳机与播放设备连接方式:有线连接', 67, 11, 27, 77),
('533894422823', '电竞运输包电脑主机/台式机机箱包游戏外设装备/包机箱防尘袋', 88, 'computer/peripherals/533894422823', 'yes', '品牌:其他/other', 46, 3, 52, 78),
('547921325665', '爱歌S15无线蓝牙音箱迷你便携式插卡户外手机音响超重低音炮家用小型手提影响大功率广场舞u盘播放器收音机', 128, 'entertainment/speakers/547921325665', 'no', '产品名称：爱歌S15++供电方式:内置锂电池++保修期:24个月++功能:插卡收音机语音提示遥控防尘++套餐类型:套餐一套餐三套餐二套餐四官方标配++尺寸:100x125x215mm++播放时长:12小时++是否支持APP:否++生产企业:深圳市佳誉祥音响电子有限公司++连接方式:3.5MM音频插口USB蓝牙连接读卡器++适用人群:通用++重量:765g++颜色分类:黑色++外壳材质:塑料++品牌:爱歌++型号:S15', 26, 12, 25, 79),
('562262664603', '【4K无颗粒】GOOVIS酷睿视G2高清VR一体机3D头戴显示器智能眼镜', 4899, 'smart device/smart glasses/562262664603', 'yes', '保修期:12个月++兼容平台:ANDROID++品牌:GOOVIS/酷睿视++型号:G2++生产企业:纳德光学++颜色分类:升级新款G2+好礼升级新款G2+32G内存卡存满3D+好礼升级新款G2+1T3D移动硬盘+好礼升级新款G2+2T3D移动硬盘+好礼升级新款G2+4T3D移动硬盘+好礼升级版G2', 75, 15, 60, 80),
('564961532314', '苹果笔记本电脑macbookpro转接头usb网线转换器type-c配件扩展坞', 117, 'computer/accessories/564961532314', 'yes', '品牌:LIVEYOURIDEAS/吉玛仕++型号:T系列++生产企业:东莞市吉玛仕实业有限公司++长度:0.15m++颜色分类:钛金灰【3个USB3.0】T1土豪金【3个USB3.0】T1银色【3个USB3.0】T1玫瑰金【3个USB3.0】T1钛金灰【2个USB3.0+读卡】T2土豪金【2个USB3.0+读卡】T2玫瑰金【2个USB3.0+读卡】T2银色【2个USB3.0+读卡】T2钛金灰【2个USB3.0+HDMI】T3土豪金【2个USB3.0+HDMI】T3银色【2个USB3.0+HDMI】T3玫瑰金【2个USB3.0+HDMI】T3钛金灰【2个USB3.0+读卡+充电】T2Plus土豪金【2个USB3.0+读卡+充电】T2Plus玫瑰金【2个USB3.0+读卡+充电】T2Plus银色【2个USB3.0+读卡+充电】T2Plus钛金灰【2个USB3.0+HDMI+充电】T3Plus土豪金【2个USB3.0+HDMI+充电】T3Plus玫瑰金【2个USB3.0+HDMI+充电】T3Plus银色【2个USB3.0+HDMI+充电】T3Plus灰色（网线+USB+HDMI+充电+SD卡）H1Plus银色（网线+USB+HDMI+充电+SD卡）H1Plus银色【网线+2个USB+SD卡】T4太空灰【网线+2个USB+SD卡】T4玫瑰金【网线+2个USB+SD卡】T4++适用型号:MacbookMacBookAirMacBookAir11寸MacbookPro11寸MacbookPro13寸MACBOOKPRO15寸MacBookPro17寸其他', 100, 2, 15, 81),
('567386976777', 'JBLT205BT无线蓝牙耳机半入耳式重低音耳麦运动跑步手机音乐通用', 399, 'entertainment/headset/567386976777', 'yes', '产品名称：JBLtune205bt++使用方式:入耳式++保修期:12个月++品牌:JBL++型号:tune205bt++套餐类型:官方标配++生产企业:哈曼（中国）投资有限公司++蓝牙版本:4.1++颜色分类:金色粉色黑色绿色蓝色白色++防水性能:IPX4++防尘性能:IP5X++耳机左右腔体间连接方式:无线连接++耳机与播放设备连接方式:蓝牙连接', 2, 11, 33, 82),
('558682773436', 'Mac苹果笔记本电脑保护壳软外壳macbook12air13.3寸透明pro15配件', 128, 'computer/accessories/558682773436', 'no', '品牌:苹果++炫彩贴颜色:★注意★请确认机型或留言再下单【mac12寸】A1534--透黑保护壳【mac12寸】A1534--透金保护壳【mac12寸】A1534--透明保护壳Air13.3寸A1466--透金保护壳Air13.3寸A1466--透明保护壳Air13.3寸A1466--透黑保护壳Air13.3寸A1466--玫瑰金保护壳Air13.3寸A1466--中国红保护壳Pro老款13.3寸A1502玫瑰金保护壳Pro老款13.3寸A1502--透黑保护壳Pro老款13.3寸A1502--透明保护壳带bar新款13寸A1706透明保护壳带bar新款13寸A1706透黑保护壳带bar新款13寸A1706玫瑰金保护壳带bar新款13寸A1706中国红保护壳Pro新款13寸A1708--透明保护壳Pro新款13寸A1708--透黑保护壳Pro新款13寸A1708--玫瑰金保护壳Pro新款13寸A1708--中国红保护壳带bar新款15寸A1707透明保护壳带bar新款15寸A1707透黑保护壳Pro老款15寸A1398--透黑保护壳Pro老款15寸A1398--透明保护壳++风格:简约', 100, 2, 12, 83),
('548315660133', '现货送大礼包Panasonic/松下DC-GF9KGK数码美颜自拍微单电相机', 2998, 'photography/micro-camera/548315660133', 'yes', '产品名称：Panasonic/松下DC-GF9K...++品牌:Panasonic/松下++传感器尺寸:17.3mmx13mm++感光元件类型:LiveMOS++存储类型:TF(microSD)卡++闪光灯及附件类型:内置闪光灯++快门类型:电子快门', 57, 8, 66, 84),
('547003383928', '金正NS-819台式电脑K歌音响家用电视音箱蓝牙重低音炮客厅多媒体', 194, 'entertainment/speakers/547003383928', 'no', '证书编号：2013010801606143++证书状态：有效++申请人名称：广州市景程电器有限公司++制造商名称：广州市景程电器有限公司++产品名称：多媒体有源音箱++3C产品型号：见附件输入：220VAC50Hz50W++3C规格型号：见附件++产品名称：金正NS-819++保修期:12个月++包装体积:360*315*348MM++声道:2.1++成色:全新++毛重:5.7kg++生产企业:广州市景程电器有限公司++电源方式:交流电++箱体材质:木++采购地:中国大陆++颜色分类:黑色旗舰版+2支无线话筒黑色旗舰版+1支无线话筒黑色升级版标配+蓝牙标配+蓝牙+2支无线话筒豪华版标配+蓝牙+1支无线话筒++售后服务:全国联保++品牌:金正++型号:NS-819', 4, 12, 83, 85),
('554544870419', '华为荣耀手环3运动智能计步器2心率防水男女蓝牙手表苹果NFC', 149, 'smart device/smart bracelet/554544870419', 'no', '保修期:12个月++兼容平台:ANDROIDMIUIiOS++功能:心率监测智能提醒睡眠监测计步防水++品牌:honor/荣耀++型号:荣耀手环3++生产企业:华为技术有限公司++颜色分类:标准版黑色（送贴膜）标准版蓝色（送贴膜）NFC版黑色（送贴膜）标准版橘色（送贴膜）幽海蓝-双色版鲨鱼灰-双色版++适用对象:android平台苹果iOS平台++无线距离:10m及以上', 85, 14, 9, 86),
('24118152356', '京天I37100升8100家用办公电脑主机游戏组装机DIY台式机整机全套', 1896, 'computer/whole machine/24118152356', 'no', '产品名称：京天华盛IntelH310i3-...++品牌:京天华盛++CPU系列:Intel/英特尔酷睿i3++CPU型号:i3-8100++主板结构:M-ATX++主板芯片组类型:IntelH310++显卡系列:集显++显存容量:无++内存容量:4GB8GB++硬盘类型:固态硬盘(SSD)++硬盘容量:120GB240GB1TB++电源功率:230W++电源80PLUS认证:不支持++散热方式:风冷++光驱类型:无光驱++生产企业:武汉京天网盟科技有限公司++保修期:36个月', 100, 1, 64, 87),
('569148214571', '花呗分期Apple/苹果iPhone6s国行美版未激活三网通4G正品手机', 1280, 'phone/phone/569148214571', 'yes', '', 64, 5, 20, 88),
('44644571881', 'macbook笔记本薄软外壳苹果电脑air13寸mac保护壳pro贴膜贴纸配件', 128, 'computer/accessories/44644571881', 'no', '炫彩贴颜色:★13寸并不通用，请注意型号★【New12寸】A1534水晶透明【New12寸】A1534水晶透黑【New12寸】A1534水晶透金【Air13.3寸】A1466水晶透明【Air13.3寸】A1466水晶透黑【Air13.3寸】A1466玫瑰金【Air13.3寸】A1466土豪金【Air13.3寸】A1466水晶透红【Air13.3寸】A1466水晶大海蓝【Pro13.3老款】A1502水晶透明【Pro13.3老款】A1502水晶透黑带Touchbar13寸A1706水晶透明带Touchbar13寸A1706水晶透黑带Touchbar13寸A1706玫瑰金【Pro新款13寸】A1708水晶透明【Pro新款13寸】A1708水晶透黑【Pro新款15寸】A1707水晶透明【Pro新款15寸】A1707水晶透黑【Pro老款15寸】A1398水晶透明【Pro老款15寸】A1398水晶透黑单独一片请联系客服购买++风格:简约', 100, 2, 27, 89),
('570323446389', '千幻魔镜vr眼镜手机专用ar虚拟现实游戏4d华为vivo头戴式rv一体机', 268, 'smart device/smart glasses/570323446389', 'yes', '兼容平台:ANDROIDBlackberryMIUISymbianWindowsMobileiOS百度云OS阿里巴巴云OS++品牌:千幻魔镜++颜色分类:【套餐一】高清标准版【套餐二】蓝光影视版【套餐三】蓝光科幻版【套餐四】纳米梦幻版【套餐五】纳米荣耀版【套餐六】纳米尊享版', 71, 15, 46, 90),
('558550356564', '【低至4398元】Apple/苹果iPhone864G全网通4G手机苹果8', 4448, 'phone/phone/558550356564', 'no', '证书编号：2017011606002401++证书状态：有效++产品名称：TD-LTE数字移动电话机++3C规格型号：A1863（电源适配器可选：A1443输出：5.0VDC1A)++产品名称：Apple/苹果iPhone8++Apple型号:iPhone8++机身颜色:银色金色深空灰色++存储容量:64GB', 18, 5, 90, 91),
('535690294993', '佳能60D80D套机入门级二手数码高清旅游摄影单反相机家用便携70D', 2008, 'photography/SLR/535690294993', 'yes', '产品名称:Canon/佳能60D单机++接口类型:佳能口++单反级别:中级++是否支持机身防抖:机身不防抖++屏幕尺寸:3英寸++像素:1800万++储存介质:SD卡++成色:9成新++电池类型:锂电池++售后服务:店铺三包++颜色分类:95新60D单机身成色好放心下单99新60D单机身成色好放心下单95新60D/佳能18-55STM静音马达99新60D/佳能18-55STM静音马达95新60D/含佳能18-135IS防抖99新60D/含佳能18-135IS防抖95新60D/18-55STM和50-1.8双头99新60D/18-55STM和50-1.8双头95新60D/国行腾龙18-200VC未拆99新60D/腾龙18-200VC全能镜头95新60D/含佳能18-135STM99新60D/含佳能18-135STM95新80D单机身成色好放心下单99新80D单机身成色好放心下单95新70D含佳能18-135STM镜头99新70D含佳能18-135STM镜头95新70D单机身购买套餐送三脚架99新70D单机身购买套餐质保1年95新70D含佳能18-55STM日常99新70D含佳能18-55STM新款95新70D含18-55STM和50-1.899新70D含18-55STM和50-1.895新70D含佳能18-135IS全能防抖99新70D含佳能18-135IS旅游必备++套餐:官方标配套餐一套餐二套餐三套餐四套餐五套餐六++单反画幅:APS-C画幅++感光元件类型:CMOS++对焦点数:9区++重量:601g(含)-700g(含)++取景器类型:电子取景器++是否支持外接闪光灯:支持++是否支持机身除尘:支持++是否支持机身马达:支持++反光装置:五棱镜++传感器尺寸:23.4*15.6mm++品牌:Canon/佳能++佳能单反系列:EOS60D++60D型号:60D单机', 86, 7, 80, 92),
('563882950000', 'GoProHERO6BLACK国行4K黑狗6gopro6数码潜水运动摄像相机', 3198, 'photography/digital camera/563882950000', 'yes', '产品名称:GoProHERO6BLACK++传输类型:其他/other++品牌:GoPro++型号:HERO6BLACK++存储介质:MicroSD卡++数码像素:800万以上++成色:全新++颜色分类:国行GOPRO6(标配送豪礼大礼包)国行GORPO6需要单机联系客服++自带容量:无++感光元件:CMOS++屏幕尺寸:2++售后服务:全国联保++套餐类型:官方标配套餐一套餐二套餐三套餐四套餐五++传感器尺寸:0.393*0.393英寸++防抖性能:电子防抖++是否触摸屏:触摸屏++是否支持夜摄功能:支持++重量:100g及以下++适用场景:家用++摄像机类型:专业摄像机++附加功能:录音功能', 59, 10, 76, 93),
('532034800285', 'IPASON/攀升i58500/GTX1060台式游戏组装机吃鸡电脑主机DIY整机', 3996, 'computer/whole machine/532034800285', 'yes', '产品名称：IPASON/攀升IntelB360...++品牌:IPASON/攀升++CPU系列:Intel/英特尔酷睿i5++CPU型号:i5-8400++主板结构:M-ATX++主板芯片组类型:IntelB360++显卡系列:gtx1060++显存容量:5GB++内存容量:8GB16GB++硬盘类型:固态硬盘(SSD)++硬盘容量:配置一配置二配置三++机箱类型:中塔++电源功率:400W++电源80PLUS认证:不支持++散热方式:风冷++光驱类型:无光驱++生产企业:武汉攀升兄弟科技有限公司++保修期:36个月', 100, 1, 16, 94),
('557257061551', '彩屏智能运动手环手表测量心率女士血压vivo防水oppo多功能计步器', 179, 'smart device/smart bracelet/557257061551', 'no', '保修期:12个月++兼容平台:ANDROID++功能:心率监测智能提醒睡眠监测计步遥控自拍防水++品牌:鹰皇++型号:DF30++生产企业:深圳市宁公子电子有限公司++颜色分类:炫酷黑(经典版)+拍即送两条表带+游泳级防水落英紫(经典版)+拍即送两条表带+游泳级防水天空碧(经典版)+拍即送两条表带+游泳级防水深海蓝(经典版)+拍即送两条表带+游泳级防水珍珠白(经典版)+拍即送两条表带+游泳级防水炫酷黑(彩屏版)+拍即送两条表带+游泳级防水绯红色(经典版)+拍即送两条表带+游泳级防水炫酷黑(彩屏版)+游泳级防水（男女均适合）落英紫(彩屏版)+游泳级防水（男女均适合）深海蓝(彩屏版)+游泳级防水（男女均适合）绯红色(彩屏版)+游泳级防水++适用对象:android平台苹果iOS平台++无线距离:5m(含)-10m(含)', 24, 14, 25, 95),
('18693974829', '炫歌无纸I8电子数码传真机脱机接收电脑FAX单机版电子办公设备', 260, 'computer/office equipment/18693974829', 'no', '证书编号：2014010907717770++证书状态：有效++申请人名称：吉密科技(深圳)有限公司++制造商名称：吉密科技(深圳)有限公司++产品名称：电源适配器++3C产品型号：见附件，适用于海拔5000米及以下++3C规格型号：见附件，适用于海拔5000米及以下++品牌:无纸++型号:I8++款式:桌上型++生产企业:深圳华歌数码电子有限公司++产品定位:家用经济++适用对象:普通纸++售后服务:全国联保++传真机类型:激光', 66, 4, 55, 96),
('40103622275', '12V有线门铃门禁专用门铃考勤门禁配件门铃喇叭办公设备包邮正品', 30, 'computer/office equipment/40103622275', 'no', '', 87, 4, 88, 97),
('41227711106', '京天i78700K/GTX1060吃鸡电脑组装机台式机DIY游戏水冷主机全套', 5996, 'computer/whole machine/41227711106', 'no', '产品名称：京天华盛IntelZ370i7-...++品牌:京天华盛++CPU系列:Intel/英特尔酷睿i7++CPU型号:i7-8700K++主板结构:ATX++主板芯片组类型:IntelZ370++显卡系列:gtx1060++显存容量:6GB++内存容量:8GB++硬盘类型:固态硬盘(SSD)++硬盘容量:配置一配置二配置三++电源功率:500W++电源80PLUS认证:不支持++散热方式:水冷++光驱类型:无光驱++生产企业:武汉京天网盟科技有限公司++保修期:36个月', 100, 1, 4, 98),
('566600866310', '室外监控器高清套装家用wif无线远程户外夜视网络摄像头监控手机', 195, 'photography/video camera/566600866310', 'no', '内存容量:16GB32GB64GB无++呈像颜色:彩色++品牌:金胜++型号:WHS101-H4-++智能类型:其他++质保年限:1年++焦距:4mm6mm8mm12mm++焦段:标准++清晰度:960P1080p3MP++感光面积:1/3英寸++同城服务:同城物流送货上门++有效距离:10(含)-30m(不含)++镜头大小规格:12mm', 35, 9, 23, 99),
('543620605527', '安卓TypeC手机防尘塞Mate10电源塞USB充电口R15金属Note8配件P20', 12, 'phone/accessories/543620605527', 'yes', '品牌:ROMA++颜色分类:Typec-C款式专用【玫瑰金】★配送防丢线套与收纳盒MicroUSB款式专用【玫瑰金】★配送防丢线套与收纳盒Typec-C款式专用【金色】★配送防丢线套与收纳盒MicroUSB款式专用【金色】★配送防丢线套与收纳盒Typec-C款式专用【银色】★配送防丢线套与收纳盒MicroUSB款式专用【银色】★配送防丢线套与收纳盒Typec-C款式专用【黑色】★配送防丢线套与收纳盒MicroUSB款式专用【黑色】★配送防丢线套与收纳盒Typec-C款式专用【深空灰】★配送防丢线套与收纳盒MicroUSB款式专用【深空灰】★配送防丢线套与收纳盒MicroUSB款式专用【红色】★配送防丢线套与收纳盒++材质:合金++风格:合金简约风格++适用对象:3.5MM耳机插孔', 84, 6, 38, 100),
('558193834223', '海康威视萤石C3W室外无线网络监控器套装摄像头家用wifi夜视手机', 239, 'photography/video camera/558193834223', 'no', '内存容量:16GB32GB64GB8GB无++呈像颜色:彩色++品牌:萤石++型号:萤石C3W++智能类型:其他++质保年限:1年++焦距:2.8mm4mm6mm++焦段:广角++清晰度:720p1080p++同城服务:同城卖家送货上门++有效距离:10(含)-30m(不含)', 19, 9, 83, 101),
('568470071533', 'LEWITT/莱维特LCT240PRO电容麦克风手机喊麦直播声卡套装通用', 1799, 'entertainment/microphone/568470071533', 'no', '产品名称：LEWITT/莱维特LCT240P...++使用方式:支撑式++供电方式:外接供电++保修期:36个月++品牌:LEWITT/莱维特++型号:LCT240PRO++有无线:有线++生产企业:惠州莱维特电子有限责任公司++颜色分类:黑色标配电源套餐创新A4套餐艾肯micu套装utrack套餐mobileu套餐艾肯4nano套餐艾肯ULtra4套餐莱维特STREAM森然播吧2代声卡套装midiplusstudio-m套装++麦克风类型:电容式++声道:1++适用对象:录音专用++指向特征:心型指向++套餐名称:官方标配', 41, 13, 97, 102),
('543707000720', 'Apple/苹果iphoneAirPods无线耳麦iphone8x国行7plus蓝牙耳机', 888, 'entertainment/headset/543707000720', 'yes', '传输半径:10m++使用方式:耳塞式++品牌:Apple/苹果++型号:Airpods++售后服务:全国联保++套餐类型:官方标配++是否单双耳:双边立体声++蓝牙版本:4.1++颜色分类:国行现货原封+保护套+套+防丢绳国行原封+现货+顺丰现货国行+套+保护套+防丢绳+发票国行原封+现货+发票+顺丰国行拆封9.9新（特价处理国行拆封9.9新+发票（特价处理++传输半径:10m++声道:2++功能:支持音乐', 52, 11, 66, 103),
('567404548958', '落地隔断板圣诞节文员办公椅设备摆设1.5前台办公桌吧台折叠式', 437, 'computer/office equipment/567404548958', 'yes', '品牌:自主品牌++型号:无++颜色分类:1.6米【白架+白玻】1.6米【白架+黑玻】1.6米【黑架+白玻】1.6米【黑架+黑玻】1.8米【白架+白玻】1.8米【白架+黑玻】1.8米【黑架+白玻】1.8米【黑架+黑玻】2米【白架+白玻】2米【白架+黑玻】2米【黑架+白玻】2米【黑架+黑玻】1.6米单个桌子【颜色备注】单个侧柜【颜色备注】++风格:简约现代++材质:钢木++宽度:160++是否带侧桌:是++面板材质:钢化玻璃', 13, 4, 29, 104),
('539778025637', '乐心智能手环测心率防水计步器安卓苹果男女蓝牙运动手表mambo2代', 99, 'smart device/smart bracelet/539778025637', 'yes', '保修期:12个月++兼容平台:ANDROID++功能:心率监测智能提醒睡眠监测社交娱乐计步防水++品牌:LifeSense/乐心++型号:mambo2++生产企业:广东乐心++颜色分类:深海蓝午夜黑象牙白罗兰紫玫瑰粉晴空蓝++适用对象:android平台苹果iOS平台', 81, 14, 88, 105),
('565333032598', '吃鸡耳机入耳式带麦电脑手机游戏头戴式耳麦电竞7.1声道刺激战场', 70, 'entertainment/headset/565333032598', 'yes', '产品名称：越霸吃鸡耳机++保修期:12个月++套餐类型:官方标配++是否线控:是++生产企业:深圳市叠韵科技有限公司++适用音乐类型:通用++阻抗:18Ω++颜色分类:黑红（吃鸡专用高配版）黑红（吃鸡专用声卡版）++佩戴方式:入耳式++耳机类型:有线++有无麦克风:带麦++插头直径:3.5mm++耳机插头类型:L弯型++耳机输出音源:通讯设备++缆线长度:≥1.2m++耳机类别:游戏耳机手机线控耳机++品牌:越霸++型号:吃鸡耳机++耳机左右腔体间连接方式:有线连接++耳机与播放设备连接方式:有线连接', 7, 11, 91, 106),
('557614259105', '包顺丰达尔优EH722电竞游戏头戴式耳麦7.1绝地求生吃鸡耳机台式笔记本电脑USB声道带话筒听声辩位守望先锋cf', 139, 'entertainment/headset/557614259105', 'no', '产品名称：达尔优EH722++保修期:12个月++兼容平台:ANDROIDWindowsPhoneiOS++套餐类型:官方标配++是否线控:否++灵敏度:16dB/mW++生产企业:东莞市铭冠电子科技有限公司++耳机发声原理:动圈++适用音乐类型:ACG动漫游戏控类型++阻抗:24Ω++颜色分类:迷彩蓝光版黑色蓝光版白色RGB版『7.1声道』黑色RGB版『7.1声道』++佩戴方式:头戴护耳式++耳机类型:有线++有无麦克风:带麦++耳机售后服务:全国联保++插头直径:3.5mm++耳机插头类型:双插头++耳机输出音源:PC电脑++缆线长度:1.8m++耳机类别:主动降噪耳机定制化耳机游戏耳机普通耳机++品牌:达尔优++型号:EH722', 68, 11, 72, 107),
('570031412079', '新品【现货将到】Xiaomi/小米小米8全面屏8SE纪念版手机探索版8', 2699, 'phone/phone/570031412079', 'yes', '', 65, 5, 87, 108),
('20458020093', '佳能5d25d3相机单反机高清数码旅游二手高端专业摄影家用送脚架', 2999, 'photography/SLR/20458020093', 'no', '产品名称:Canon/佳能5DMARKII单机++传输类型:有线传输++接口类型:佳能口++单反级别:高级++是否支持机身防抖:机身不防抖++屏幕尺寸:3英寸及以上++像素:2012万++储存介质:CF卡++成色:9.9成新++电池类型:锂电池++售后服务:店铺三包++颜色分类:95新佳能5D2单机套餐送脚架99新佳能5D2单机45天可包换95新5D2含佳能24/105日常拍摄99新5D2含佳能24/105套餐送礼95新5D2含佳能17-40超广角风景99新5D2含佳能17-40套餐送10礼95新5D2含佳能24/70F2.8大光圈99新5D2含佳能24/70F2.8万能头置换换购使用95新5D3.无头配置99新5D3.无头配置95新.5D3佳能24/105挂机镜头99新.5D3佳能24/105套餐送礼95新5D3佳能17/40F4广角镜头99新5D3佳能17/40F4套餐豪礼95新5D3佳能24/70F2.8大光圈99新5D3佳能24/70F2.8全能头++套餐:官方标配套餐一套餐二套餐三套餐四套餐五套餐六套餐七++单反画幅:全画幅++感光元件类型:CMOS++对焦点数:9区++重量:1001g及以上++取景器类型:光学取景器++是否支持外接闪光灯:支持++是否支持机身除尘:支持++是否支持机身马达:支持++反光装置:五棱镜++传感器尺寸:35.9mmx24mm++品牌:Canon/佳能++佳能单反系列:EOS5DMarkII++5DMarkII型号:5DMARKII单机', 83, 7, 2, 109),
('560643714216', 'Canon/佳能M100套机15-45蚂蚁摄影EOS高清数码旅游微单相机入门级', 2779, 'photography/micro-camera/560643714216', 'yes', '产品名称：Canon/佳能EOSM100套机...++品牌:Canon/佳能++像素:2420万++传感器尺寸:22.3mmx14.9mm++感光元件类型:CMOS++存储类型:SD卡++闪光灯及附件类型:内置闪光灯++快门类型:电子快门', 24, 8, 38, 110),
('521104513046', '科势Q5无线运动蓝牙耳机4.0头戴式挂耳式双耳立体声跑步手机通用', 96, 'entertainment/headset/521104513046', 'yes', '产品名称：科势Q5++传输半径:10m++使用方式:挂耳式++保修期:12个月++品牌:科势++型号:Q5++套餐类型:官方标配++待机时间:20天++是否单双耳:双边立体声++生产企业:深圳市深欧煌贸易有限公司++蓝牙版本:4.0++颜色分类:黑绿+8G内存卡+读卡器黑绿黑色白金+8G内存卡+读卡器黑色+8G内存卡+读卡器白金黑蓝黑蓝+8G内存卡+读卡器黑色插卡版黑绿插卡版黑蓝插卡版白金插卡版++传输半径:10m++声道:2++功能:支持音乐', 12, 11, 32, 111),
('567108439478', '超音蝠C6-E300全民k歌手机麦克风声卡套装安卓苹果直播设备全套', 798, 'entertainment/microphone/567108439478', 'yes', '使用方式:悬挂式++供电方式:内置锂电池++品牌:超音蝠++型号:C6-E300++有无线:有线++颜色分类:黑色++麦克风类型:电容式手机K歌麦克风++声道:2++适用对象:手机直播专用++指向特征:心型指向', 60, 13, 26, 112),
('534684822330', '【老徐外设店】宜博E－3LUEEHH007BK游戏耳机LOL头戴式电脑耳麦', 69, 'computer/peripherals/534684822330', 'yes', '产品名称:E－3LUEEHH007BK++套餐类型:官方标配++是否线控:是++颜色分类:橙色白色红色绿色黑色++佩戴方式:头戴护耳式++耳机类型:有线++有无麦克风:带麦++插头直径:3.5mm++耳机插头类型:直插型++耳机输出音源:PC电脑++缆线长度:2.5±0.1m++耳机类别:游戏耳机++品牌:E－3LUE++型号:EHH007BK', 13, 3, 89, 113),
('550193539955', 'LEWITT/莱维特DGT260直播麦克风设备全套手机喊麦主播声卡套装', 2999, 'entertainment/microphone/550193539955', 'no', '产品名称：LEWITT/莱维特DGT260++使用方式:支撑式++供电方式:外接供电++保修期:36个月++品牌:LEWITT/莱维特++型号:DGT260++有无线:有线++生产企业:惠州莱维特电子有限责任公司++颜色分类:白雪公主小金人萤火虫++麦克风类型:电容式++声道:2++适用对象:电脑++指向特征:心型指向++套餐名称:官方标配', 69, 13, 23, 114),
('565195299876', '科大讯飞阿尔法超能蛋智能机器人阿尔法小蛋儿童早教学习对话玩具', 849, 'smart device/smart robot/565195299876', 'yes', '保修期:12个月++兼容平台:其他++品牌:科大讯飞++型号:TYMY1++型号:TYMY1++生产企业:安徽淘云科技有限公司++颜色分类:【收藏+加购物车】尊享优先发货+买贵补差白色【只换不修】防滑腰带+收纳袋+赠运费险粉色【只换不修】防滑腰带+收纳袋+赠运费险黄色【只换不修】防滑腰带+收纳袋+赠运费险', 33, 16, 14, 115),
('566044469738', 'BlueenCORE300电容麦克风全民K歌唱吧直播设备手机声卡全套通用', 1899, 'entertainment/microphone/566044469738', 'no', '产品名称：BlueenCORE300++使用方式:悬挂式++供电方式:外接供电++保修期:12个月++品牌:Blue++型号:enCORE300++有无线:有线++生产企业:宝迪++颜色分类:官方标配电源套餐创新A5套餐upodnano套餐北蓝鼠K30套餐mobileuminiutrack套餐4nano套餐6nano套餐++麦克风类型:电容式++声道:1++适用对象:舞台++指向特征:心型指向++套餐名称:官方标配', 67, 13, 84, 116),
('565075102482', '手机扣指环扣支架支撑架金属手环通用指扣环配件支驾指架环环指女', 11, 'phone/accessories/565075102482', 'no', '品牌:EiiBan++适用场景:桌面++颜色分类:红色磁吸指环*买2送1蓝色磁吸指环*买2送1黑色磁吸指环*买2送1金色磁吸指环*买2送1银色磁吸指环*买2送1', 22, 6, 96, 117),
('564876133250', 'Asus/华硕Z240IC独显i5家用学生商务办公游戏台式全套一体机电脑', 6299, 'computer/whole machine/564876133250', 'yes', '证书编号：2017010901942122++证书状态：有效++申请人名称：华硕电脑股份有限公司++制造商名称：华硕电脑股份有限公司++产品名称：华硕All-in-One计算机++3C产品型号：ZN241xxxxxxxxxxx(x可以为0-9,A-Z,a-z,-,.,/,\\,_或空格...++3C规格型号：ZN241xxxxxxxxxxx(”x”可以为0-9,A-Z,a-z,“-”,“.”,“/”,...++产品名称：Asus/华硕Z240ICGK--++型号:I5-6400T++华硕型号:Z240ICGK--++显卡型号:GTX9602G独显++内存容量:8GB++内存类型:DDR42133++硬盘容量:1TB++显卡类型:NVIDIAGeForceGTX960M++型号:GTX960M++显示器类型:LDE背光IPS屏++操作系统:WINDOWS10', 100, 1, 6, 118),
('569366750366', 'POLVCDG/铂典K1游戏耳机入耳式手机电脑带麦头戴式电竞吃鸡耳麦台式笔记本cf竞技绝地求生听声辩位专用神器', 109, 'entertainment/headset/569366750366', 'yes', '产品名称：POLVCDG/铂典K1++上市时间:2018-05-08++保修期:12个月++兼容平台:ANDROIDWindowsPhoneiOS++套餐类型:官方标配++是否线控:是++灵敏度:96dB/mW++生产企业:广州永和电子有限公司++耳机发声原理:动圈++适用音乐类型:通用++阻抗:16Ω++频响范围:20-20000Hz++颜色分类:魅力红绅士黑++佩戴方式:入耳式++耳机类型:有线++有无麦克风:带麦++耳机售后服务:店铺三包++插头直径:3.5mm++耳机插头类型:直插型++缆线长度:130cm++耳机类别:手机线控耳机HIFI耳机++品牌:POLVCDG/铂典++型号:K1', 38, 11, 50, 119),
('41876339014', '乔安无线摄像头wifi智能网络远程手机高清夜视家用室内监控器套装', 129, 'photography/video camera/41876339014', 'yes', '内存容量:16GB32GB64GB8GB++呈像颜色:彩色++品牌:乔安++型号:JA-770*R-W(X)++智能类型:其他++质保年限:2年++焦距:2.8mm++焦段:标准++清晰度:720p960P1080p++感光面积:1/3英寸++同城服务:同城卖家送货上门++有效距离:10(含)-30m(不含)++镜头大小规格:2.8mm', 44, 9, 24, 120),
('562611485808', 'Canon/佳能EOS800D18-55套机入门级单反相机高清数码旅游', 3570, 'photography/SLR/562611485808', 'no', '传输类型:NFC传输++单反级别:入门级++屏幕尺寸:3英寸及以上++像素:2426万++储存介质:SD卡++成色:全新++电池类型:锂电池++售后服务:店铺三包++颜色分类:港版800D单机不带镜头港版800D+18-55三代镜头港版800D+18-55STM防抖镜头港版800D+50/1.8人像镜头港版800D+18-135STM镜头港800D+腾龙18-200vc镜头港800D+18-55/55-250双头港版800D+18-200is镜头国行800D+18-55STM防抖镜头国行800D+50/1.8人像镜头国行800D+18-135STM镜头国行800D+腾龙18-200VC镜头国行800D+18-55三代镜头国行800D+18-55/55-250双头国行800D+18-200is镜头港版单机不带镜头无配件++套餐:官方标配套餐一套餐二套餐三套餐四套餐五套餐六套餐七套餐八++单反画幅:APS-C画幅++感光元件类型:CMOS++对焦点数:35点++重量:601g(含)-700g(含)++取景器类型:光学取景器++是否支持外接闪光灯:支持++是否支持机身除尘:支持++是否支持机身马达:不支持++传感器尺寸:23.6mmx15.6mm++品牌:Canon/佳能++佳能单反系列:佳能800D(18-55mm)', 30, 7, 27, 121),
('567995580412', '直播设备全套声卡套装手机喊麦通用苹果快手全民K歌主神器麦克风', 198, 'entertainment/microphone/567995580412', 'yes', '上市时间:2018-04-20++使用方式:悬挂式++供电方式:内置锂电池++品牌:斯科雷++型号:i10++有无线:有线++颜色分类:i10直播声卡（黑色）i10黑色声卡+小奶瓶（黑色）i10黑色声卡+小奶瓶（白色）i10黑色声卡+小奶瓶（粉色）i10黑色声卡+e300（套餐二）i10直播声卡（粉色）i10粉色声卡+小奶瓶（黑色）i10粉色声卡+小奶瓶（白色）i10粉色声卡+小奶瓶（粉色）i10粉色声卡+e300（套餐二）++麦克风类型:电容式直播专用麦克风++声道:2++适用对象:手机直播专用++指向特征:心型指向++喇叭单元:无喇叭', 39, 13, 54, 122),
('549349181749', 'Sony/索尼SRS-XB10无线蓝牙音箱重低音炮迷你便携式户外小音响', 299, 'entertainment/speakers/549349181749', 'no', '产品名称：Sony/索尼SRS-XB10++供电方式:内置锂电池++保修期:12个月++功能:NFC功能通话功能防水++套餐类型:官方标配++播放时长:16小时++生产企业:索尼中国有限公司++连接方式:蓝牙连接++适用人群:通用++重量:260g++颜色分类:黑色红色白色黄色蓝色绿色++品牌:Sony/索尼++型号:SRS-XB10', 88, 12, 73, 123),
('567736144980', 'VR眼镜rv虚拟现实3d手机专用ar一体机4d苹果4华为谷歌眼睛游戏5代', 268, 'smart device/smart glasses/567736144980', 'no', '兼容平台:ANDROIDMIUIiOS阿里巴巴云OS++品牌:ugp++颜色分类:调节式耳机-送遥控-标配版调节式耳机-送遥控-影视版调节式耳机-送遥控-畅玩版调节式耳机-送遥控-沉浸版调节式耳机-送遥控-科幻版调节式耳机-送遥控-黑金版123456', 52, 15, 62, 124),
('523281232459', '诺必行T-5蓝牙耳机挂耳式超小无线迷你隐形运动型入耳塞开车微型头戴式超长待机vivo苹果oppo可接听电话手机', 30, 'entertainment/headset/523281232459', 'yes', '产品名称：诺必行T-5++传输半径:10m++使用方式:挂耳式++保修期:12个月++品牌:诺必行++型号:T-5++套餐类型:官方标配++待机时间:3天++是否单双耳:双边立体声++生产企业:深圳市龙岗区南湾美声达电子厂++蓝牙版本:4.1++颜色分类:皎洁白【高配版+超值大礼包】深邃黑【高配版+超值大礼包】科技银【高配版+超值大礼包】土豪金【高配版+超值大礼包】玫瑰金【高配版+超值大礼包】皎洁白【嗨玩版超长15h连续听歌+大礼包】深邃黑【嗨玩版超长15h连续听歌+大礼包】科技银【嗨玩版超长15h连续听歌+大礼包】土豪金【嗨玩版超长15h连续听歌+大礼包】玫瑰金【嗨玩版超长15h连续听歌+大礼包】++传输半径:10m++声道:2++功能:支持音乐++耳机与播放设备连接方式:蓝牙连接', 79, 11, 22, 125),
('35329242060', '苹果笔记本电脑保护壳macbook12寸air13寸pro磨砂透明11配件15套', 46, 'computer/accessories/35329242060', 'yes', '品牌:科迅之星++炫彩贴颜色:【人气】磨砂--糖果绿【人气】磨砂--粉色【人气】磨砂--红色【人气】磨砂--湖蓝【人气】磨砂--透明/白色【人气】磨砂--黑色直接拍喜欢的颜色，然后备注型号即可，点击图片查看/核对型号【A1286】老款带光驱款Pro15寸不适用【新品】奶油系列-蔷薇粉（送同色键盘膜）【新品】奶油系列-奶油白（送同色键盘膜）【新品】奶油系列-薰衣草（送同色键盘膜）【新品】奶油系列-西柚红（送同色键盘膜）【新品】奶油系列-寂静蓝（送同色键盘膜）高透裸机视觉壳（送透明键盘膜）++生产企业:深圳市新通力科技有限公司++风格:简约', 98, 2, 100, 126),
('555659839996', '因卓G7500电脑游戏耳机头戴式电竞台式带麦话筒绝地求生耳麦吃鸡', 79, 'entertainment/headset/555659839996', 'yes', '产品名称：因卓G7500++保修期:36个月++兼容平台:ANDROIDWindowsPhoneiOS++套餐类型:官方标配套餐一++是否线控:是++灵敏度:115dB/mW++生产企业:东莞市酷弦电子科技有限公司++适用音乐类型:ACG动漫游戏控类型++阻抗:20Ω++频响范围:20-2000Hz++颜色分类:黑蓝7.1声道黑红7.1声道黑蓝震动版黑红震动版白蓝震动版黑蓝3.5单插版黑红3.5单插版白蓝3.5单插版黑蓝基础版黑红基础版白蓝基础版++佩戴方式:头戴护耳式++耳机类型:有线++有无麦克风:带麦++耳机售后服务:店铺三包++插头直径:3.5mm++耳机插头类型:直插型++耳机输出音源:PC电脑++缆线长度:2.1m++耳机类别:普通耳机手机线控耳机HIFI耳机++品牌:因卓++型号:G7500', 74, 11, 91, 127),
('568017718965', '多功能智能触屏led手环血压血氧运动男女孩学生防水儿童计步手表s', 70, 'smart device/smart bracelet/568017718965', 'no', '上市时间:2018年春季++兼容平台:ANDROIDiOS++功能:定位心率监测拍照智能提醒睡眠监测社交娱乐蓝牙通话计步遥控自拍防水++厚度:8mm++品牌:圣斯登++型号:ss2-7025++品牌产地:国内++售后服务:全国联保++存储容量(RAM):10MB++屏幕分辨率:0x0像素++屏幕尺寸:1英寸++形状:长方形++手表镜面材质:有机玻璃镜面++摄像头像素:0像素++无线距离:5m(含)-10m(含)++显示方式:数字式++机芯类型:智能机芯++电池容量:50mAh++直径:38mm++表壳材质:橡胶++表带材质:橡胶++表底类型:普通++表扣款式:皮带暗扣++连接方式:USB蓝牙连接++适用对象:中性++重量:50g++防水深度:0M++颜色分类:深蓝色白色红色绿色蓝色黑色', 58, 14, 94, 128),
('568688683350', '华为荣耀magicbook笔记本贴纸14英寸电脑外壳保护套配件机身贴膜', 23, 'computer/accessories/568688683350', 'no', '品牌:emotal/伊莫图++炫彩贴颜色:冰河银1件套冰河银2件套冰河银3件套冰河银4件套冰河银6件套星空灰1件套星空灰2件套星空灰3件套星空灰4件套星空灰6件套磨砂透明1件套磨砂透明2件套磨砂透明3件套磨砂透明4件套磨砂透明6件套拉丝银1件套拉丝银2件套拉丝银3件套拉丝银4件套拉丝银6件套玫瑰金2件套玫瑰金3件套玫瑰金4件套玫瑰金6件套++生产企业:广州伊莫图++风格:简约', 100, 2, 36, 129),
('570304646406', '智能手环防水心率血压适配小米2华为荣耀3彩屏运动苹果手表男女', 189, 'smart device/smart bracelet/570304646406', 'no', '保修期:12个月++兼容平台:ANDROIDiOS++功能:心率监测拍照智能提醒睡眠监测社交娱乐计步遥控自拍防水++品牌:freeson++型号:v10++生产企业:深圳市捷新创展科技有限公司++颜色分类:红色深蓝色黑色++适用对象:android平台苹果iOS平台++无线距离:5m(含)-10m(含)', 65, 14, 94, 130),
('39473999782', '苹果笔记本macbookAir保护壳Pro13寸13.3电脑15外壳套12配件11新', 28, 'computer/accessories/39473999782', 'no', '品牌:倍晶++炫彩贴颜色:岩沙壳透白（备注型号）岩沙壳黑色（备注型号）奶油壳蔷薇粉（备注型号）奶油壳苹果银（备注型号）奶油壳玫瑰金（备注型号）奶油壳深空灰（备注型号）奶油壳马卡蓝（备注型号）奶油壳宁静蓝（备注型号）奶油壳清雅灰（备注型号）奶油壳蔷薇粉送同色膜塞（备注型号）奶油壳苹果银送同色膜塞（备注型号）奶油壳玫瑰金送同色膜塞（备注型号）奶油壳深空灰送同色膜塞（备注型号）奶油壳马卡蓝送同色膜塞（备注型号）奶油壳宁静蓝送同色膜塞（备注型号）奶油壳清雅灰送同色膜塞（备注型号）奶油壳蔷薇粉送透光功能膜塞（备注型号）奶油壳苹果银送透光功能膜塞（备注型号）奶油壳玫瑰金送透光功能膜塞（备注型号）奶油壳深空灰送透光功能膜塞（备注型号）奶油壳马卡蓝送透光功能膜塞（备注型号）奶油壳宁静蓝送透光功能膜塞（备注型号）奶油壳清雅灰送透光功能膜塞（备注型号）++生产企业:深圳市驱宇科技有限公司++风格:欧美', 100, 2, 12, 131),
('570123074998', '无线摄像头监控家用手机wifi智能远程监控器高清套装', 139, 'photography/video camera/570123074998', 'yes', '内存容量:16GB32GB64GB无++呈像颜色:彩色++品牌:锐尔朗++型号:RER-IPC228-200W++智能类型:其他++质保年限:3年++焦距:6mm++焦段:标准++清晰度:1080p++感光面积:1/3英寸++同城服务:同城物流送货上门++有效距离:10(含)-30m(不含)++镜头大小规格:3.6mm', 95, 9, 98, 132),
('557467580687', '床上用手机支架直播神器懒人看电视床头手机架通用夹配件支撑架子', 28, 'phone/accessories/557467580687', 'no', '品牌:X＆X++生产企业:深圳标尔科技有限公司++适用场景:床头++颜色分类:【绅士黑】手机床上支架【纯洁白】手机床上支架【绅士黑】手机床上落地支架（加高）【纯洁白】手机床上落地支架（加高）++货号:87971357', 52, 6, 84, 133);
INSERT INTO `itcast_goods` (`gid`, `gname`, `price`, `thumb`, `status`, `description`, `stock`, `cid`, `sales`, `turn`) VALUES
('568953629816', '优幻智能手环女2小米3多功能vivo计步器oppo苹果女款防水运动手表3代1健康4代蓝牙miui三代4代通用', 179, 'smart device/smart bracelet/568953629816', 'no', '上市时间:2018-01-01++保修期:12个月++兼容平台:ANDROIDiOS++功能:心率监测智能提醒睡眠监测社交娱乐计步遥控自拍防水++品牌:优幻++型号:YH-623++生产企业:优幻电子贸易有限公司++颜色分类:黑金【心率、拍照、音乐、微信计步、跑步】粉色【心率、拍照、音乐、微信计步、跑步】黑色【心率、拍照、音乐、微信计步、跑步】金色【心率、拍照、音乐、微信计步、跑步】++无线距离:5m(含)-10m(含)', 14, 14, 27, 134),
('559846357026', 'Canon/佳能EOS6D24-1056D2全画幅专业单反高清旅游数码照相机', 5500, 'photography/SLR/559846357026', 'yes', '产品名称:Canon/佳能EOS6D套机(24-70mm)++传输类型:其他/other++接口类型:佳能口++单反级别:高级++是否支持机身防抖:机身不防抖++屏幕尺寸:3英寸++像素:2020万++储存介质:SD卡++成色:全新++电池类型:锂电池++售后服务:全国联保++颜色分类:佳能6D（单机不带镜头）四码合一佳能6D+24-105F4一代镜头佳能6D+24-70F4镜头佳能6D+17-40F4镜头佳能6D+50-1.8STM镜头佳能6D+50-1.4USM镜头佳能6D2单机不带镜头佳能6D2+24-105F4一代镜头佳能6D2+24-70F4镜头佳能6D2+50-1.8STM镜头佳能6D2+24-105二代镜头++套餐:官方标配套餐一套餐二套餐三套餐四套餐五套餐六套餐七套餐八++单反画幅:全画幅++感光元件类型:CMOS++对焦点数:11点++重量:701g(含)-800g(含)++取景器类型:光学取景器++是否支持外接闪光灯:支持++是否支持机身除尘:支持++是否支持机身马达:不支持++反光装置:五棱镜++传感器尺寸:22.3mmx14.9mm++品牌:Canon/佳能++佳能单反系列:EOS6D套机(24-70mm)', 78, 7, 65, 135),
('566651265676', '超薄独显酷睿i5i7触摸四核一体机电脑家用办公游戏台式主机全套', 1198, 'computer/whole machine/566651265676', 'no', 'CCC证书编号:2016010901895325++产地:中国大陆++品牌:Sarpory++型号:HD8330++能效等级:无++颜色分类:A1套餐A2套餐A3套餐B1套餐B2套餐B3套餐B4套餐B5套餐B6套餐B7套餐C1套餐C2套餐C3套餐C4套餐C5套餐D1套餐D2套餐D3套餐D4套餐D5套餐++屏幕尺寸:21.5英寸++内存容量:4GB++内存类型:DDR3++硬盘容量:60GB++显卡类型:核芯显卡++显存容量:共享系统内存++显示器类型:LED++操作系统:Windows7', 100, 1, 51, 136),
('569733334830', '千幻魔镜3D眼镜VR虚拟现实头戴式游戏4d手机专用ar一体机眼睛rv', 148, 'smart device/smart glasses/569733334830', 'no', '兼容平台:ANDROIDBlackberryMIUISymbianWindowsMobileiOS百度云OS阿里巴巴云OS++品牌:千幻魔镜++颜色分类:【非遥控--高清标配版】【送遥控--蓝光影视版】【送遥控--蓝光畅玩版】【游戏手柄--蓝光沉浸版】【游戏手柄--纳米科幻版】【手柄+AR枪--纳米虚幻版】【手柄+AR弓--纳米炫幻版】', 16, 15, 84, 137),
('538799343873', 'Miss外设店Ajazz/黑爵AJ52游戏鼠标宏鼠标USB有线电脑鼠标LOL/CF', 69, 'computer/peripherals/538799343873', 'yes', '产品名称:Ajazz/黑爵AJ52++品牌:Ajazz/黑爵++型号:aj52++套餐类型:官方标配++颜色分类:黑色竞技白色竞技黑色星辰白色星辰++工作方式:光电++接口类型:USB++按键数:7个++光学分辨率:2400dpi++是否支持人体工程学:支持++成色:全新', 96, 3, 64, 138),
('567594121010', 'havit/海威特I31无线运动蓝牙耳机跑步双耳耳塞挂耳入耳颈挂脖式头戴迷你超小手机微型隐形开车苹果通用篮牙', 100, 'entertainment/headset/567594121010', 'yes', '产品名称：havit/海威特I31++上市时间:2018-04-17++传输半径:10m++使用方式:入耳式++保修期:36个月++品牌:havit/海威特++型号:i31++套餐类型:官方标配++待机时间:30天++是否单双耳:双边立体声++生产企业:东莞合律美电子科技有限公司++蓝牙版本:4.1++颜色分类:金属黑-超小不挑耳【强劲音质+3年质保】活力红-超小不挑耳【强劲音质+3年质保】时尚蓝-超小不挑耳【强劲音质+3年质保】++传输半径:10m++声道:2++功能:支持音乐++防尘性能:IP6X++耳机左右腔体间连接方式:有线连接++耳机与播放设备连接方式:蓝牙连接', 4, 11, 85, 139),
('569739032481', 'Nikon/尼康D340018-55VR镜头套机单反相机入门级高清旅游数码', 1690, 'photography/SLR/569739032481', 'yes', '产品名称:Nikon/尼康D340018-55VRKIT++传输类型:蓝牙传输++单反级别:入门级++是否支持机身防抖:机身不防抖++屏幕尺寸:3英寸++像素:2416万++储存介质:SD卡++成色:全新++电池类型:锂电池++售后服务:全国联保++颜色分类:国行D3400【单机没镜头】不包邮国行D3400【18-55VR】防抖镜头国行D3400【18-105VR】中长焦国行D3400【18-140VR】中长焦国行D3400【501.8G】人像镜头国行D3400+腾龙18-200VC长镜头国行D3400+501.8G+腾龙18-200++套餐:官方标配套餐一套餐二套餐三套餐四套餐五套餐六套餐七套餐八++单反画幅:APS-C画幅++感光元件类型:CMOS++对焦点数:11点++重量:301g(含)-400g(含)++取景器类型:单反取景++是否支持外接闪光灯:支持++是否支持机身除尘:不支持++是否支持机身马达:不支持++反光装置:五面镜++传感器尺寸:23.5mmx15.6mm++品牌:Nikon/尼康++尼康单反系列:D340018-55VRKIT', 71, 7, 86, 140),
('569950203351', '儿童智能机器人早教机对话语音高科技玩具小男孩女孩学习教育遥控', 288, 'smart device/smart robot/569950203351', 'yes', '证书编号：2015010805789743++证书状态：有效++申请人名称：深圳童之声科技有限公司++制造商名称：深圳童之声科技有限公司++产品名称：K密故事机(有音频播放和存储功能）++3C产品型号：型号：K1K2K3K4K5K6K7K8K9K10K11K12K13K14...++3C规格型号：见附件(不带适配器销售)++产地:中国大陆++品牌:msmktoys++型号:K3++玩具类型:塑胶玩具++货号:K3++颜色分类:标配【16G内存卡+麦克风】++适用年龄:2岁3岁4岁5岁6岁7岁8岁9岁10岁11岁12岁13岁14岁++套餐类型:官方标配++材质:塑料', 13, 16, 98, 141),
('560522785576', '卡通可爱手指短绳指环挂扣手机配件防摔手指扣硅胶', 10, 'phone/accessories/560522785576', 'yes', '品牌:糖潮韩购++型号:卡通手指指环挂扣++挂件颜色:棕熊兔子熊本KT露娜猫米奇米妮++材质:其他', 30, 6, 62, 142),
('528025460498', '新盟机械蛇有线鼠标游戏电竞笔记本电脑加重宏编程网吧外设cflol', 39, 'computer/peripherals/528025460498', 'yes', '产品名称：Technology/新盟XM-M32...++保修期:12个月++品牌:Technology/新盟++型号:XM-M326++套餐类型:官方标配++生产企业:深圳市众嘉悦电子有限公司++颜色分类:黑色(基础版)白色(基础版)黑色(加强版带宏编程)白色(加强版带宏编程)++工作方式:光电++接口类型:USB++按键数:6个++光学分辨率:4000dpi++是否支持人体工程学:支持++成色:全新++售后服务:全国联保', 60, 3, 39, 143),
('567739291761', '军视高清无线家用微型手机wifi夜视摄像头远程网络监控器套装', 209, 'photography/video camera/567739291761', 'no', '呈像颜色:黑白++品牌:军视++型号:M6++智能类型:其他++质保年限:2年++焦段:标准++感光面积:1/3英寸++同城服务:同城物流送货上门++有效距离:10(含)-30m(不含)++镜头大小规格:2.8mm', 49, 9, 44, 144),
('557070169685', '绝地大逃杀i5非二手吃鸡游戏台式组装电脑主机办公整机全套', 1599, 'computer/whole machine/557070169685', 'no', '品牌:SK++CPU系列:Intel/英特尔酷睿i5++CPU型号:750++主板结构:ATX++主板芯片组类型:IntelH55++显卡系列:GTX1050++显存容量:2GB++内存容量:8GB++硬盘类型:机械硬盘++硬盘容量:500GB++电源功率:230W++电源80PLUS认证:不支持++散热方式:风冷++光驱类型:无光驱++套餐类型:套餐一套餐二套餐三套餐四套餐五套餐六套餐七++显存位宽:128bit++显存类型:GDDR5++CPU主频:2.4GHz(含)-2.8GHz(不含)++内存类型:DDR3++CPU核心数:四核心++内存频率:1600MHz++显卡品牌:Colorful/七彩虹++主板品牌:MAINBOARD/科脑++内存品牌:SK（数码）++硬盘品牌:SK（数码）++电源品牌:pccooler/超频三++机箱品牌:GoldenField/金河田++散热设备品牌:pccooler/超频三++机箱结构:ATX++配置类型:疯狂游戏型++显卡类型:独立显卡++独立显卡型号:其他/other', 100, 1, 21, 145),
('563357008719', '手机桌面支架夹子头直播多位三脚架配件平板电脑通用云台懒人拍照', 10, 'computer/accessories/563357008719', 'yes', '品牌:JOHNK/中客++适用场景:桌面++颜色分类:1机位-手机夹2机位-手机夹3机位-手机夹4机位-手机夹5机位-手机夹5号-手机横竖夹子【金属】双孔手机夹四方平板夹条形3-14寸手机平板通用夹(黑色)2合1-手机平板通用夹1/4小接口云台(不配夹)3/8大接口云台(不配夹)蓝牙遥控器-黑色提示:此链接只是夹子头(不配底座1机位+桌面伸缩架2机位+桌面伸缩架4机位+桌面伸缩架条形平板夹+桌面伸缩架2米三脚架+1机位2米三脚架+2机位2米三脚架+3机位2米三脚架+4机位2米三脚架+5机位2米三脚架+条形平板夹++货号:三脚架配件', 100, 2, 68, 146),
('546387601869', 'A3手动压痕机名片卡片纸张折痕印后设备线小单线照片贺卡迷你办公', 295, 'computer/office equipment/546387601869', 'yes', '装订机品牌:古德++型号:A3', 9, 4, 68, 147),
('568443800643', '智能手环男女心率血压监测小米3防水彩屏手表运动跑步计步器华为', 208, 'smart device/smart bracelet/568443800643', 'yes', '保修期:12个月++品牌:WAAWO++型号:A16++生产企业:深圳市爱泡智能科技有限公司++颜色分类:炫酷黑白色已售空如需白色请拍其他颜色备注送白色表带紫色已售空如需神秘紫请拍其他颜色备注送神秘紫表带中国红++适用对象:android平台苹果iOS平台++无线距离:5m(含)-10m(含)', 7, 14, 66, 148),
('537098003806', '逊镭高拍仪1000万像素高清A4扫描仪便携式拍摄仪学校办公扫描设备', 258, 'computer/office equipment/537098003806', 'yes', '证书编号：2017010906994454++证书状态：有效++产品名称：高拍仪（扫描仪）++3C规格型号：SD-1000;G5;G10;G20;G30;G60;G80;G90;SD-500;SD-2000;...++品牌:NTEUMM/逊镭++型号:SD-1000++生产企业:迅镭智能（广州）科技有限公司++颜色分类:500万像素高拍仪1000万像素高拍仪++扫描元件:CMOS++扫描仪类型:高拍仪++售后服务:全国联保++最大幅面:A4++接口类型:USB2.0++光学分辨率(dpi):2400x4800dpi', 28, 4, 80, 149),
('548885618515', '小米VR眼镜PLAY2头戴式3D虚拟现实看电影电视神器智能魔镜', 79, 'smart device/smart glasses/548885618515', 'yes', '兼容平台:MIUI++品牌:Xiaomi/小米++型号:VR眼镜PLAY2++颜色分类:太空灰', 50, 15, 96, 150),
('569793001478', '魅声T8E300声卡套装喊麦通用手机直播设备全套全民k歌麦克风话筒', 688, 'entertainment/microphone/569793001478', 'no', '产品名称：魅声T8E300++使用方式:悬挂式++供电方式:外接供电++保修期:36个月++品牌:魅声++型号:T8E300++有无线:有线++生产企业:深圳魅声电子科技有限公司++颜色分类:T8-E300++麦克风类型:电容式++声道:2++适用对象:手机电脑直播专用录音专用其他/other++指向特征:心型指向++套餐名称:套餐一', 96, 13, 40, 151),
('565737556106', '现货送相机包Sony/索尼A7M3ILCE-7M3A73A7III全画幅微单国行', 11650, 'photography/micro-camera/565737556106', 'yes', '产品名称:Sony/索尼ILCE-7M3++传输类型:NFC传输++单反画幅:全画幅++级别:高级++品牌:Sony/索尼++索尼单电系列:ILCE-7M3++像素:约2420万++显示屏类型:触摸屏++液晶屏尺寸:3.0英寸++颜色分类:A7M3国行机身(原封独立包装)A7M3蔡司24-70/4套机国行原封A7M3蔡司16-35/4套机国行原封A7M324-240套机国行原封A7M3大师24-70/2.8套机国行原封A7M3蔡司55/1.8套机国行原封A7M3蔡司35/1.4套机国行原封A7M3蔡司35/2.8套机国行原封A7M3大师16-35/2.8套机国行原封A7M324-105G套机国行原封A7M3K（28-70）套机国行原封A7m3裸机身(不含配件)ILCE-7M3国行单机身(套机拆出）A7M3+全画幅适马E50/1.4国行A7M3+全画幅适马E85/1.4国行++成色:全新++售后服务:全国联保++套餐类型:官方标配套餐一套餐二套餐三套餐四套餐五套餐六套餐七套餐八++单电套装类型:机身++传感器尺寸:35mm全画幅++感光元件类型:CMOS++重量:401g(含)-500g(含)', 6, 8, 39, 152),
('567257300864', '雅兰仕S18无线蓝牙音箱户外迷你手机小音响家用便携式超重低音炮支付宝微信语音播报扩音器二维码收款提示机', 100, 'entertainment/speakers/567257300864', 'yes', '产品名称：EARISE/雅兰仕S18++供电方式:内置锂电池++保修期:12个月++功能:插卡收音机通话功能防尘++喇叭单元:三喇叭++套餐类型:官方标配++尺寸:130x85x82mm++播放时长:12小时++是否支持APP:是++生产企业:东莞市美之尊电子科技有限公++连接方式:3.5MM音频插口USB蓝牙连接读卡器++适用人群:通用++重量:300g++颜色分类:炫酷黑【震撼双振膜终身质保换新】中国红【震撼双振膜终身质保换新】科技银【震撼双振膜终身质保换新】土豪金【震撼双振膜终身质保换新】魅海蓝【震撼双振膜终身质保换新】++额定功率:5W++品牌:EARISE/雅兰仕++型号:S18', 53, 12, 68, 153),
('568710281831', '监控器高清套装无线wifi室内家用监控微型摄像头手机远程网络夜视', 312, 'photography/video camera/568710281831', 'no', '呈像颜色:彩色++品牌:警视卫++型号:KS-T10++智能类型:其他++质保年限:2年++焦段:广角++感光面积:1/4英寸++同城服务:同城买家上门提货++有效距离:10(含)-30m(不含)++镜头大小规格:2.8mm', 71, 9, 87, 154),
('553196384168', 'AULA/狼蛛A1电脑耳机头戴式耳麦吃鸡游戏台式网吧电竞带麦话筒cf', 80, 'entertainment/headset/553196384168', 'no', '产品名称：AULA/狼蛛A1++保修期:12个月++兼容平台:ANDROIDWindowsPhoneiOS++套餐类型:官方标配++是否线控:是++灵敏度:114dB/mW++生产企业:东莞市索艾电子科技有限公司++适用音乐类型:ACG动漫游戏控类型++阻抗:16Ω++频响范围:20-20Hz++颜色分类:黑色-7.1版黑蓝-7.1版黑色-2.0版白色-2.0版【升级版】黑色-7.1版【升级版】黑色-2.0版++佩戴方式:头戴护耳式++耳机类型:有线++有无麦克风:带麦++耳机售后服务:全国联保++插头直径:3.5mm++耳机插头类型:直插型++耳机输出音源:PC电脑++缆线长度:2.2m++耳机类别:普通耳机手机线控耳机++品牌:AULA/狼蛛++型号:A1', 81, 11, 100, 155),
('559893539260', '绝地求生i7/GTX1050Ti独显吃鸡组装电脑主机游戏台式全套DIY整机', 1868, 'computer/whole machine/559893539260', 'no', '产品名称：Colorful/七彩虹IntelH...++品牌:Colorful/七彩虹++CPU系列:Intel/英特尔酷睿i7++CPU型号:4770k++主板结构:M-ATX++主板芯片组类型:IntelH81++显卡系列:GTX1050TI++显存容量:4GB++内存容量:8GB16GB++硬盘类型:固态硬盘(SSD)++硬盘容量:配置一配置二配置三配置四配置五++电源功率:400W++电源80PLUS认证:不支持++散热方式:风冷++光驱类型:无光驱++生产企业:聚汇天诚++保修期:12个月', 100, 1, 35, 156),
('567060506259', '大功率吸吹风机吸尘器鼓风机办公设备家用电脑复印机清洁工具', 75, 'computer/office equipment/567060506259', 'no', '品牌:捷顺++型号:2018++颜色分类:1000W（无赠品）1500W至尊款（送16件套)1000W普通款（送16件套)1000W加强款（送16件套)6档调速加强款（送16件套)1200W专业款（送16件套)1800W龙尊款（送16件套)', 76, 4, 49, 157),
('8540077011', 'Edifier/漫步者R101V笔记本电脑音响家用台式迷你小音箱重低音炮', 129, 'entertainment/speakers/8540077011', 'no', '证书编号：2009010801345244++证书状态：有效++申请人名称：北京爱德发科技有限公司++制造商名称：北京爱德发科技有限公司++产品名称：多媒体有源音箱++3C产品型号：R101T06：220VAC，50Hz，70mA;R101V：220VAC，50Hz，65mA;...++3C规格型号：R101T06：220VAC，50Hz，70mA;R101V：220VAC，50Hz，65mA;...++产品名称：Edifier/漫步者R101V++保修期:12个月++包装体积:162（宽W）×226（高H）×206（深D）mm++声道:2.1++成色:全新++毛重:3kg++生产企业:东莞市漫步者科技有限公司++电源方式:交流电++箱体材质:木++采购地:中国大陆++颜色分类:黑色蓝牙版黑色++售后服务:全国联保++品牌:Edifier/漫步者++漫步者型号:R101V', 57, 12, 51, 158),
('565180237734', '小苍外设店吃鸡机械键盘牧马人游戏电脑网吧网咖电竞青轴可换轴', 125, 'computer/peripherals/565180237734', 'yes', '产品名称：狼途G200++保修期:12个月++品牌:狼途++型号:G200++套餐类型:官方标配++是否机械键盘:机械键盘++生产企业:深圳市跬步电子++颜色分类:G200黑色橙光-青轴G200黑色炫彩-青轴G200银色冰蓝-青轴G200蓝色白光-青轴++是否支持即插即用:支持++连接方式:有线++是否有多媒体功能键:有++接口类型:USB++是否支持人体工程学:支持++成色:全新', 31, 3, 90, 159),
('563863522781', '分期免息Samsung/三星GALAXYS8+plus港版港行美版全网通4G手机', 2368, 'phone/phone/563863522781', 'yes', '', 35, 5, 53, 160),
('561909419708', '整理架放置架集中玩客云设备办公展示组合客厅路由器置物架货架子', 20, 'computer/office equipment/561909419708', 'no', '品牌:见描述++型号:无++颜色分类:【普通3层】白色【普通2层】白色【普通1层】白色【加固1层】白色【加固2层】白色【加固3层】白色【加高2层】白色【加长1层】白色【加长2层】白色【加长加高1层】白色【加长加高2层】白色【加高1层】白色【网格1层】白色【网格1层】绿色【普通1层】白色3个29.97元【网格1层】绿色3个29.97元【网格1层】白色3个29.97元', 11, 4, 16, 161),
('562343529297', 'SkinAT苹果笔记本贴膜电脑外壳膜MacBookAir贴纸MacPro彩膜配件', 124, 'computer/accessories/562343529297', 'no', '品牌:skinat++炫彩贴颜色:熊猫躺航天小组月光星河星球之间Moon-Walk太空小白美少女星胭脂色粉色水彩胭脂云粉色羽毛无分界蓝色水粉红云夜空魅力宇宙黑色宇宙太白金星神奈川冲浪里星夜浪淘阳纹二白石桔蓝大理石混乱数学此款宝贝为两面贴膜，拍时请备注笔记本型号++生产企业:SkinAT++风格:简约', 100, 2, 23, 162),
('558540134751', 'Meizu/魅族魅蓝6八核AI全网通双卡双待拍照美颜学生老人手机', 599, 'phone/phone/558540134751', 'yes', '证书编号：2017011606993991++证书状态：有效++申请人名称：珠海市魅族科技有限公司++制造商名称：珠海市魅族科技有限公司++产品名称：TD-LTE数字移动电话机++3C产品型号：M711Q++产品名称：Meizu/魅族魅蓝6++CPU型号:MT6750++魅族型号:魅蓝6++机身颜色:香槟金月光银磨砂黑电光蓝++运行内存RAM:2GB3GB++存储容量:16GB32GB++网络模式:双卡双待', 81, 5, 42, 163),
('562799857244', '鲁奇亚高科技智能对话机器人玩具早教机wifi触摸屏声控学习机', 899, 'smart device/smart robot/562799857244', 'yes', '证书编号：2017012202950133++证书状态：有效++产品名称：视频玩具/陪伴智能机器人++3C规格型号：X7（粉色、蓝色）X7S（粉色、蓝色）X8（白色）++产地:中国大陆++品牌:LKIYA/鲁奇亚++型号:X8++玩具类型:塑胶玩具++货号:X8++适用年龄段:<14岁++颜色分类:陪伴学习机器人粉色X8陪伴智能机器人X8陪伴智能学习机器人++适用年龄:4岁5岁6岁7岁8岁++套餐类型:官方标配++材质:塑料++是否有导购视频:无', 80, 16, 65, 164),
('569290538019', '正品荣事达好帅二蛋机器人高科技智能教育语音对话儿童学习早教机', 1699, 'smart device/smart robot/569290538019', 'no', '兼容平台:ANDROIDiOS++品牌:HOST/好帅++型号:好帅二蛋Q6++尺寸:12x12x17cm++颜色分类:白色', 29, 16, 93, 165),
('43531465162', 'Razer/雷蛇利维坦巨兽5.1声道音响蓝牙电脑游戏重低音炮组合音箱', 1299, 'entertainment/speakers/43531465162', 'no', '产品名称：Razer/雷蛇利维坦巨兽++保修期:12个月++品牌:Razer/雷蛇++型号:利维坦巨兽++套餐类型:官方标配++生产企业:雷蛇++颜色分类:黑色++功能:其它++声道:5.1++扩展接口:其他/other++是否有收音功能:无收音功能++显示屏:无++是否带遥控器:无', 5, 12, 81, 166),
('559855159331', 'Canon/佳能EOSM100单头套机EF-M15-45mmISSTM佳能微单相机', 3199, 'photography/micro-camera/559855159331', 'yes', '产品名称：Canon/佳能EOSM100套机...++品牌:Canon/佳能++像素:2420万++传感器尺寸:22.3mmx14.9mm++感光元件类型:CMOS++存储类型:SD卡++闪光灯及附件类型:内置闪光灯++快门类型:电子快门', 7, 8, 86, 167),
('563141742911', '宁美国度黑爵电竞游戏发光鼠标垫吃鸡硬质防滑RGB背光电脑外设CF', 89, 'computer/peripherals/563141742911', 'no', '材质:铝++生产企业:黑爵++颜色分类:RGB幻彩++品牌:Ajazz/黑爵++型号:ARt', 46, 3, 80, 168),
('556804499329', '苹果笔记本保护壳macbookair电脑pro15透明磨砂13寸套12配件mac', 44, 'computer/accessories/556804499329', 'yes', '品牌:moby++炫彩贴颜色:水晶全透明【Air13.3】磨砂微透明【Air13.3】水晶全透明【新款pro13.3】磨砂微透明【新款pro13.3】水晶全透明【Macbook12寸】磨砂微透明【Macbook12寸】水晶全透明【proretina13.3】磨砂微透明【proretina13.3】水晶全透明【新款pro15.4】磨砂微透明【新款pro15.4】水晶全透明【proretina15.4】磨砂微透明【proretina15.4】水晶全透明【Air11.6】磨砂微透明【Air11.6】水晶全透明【老款pro13.3】磨砂微透明【老款pro13.3】水晶全透明【老款pro15.4】磨砂微透明【老款pro15.4】++生产企业:深圳市奇利新塑胶精密模具有限公司++风格:简约', 100, 2, 74, 169),
('544914785791', '雅兰仕全民K歌神器手机麦克风无线蓝牙家用唱歌儿童话筒音响一体电脑台式电容麦全能麦全名安卓苹果通用', 78, 'entertainment/microphone/544914785791', 'no', '产品名称：EARISE/雅兰仕全民K歌神...++使用方式:支撑式++供电方式:外接供电++保修期:12个月++品牌:EARISE/雅兰仕++型号:全民K歌神器++有无线:无线++生产企业:东莞市美之尊电子科技有限公司++颜色分类:免费刻字请联系客服（此链接勿拍）收藏加入购物车享30天无理由退换货、一年质保、送免费运费险玫瑰金【一体式蓝牙无线麦克风音箱+3防喷海绵套】土豪金【一体式蓝牙无线麦克风音箱+3防喷海绵套】炫酷黑【一体式蓝牙无线麦克风音箱+3防喷海绵套】中国红【一体式蓝牙无线麦克风音箱+3防喷海绵套】玫瑰金高配版【送皮质收纳包+3防喷海绵套】土豪金高配版【送皮质收纳包+3防喷海绵套】炫酷黑高配版【送皮质收纳包+3防喷海绵套】中国红高配版【送皮质收纳包+3防喷海绵套】变音基础版/玫瑰金【送AUX音频线+收纳盒+海绵套*3】变音基础版/土豪金【送AUX音频线+收纳盒+海绵套*3】变音基础版/经典黑【送AUX音频线+收纳盒+海绵套*3】变音基础版/中国红【送AUX音频线+收纳盒+海绵套*3】变音拓展版/玫瑰金【送AUX音频线+收纳盒+海绵套*3+转接头】变音拓展版/土豪金【送AUX音频线+收纳盒+海绵套*3+转接头】变音拓展版/经典黑【送AUX音频线+收纳盒+海绵套*3+转接头】变音拓展版/中国红【送AUX音频线+收纳盒+海绵套*3+转接头】++麦克风类型:电容式++声道:2++适用对象:手机++套餐名称:官方标配', 13, 13, 6, 170),
('548434117142', 'Panasonic/松下DC-GF9KGK数码美颜自拍微单电相机4K视频高清', 2998, 'photography/micro-camera/548434117142', 'no', '产品名称：Panasonic/松下DC-GF9K...++品牌:Panasonic/松下++传感器尺寸:17.3mmx13mm++感光元件类型:LiveMOS++存储类型:TF(microSD)卡++闪光灯及附件类型:内置闪光灯++快门类型:电子快门', 11, 8, 63, 171),
('562261693992', '锐曼小曼高科技智能对话机器人英语学习同步远程监控家庭陪伴礼物', 4699, 'smart device/smart robot/562261693992', 'yes', '保修期:12个月++兼容平台:ANDROIDiOS++品牌:Fujitsu/富士通++型号:小曼++型号:小曼++尺寸:33x30x59cm++材质:塑料++生产企业:深圳市京华信息技术有限公司++颜色分类:天蓝色粉红色', 98, 16, 37, 172),
('567842191776', '【分期免息】Apple/苹果iPhone7Plus国行7代7p三网通手机5.5寸', 3280, 'phone/phone/567842191776', 'yes', '', 25, 5, 92, 173),
('547507201416', '华硕一体机电脑V221家用办公学生电脑一体机台式电脑全套21.5英寸', 2699, 'computer/whole machine/547507201416', 'yes', '证书编号：2016010901920831++证书状态：有效++产品名称：华硕All-in-One计算机++3C规格型号：V221xxxxxxxxxxx(”x”可以为0-9,A-Z,a-z,“-”,“.”,“/”,...++产品名称：Asus/华硕V221-++华硕型号:V221-++显卡型号:集显++内存容量:4GB++内存类型:DDR3++硬盘容量:1TB++显卡类型:集成显卡++型号:集成显卡++显示器类型:IPS屏++操作系统:Windows10(64bit)', 100, 1, 11, 174),
('563524562011', '苹果笔记本电脑macbookpro转换器hub扩展坞type-c转接头usb-c配件', 96, 'computer/accessories/563524562011', 'yes', '品牌:LIVEYOURIDEAS/吉玛仕++接口性质:USB扩展HUB++生产企业:东莞市吉玛仕实业有限公司++长度:0.15m++颜色分类:深空灰[3个usb3.0]苹果银[3个usb3.0]玫瑰金[3个usb3.0]深空灰[2个usb3.0+读卡]苹果银[2个usb3.0+读卡]玫瑰金[2个usb3.0+读卡]深空灰[2个usb3.0+读卡+PD充电]苹果银[2个usb3.0+读卡+PD充电]玫瑰金[2个usb3.0+读卡+PD充电]深空灰[2个usb3.0+HDMI+PD充电]苹果银[2个usb3.0+HDMI+PD充电]玫瑰金[2个usb3.0+HDMI+PD充电]苹果银[2个usb3.0+HDMI+PD充电+网口+读卡]深空灰[2个usb3.0+HDMI+PD充电+网口+读卡]深空灰（2个usb3.0+hdmi）苹果银（2个usb3.0+hdmi）玫瑰金（2个usb3.0+hdmi）深灰色（全功能版）苹果银（全功能版）++是否外接电源:无外接电源++货号:type-c拓展坞', 100, 2, 51, 175),
('561058562455', 'LEWITT/莱维特LCT249PRO麦克风主播手机直播设备全套声卡套装', 2298, 'entertainment/microphone/561058562455', 'no', '产品名称：LEWITT/莱维特LCT249P...++使用方式:悬挂式++供电方式:外接供电++保修期:24个月++品牌:LEWITT/莱维特++型号:LCT249PRO++有无线:有线++生产企业:惠州莱维特电子有限责任公司++颜色分类:官方黑色电源套餐Upodpr0套餐K30套餐iconMicu套餐utrack套餐iconMobileU套餐icon4Nano套餐6Nano套餐Ultra4套餐STREAM套餐++麦克风类型:电容式++声道:1++适用对象:录音专用++指向特征:心型指向++套餐名称:套餐一', 14, 13, 39, 176),
('562716561423', '千幻魔镜6代vr眼镜虚拟现实rv头戴式3d游戏一体机ar眼睛手机专用', 148, 'smart device/smart glasses/562716561423', 'yes', '保修期:10年++兼容平台:ANDROIDBlackberryMIUISymbianWindowsMobileiOS百度云OS阿里巴巴云OS++品牌:千幻魔镜++型号:G04EA++生产企业:东莞市千幻魔镜实业有限公司++颜色分类:【千幻魔镜vr】【普通基础版】【千幻魔镜vr-蓝牙手柄】【高清影视版】【千幻魔镜vr-游戏手柄】【蓝光护眼畅想玩版】【千幻魔镜vr-王者手柄】【纳米镀膜沉浸版】【千幻魔镜vr-王者手柄+AR枪】【纳米镀膜魔幻版】【千幻魔镜vr-王者手柄+AR弓】【纳米镀膜虚幻版】', 56, 15, 33, 177),
('566890931794', '波比智能机器人玩具高科技教育学习陪伴对话儿童早教机男孩女孩', 689, 'smart device/smart robot/566890931794', 'no', '品牌:小桔灯++型号:A3++颜色分类:白色', 67, 16, 70, 178),
('565456539487', '莱昂凯外设店西伯利亚MG-1吃鸡入耳式游戏耳机电竞电脑有线耳塞', 119, 'computer/peripherals/565456539487', 'yes', '产品名称:西伯利亚MG-1++兼容平台:ANDROIDWindowsPhoneiOS++套餐类型:官方标配++是否线控:是++灵敏度:92dB/mW++耳机发声原理:动圈++适用音乐类型:ACG动漫游戏控类型++阻抗:32Ω++频响范围:20-20000Hz++颜色分类:MG-1MG-1+USB声卡++佩戴方式:入耳式++耳机类型:有线++有无麦克风:带麦++耳机售后服务:全国联保++插头直径:3.5mm++耳机插头类型:L弯型++耳机输出音源:通讯设备++缆线长度:1.2m++耳机类别:IOS线控耳机安卓线控耳机游戏耳机手机线控耳机++品牌:西伯利亚++型号:MG-1', 63, 3, 94, 179),
('22599224443', '多宝莱M13双耳电话机耳机无线座机听筒耳麦话务员固话客服静调音', 30, 'entertainment/headset/22599224443', 'yes', '产品名称：多宝莱M13++保修期:3个月++套餐类型:官方标配++是否线控:是++生产企业:徐州嘉泽通讯科技有限公司++颜色分类:双耳带麦闭音和耳机调音功能（电脑用）双耳带麦闭音和耳机调音功能（电话机用)双耳带麦闭音和耳机调音功能（手机用）++佩戴方式:头戴护耳式++耳机类型:有线++有无麦克风:带麦++耳机售后服务:全国联保++插头直径:其他++耳机插头类型:直插型++耳机输出音源:通讯设备++缆线长度:1.5米++耳机类别:IOS线控耳机主动降噪耳机安卓线控耳机定制化耳机普通耳机手机线控耳机HIFI耳机监听耳机运动耳机++品牌:多宝莱++型号:M13', 58, 11, 32, 180),
('539796756581', '德国巨炮GARINEMAXR3011电脑音响台式低音炮家用蓝牙音箱笔记本', 265, 'entertainment/speakers/539796756581', 'yes', '证书编号：2016010801879536++证书状态：有效++申请人名称：深圳市瑞尔泰科技有限公司++制造商名称：深圳市瑞尔泰科技有限公司++产品名称：有源音箱++3C产品型号：RT-3111、RT-3033、RT-3034、RT-3045、RT-3046、RT-3047、RT...++3C规格型号：RT-3111、RT-3033、RT-3034、RT-3045、RT-3046、RT-3047、RT...++产品名称：GARINEMAXR3011++保修期:12个月++包装体积:5.8++声道:2.1++成色:全新++毛重:6.82kg++生产企业:惠州市瑞尔泰科技有限公司++电源方式:交流电++箱体材质:木++采购地:中国大陆++颜色分类:进阶影院级爆炸50W爆炸音效3111.2018新升级蓝牙版带插卡遥控60W3111++售后服务:店铺三包++品牌:GARINEMAX++型号:R3011', 87, 12, 7, 181),
('536716677641', '得力814A时尚胶带座胶座彩色风格流畅造型锋利耐用办公用品', 6, 'computer/office equipment/536716677641', 'yes', '品牌:Deli/得力', 53, 4, 13, 182),
('540680353579', 'vr眼镜vivo苹果oppo小米max2华为荣耀note8奇艺3d手机专用rv眼睛', 96, 'smart device/smart glasses/540680353579', 'yes', '上市时间:2018-01-01++保修期:12个月++兼容平台:ANDROIDBlackberryMIUISymbianWindowsMobileiOS百度云OS阿里巴巴云OS++品牌:FiiTVR++型号:2N皮革版++生产企业:深圳二愣子科技有限公司++颜色分类:VR眼镜蓝光版无遥控【VR眼镜+观影手柄】-【蓝光观影版】VR眼镜+观影手柄+蓝牙耳机『沉浸影音版』【VR眼镜+游戏手柄】-【蓝光炫酷版】VR眼镜+游戏手柄+蓝牙耳机『蓝光豪华版』【VR眼镜+观影手柄+游戏手柄】-【蓝光尊享版】', 55, 15, 95, 183),
('564001608871', '骚男外设店E－3LUE/宜博EEP958电竞电脑吃鸡耳机入耳式耳麦', 99, 'computer/peripherals/564001608871', 'yes', '产品名称:E－3LUE/宜博EEP958++兼容平台:ANDROIDWindowsPhoneiOS++套餐类型:官方标配++是否线控:是++灵敏度:42dB/mW++耳机发声原理:动圈++适用音乐类型:通用++阻抗:16Ω++颜色分类:白色黑色++佩戴方式:入耳式++耳机类型:有线++有无麦克风:带麦++耳机售后服务:全国联保++插头直径:3.5mm++耳机插头类型:直插型++缆线长度:1.4米++耳机类别:IOS线控耳机游戏耳机手机线控耳机HIFI耳机运动耳机++品牌:E－3LUE/宜博++型号:EEP958', 63, 3, 51, 184),
('24274660126', '杭普VT200电话耳机客服耳麦话务员头戴式耳麦座机客服耳机', 19, 'entertainment/headset/24274660126', 'no', '产品名称：杭普VT200++保修期:12个月++套餐类型:官方标配++是否线控:是++生产企业:杭州兰富科技有限公司++颜色分类:（接电脑用）直连卷线3.5双插头水晶头无调音静音-接电话机水晶头带调音静音-接电话机++佩戴方式:头戴护耳式++耳机类型:有线++有无麦克风:带麦++耳机售后服务:店铺三包++插头直径:其他++耳机插头类型:其他++耳机输出音源:通讯设备++缆线长度:1.5米++耳机类别:IOS线控耳机主动降噪耳机安卓线控耳机手机线控耳机++品牌:杭普++型号:VT200', 58, 11, 74, 185),
('44218647956', 'sony索尼a6000l/a5100l/a5000微单反美颜相机入门级二手高清数码', 1199, 'photography/micro-camera/44218647956', 'no', '传输类型:有线传输++单反画幅:APS-C画幅++屏幕尺寸:3英寸++级别:入门级++品牌:Sony/索尼++索尼单电系列:索尼微单系列++显示屏类型:非触摸式屏显++液晶屏尺寸:3.0英寸++颜色分类:95新.索尼A5000含16-50镜头99新.索尼A5000含16-50镜头95新.索尼A5100含16-50镜头99新.索尼A5100含16-50镜头95新.索尼A6000含16-50镜头99新.索尼A6000含16-50镜头95新.索尼NEX-5R含16-50镜头99新.索尼NEX-5R含16-50镜头95新.索尼NEX-5T含16-50镜头99新.索尼NEX-5T含16-50镜头95新A5000含16-50+七工匠25-1.899新A5000含16-50+七工匠25-1.895新A5100含16-50+七工匠25-1.899新A5100含16-50+七工匠25-1.895新A6000含16-50+七工匠25-1.899新A6000含16-50+七工匠25-1.895新A500016-50+七工匠55-1.499新A500016-50+七工匠55-1.495新A510016-50+七工匠55-1.499新A510016-50+七工匠55-1.495新A600016-50+七工匠55-1.499新A600016-50+七工匠55-1.4++成色:99新及展示机++售后服务:店铺三包++套餐类型:官方标配套餐一套餐二套餐三套餐四套餐五套餐六++单电套装类型:双镜头套装++感光元件类型:CMOS++重量:201g(含)-300g(含)', 66, 8, 86, 186),
('551643687657', '【低至139】荣耀手环3智能运动心率监测手表睡眠监测计步器防水', 149, 'smart device/smart bracelet/551643687657', 'yes', '保修期:12个月++兼容平台:ANDROID++功能:心率监测智能提醒睡眠监测计步防水++品牌:honor/荣耀++型号:荣耀手环3++生产企业:华为++颜色分类:黑色-NFC版幽海蓝-双色版蔚海蓝-标准版碳晶黑--标准版活力橙-标准版鲨鱼灰-双色版珊瑚粉-双色版++适用对象:android平台苹果iOS平台++无线距离:10m及以上', 56, 14, 33, 187),
('525152104294', 'Razer/雷蛇北海巨妖标准版头戴式7.1游戏耳机吃鸡电竞电脑耳麦', 259, 'entertainment/headset/525152104294', 'yes', '产品名称：Razer/雷蛇北海巨妖标准...++保修期:12个月++套餐类型:官方标配++是否线控:否++生产企业:雷蛇++颜色分类:灰色黑色++佩戴方式:头戴护耳式++耳机类型:有线++有无麦克风:带麦++耳机售后服务:全国联保++插头直径:3.5mm++耳机插头类型:直插型++耳机输出音源:PC电脑++缆线长度:1.3米++耳机类别:普通耳机HIFI耳机++品牌:Razer/雷蛇++型号:北海巨妖标准版', 16, 11, 35, 188),
('536011882936', '送显示器八核i7游戏电脑主机独显吃鸡组装机绝地求生台式全套整机', 1888, 'computer/whole machine/536011882936', 'yes', '品牌:华南金牌++CPU系列:Intel/英特尔至强E5++CPU型号:2650++主板结构:ATX++主板芯片组类型:IntelX79++显卡系列:GTX650TI++显存容量:2GB++内存容量:8GB++硬盘类型:固态硬盘(SSD)++硬盘容量:120GB240GB++机箱类型:中塔++电源功率:400W++电源80PLUS认证:金牌++散热方式:风冷++光驱类型:无光驱++套餐类型:套餐一套餐二套餐三套餐四套餐五套餐六++显存位宽:256bit++显存类型:GDDR5++CPU主频:1.8GHz(含)-2.4GHz(不含)++内存类型:DDR3++CPU核心数:八核心++内存频率:1600MHz++显卡品牌:华南金牌++主板品牌:华南金牌++内存品牌:Samsung/三星++硬盘品牌:KingSpec/金胜维++电源品牌:GoldenField/金河田++机箱品牌:GoldenField/金河田++散热设备品牌:三十八度++机箱结构:ATX++配置类型:豪华发烧型++显卡类型:独立显卡++独立显卡型号:hd6850', 100, 1, 90, 189),
('569715397079', 'Edifier/漫步者W820BT新款蓝牙耳机头戴式电脑手机无线折叠耳麦', 298, 'entertainment/headset/569715397079', 'no', '产品名称：Edifier/漫步者W820BT++使用方式:头戴式++保修期:12个月++品牌:Edifier/漫步者++型号:W820BT++套餐类型:套餐一套餐三套餐二官方标配++生产企业:漫步者++蓝牙版本:4.1++颜色分类:金色黑色白色红色++声道:2++功能:支持音乐', 28, 11, 50, 190),
('561834706318', 'Razer/雷蛇北海巨妖标准版头戴式耳机游戏电竞吃鸡绝地求生耳麦', 249, 'entertainment/headset/561834706318', 'yes', '产品名称：Razer/雷蛇北海巨妖标准...++保修期:12个月++套餐类型:套餐一官方标配++是否线控:否++生产企业:雷蛇++颜色分类:灰色黑色++佩戴方式:头戴护耳式++耳机类型:有线++有无麦克风:带麦++耳机售后服务:全国联保++插头直径:3.5mm++耳机插头类型:直插型++耳机输出音源:PC电脑++缆线长度:1.3米++耳机类别:普通耳机++品牌:Razer/雷蛇++型号:北海巨妖标准版', 77, 11, 67, 191),
('560074252766', 'VR眼镜一体机4K高清头戴式WIFI头盔全景电影视频3D虚拟现实游戏机', 1349, 'smart device/smart glasses/560074252766', 'yes', '保修期:12个月++兼容平台:ANDROID++品牌:MOGAMAN/魔甲人++型号:GN1++生产企业:深圳维爱特科技有限公司++颜色分类:白色', 79, 15, 8, 192),
('523102420227', 'BOSEQuietComfort25有源消噪耳机(QC25主动降噪头戴式音乐耳麦)', 999, 'entertainment/headset/523102420227', 'no', '产品名称：BOSEQuietComfort25++保修期:12个月++套餐类型:官方标配++是否线控:是++生产企业:BOSE++颜色分类:黑SMSG白SMSG黑色白色++佩戴方式:头戴护耳式++耳机类型:有线++有无麦克风:带麦++耳机售后服务:全国联保++插头直径:3.5mm++耳机插头类型:L弯型++缆线长度:140cm++耳机类别:普通耳机++品牌:BOSE++型号:QuietComfort25', 94, 11, 69, 193),
('550817944149', '小米米家智能摄像机云台版360度全景高清手机家用网络监控摄像头', 199, 'photography/video camera/550817944149', 'no', '保修期:12个月++品牌:MIJIA/米家++型号:米家智能摄像机云台版++生产企业:创米', 32, 9, 20, 194),
('549483761739', '海康威视萤石C6C无线网络高清监控器摄像头家用智能手机wifi夜视', 189, 'photography/video camera/549483761739', 'no', '内存容量:16GB32GB64GB8GB无++呈像颜色:彩色++品牌:萤石++型号:C6C云台监控++智能类型:其他++质保年限:1年++焦距:4mm++焦段:标准++清晰度:720p1080p++感光面积:其他++同城服务:同城物流送货上门++有效距离:0m(不含)-10m(不含)', 53, 9, 78, 195),
('565788051211', '正品智能遥控机器人玩具存钱对话多功能编程感应录音早教送物男孩', 168, 'smart device/smart robot/565788051211', 'yes', 'CCC证书编号:2017152202018916++产地:中国大陆++品牌:JJR／C++型号:k3++玩具类型:电玩具++货号:K3++适用年龄段:<14岁++遥控方式:手柄++颜色分类:白色红色++适用年龄:3岁4岁5岁6岁7岁8岁9岁10岁11岁12岁13岁14岁++套餐类型:送枳木+遥控电池+螺丝刀++材质:塑料++是否有导购视频:有++是否含遥控:含', 74, 16, 39, 196),
('552686187454', '苹果6s安卓iPhone手机红外线发射器万能遥控器空调接收遥控头配件', 16, 'phone/accessories/552686187454', 'no', '品牌:博音++生产企业:南京声宝电子有限公司++颜色分类:可爱笑脸款★安卓苹果通用【送大象支架】蓝色升级款★安卓苹果通用【送大象支架】红色升级款★安卓苹果通用【送大象支架】新款黑科技★摇一摇开关家电~蓝色【送大象支架】金色★苹果专用款【送大象支架】银色★苹果专用款【送大象支架】++材质:合金++风格:卡通++适用对象:3.5MM耳机插孔', 15, 6, 13, 197),
('552715776725', 'iring指环扣金属扣环手机架磁吸懒人车载支架个性创意配件超薄黑', 29, 'phone/accessories/552715776725', 'no', '品牌:BASEUS/倍思++适用场景:桌面++颜色分类:黑色（锌合金材质）强吸不脱落红色（锌合金材质）强吸不脱落金色（锌合金材质）强吸不脱落蓝色（锌合金材质）强吸不脱落猫耳朵樱花粉（锌合金材质）猫耳朵神秘黑（锌合金材质）猫耳朵女王红（锌合金材质）猫耳朵俏皮蓝（锌合金材质）【买3免1收藏+加购优先发货】', 25, 6, 89, 198),
('540244426424', '先科15寸广场舞音响播放器拉杆移动户外音箱家用K歌带无线话筒', 449, 'entertainment/speakers/540244426424', 'yes', '保修期:36个月++品牌:SAST/先科++型号:SD-15A++生产企业:广州奋威音响器材有限公司++颜色分类:15寸蓝牙版（送遥控）15寸蓝牙版（送遥控）+单无线话筒15寸蓝牙版（送遥控）+单无线耳麦15寸蓝牙版（送遥控）+双无线话筒15寸蓝牙版（送遥控）+单无线话筒+三角支架一只++音箱类型:重低音', 50, 12, 13, 199),
('41782211780', 'Razer/雷蛇北海巨妖USB韦神同款耳机头戴式吃鸡游戏电竞耳麦', 259, 'entertainment/headset/41782211780', 'no', '产品名称：Razer/雷蛇北海巨妖USB++保修期:12个月++套餐类型:官方标配++是否线控:否++生产企业:雷蛇++颜色分类:绿色黑色++佩戴方式:头戴护耳式++耳机类型:有线++有无麦克风:带麦++耳机售后服务:全国联保++插头直径:3.5mm++耳机插头类型:直插型++耳机输出音源:PC电脑++缆线长度:2m编织线缆++耳机类别:游戏耳机++品牌:Razer/雷蛇++型号:北海巨妖USB', 71, 11, 67, 200),
('16109378213', '宁美国度i58400/GTX1050Ti台式吃鸡电脑主机全套DIY游戏组装整机', 3588, 'computer/whole machine/16109378213', 'yes', '产品名称：宁美国度IntelB360i5-...++品牌:宁美国度++CPU系列:Intel/英特尔酷睿i5++CPU型号:i5-8400++主板结构:M-ATX++主板芯片组类型:IntelB360++显卡系列:GTX1050TI++显存容量:4GB++内存容量:8GB16GB++硬盘类型:固态硬盘(SSD)++硬盘容量:120GB240GB++电源功率:300W++电源80PLUS认证:不支持++散热方式:风冷++光驱类型:无光驱++生产企业:宁美国度++保修期:36个月', 100, 1, 47, 201),
('567599201375', 'GoldenField/金河田H8电脑音响台式家用重低音炮笔记本迷你音箱', 139, 'entertainment/speakers/567599201375', 'yes', '证书编号：2017010801030216++证书状态：有效++产品名称：2.1多媒体有源音箱++3C规格型号：H8，H9：220VAC50Hz0.1A++产品名称：GoldenField/金河田H8++保修期:12个月++声道:2.1++成色:全新++毛重:3++生产企业:东莞市金河田实业有限公司++电源方式:交流电++箱体材质:木++采购地:中国大陆++颜色分类:黑色基础版黑色蓝牙版++售后服务:全国联保++品牌:GoldenField/金河田++型号:H8', 37, 12, 72, 202),
('17921379776', '现货98新奥林巴斯OM-1OM1+50/1.8红银机械胶片单反套机送卷包快', 1380, 'photography/SLR/17921379776', 'no', '品牌:Olympus/奥林巴斯', 23, 7, 4, 203),
('520382138479', '【颜值爆表】唱吧C1全民K歌手机麦克风话筒苹果安卓唱歌', 179, 'entertainment/microphone/520382138479', 'yes', '产品名称：唱吧C1++使用方式:支撑式++供电方式:外接供电++保修期:12个月++品牌:唱吧++型号:C1++有无线:有线++生产企业:唱吧++颜色分类:金色粉色红色++麦克风类型:电容式++声道:2++适用对象:手机++指向特征:心型指向++套餐名称:官方标配', 67, 13, 33, 204),
('565785034533', 'Sony/索尼A7M3ILCE-7M3A73A7III全画幅微单国行全国联保', 11700, 'photography/micro-camera/565785034533', 'no', '产品名称:Sony/索尼ILCE-7M3++传输类型:NFC传输++单反画幅:全画幅++级别:高级++品牌:Sony/索尼++索尼单电系列:ILCE-7M3++像素:约2420万++显示屏类型:触摸屏++颜色分类:ILCE-7M3国行单机身(套机拆出）ILCE-7M3(28-70)国行套机ILCE-7M3(蔡司24-70F4)国行套机ILCE-7M3(蔡司16-35F4)国行套机ILCE-7M3(蔡司35F2.8)国行套机ILCE-7M3(蔡司55F1.8)国行套机ILCE-7M3(蔡司35F1.4)国行套机ILCE-7M3(24-240)国行套机ILCE-7M3(2470F2.8GM)国行套机ILCE-7M3(1635F2.8GM)国行套机ILCE-7M3(85F1.4GM)国行套机ILCE-7M3(24-105F4G)国行套机A7M3(老蛙手动12F2.8)国行套机ILCE-7M3国行机身(原封独立包装)ILCE-7M3实体样品裸机不含配件ILCE-7M3(适马E50F1.4)国行套机ILCE-7M3(适马E85F1.4)国行套机++成色:全新++售后服务:全国联保++套餐类型:官方标配套餐一套餐二套餐三套餐四套餐五套餐六套餐七++单电套装类型:机身++传感器尺寸:35mm全画幅++感光元件类型:CMOS', 51, 8, 27, 205),
('536007149888', '小米米家小白摄像机智能微型家用监控无线夜视高清网络全景摄像头', 369, 'photography/video camera/536007149888', 'yes', '保修期:12个月++品牌:MIJIA/米家++型号:米家小白智能摄像机++生产企业:小米++颜色分类:白色', 82, 9, 35, 206),
('563992507538', '复古金属蒸汽朋克机械键盘黑轴青轴台式电脑吃鸡电竞外设cf', 165, 'computer/peripherals/563992507538', 'yes', '产品名称：Wfirst/标王小F++保修期:12个月++品牌:Wfirst/标王++型号:小F++套餐类型:官方标配++是否机械键盘:机械键盘++生产企业:东莞市赛顺电子科技有限公司++颜色分类:收藏下单优先发货黑色混光青轴★朋克电镀版黑色混光黑轴★朋克版黑色混光黑轴★朋克电镀版黑色混光青轴★朋克版白色白光青轴★朋克电镀版白色白光青轴★朋克版白色蓝光青轴★朋克版白色蓝光青轴★朋克电镀版白色混光青轴★朋克电镀版白色混光青轴★朋克版黑色白光青轴★巧克力版黑色混光黑轴★巧克力版黑色混光青轴★巧克力版++是否支持即插即用:支持++连接方式:有线++是否有多媒体功能键:有++接口类型:USB++是否支持人体工程学:支持++有无手托:有++成色:全新++售后服务:全国联保', 64, 3, 36, 207),
('544735144232', 'Samsung/三星EHS64耳机原装入耳式耳麦手机线控C5耳塞S6S7通用', 19, 'entertainment/headset/544735144232', 'no', '产品名称：Samsung/三星EHS64++佩戴方式:入耳式++保修期:12个月++兼容平台:ANDROID++套餐类型:官方标配++是否线控:是++生产企业:三星++颜色分类:白色++线控耳机品牌:Samsung/三星++型号:EHS64++线控耳机性质:原装', 96, 11, 6, 208),
('41905661725', '门禁机开门按钮出门按纽开关配件考勤机指纹开关全新办公设备', 15, 'computer/office equipment/41905661725', 'yes', '品牌:Zkteco++生产企业:深格瑞', 13, 4, 50, 209),
('569440902557', '新好N8支付宝微信收钱到账语音播报提示器收款二维码蓝牙音响箱', 88, 'entertainment/speakers/569440902557', 'no', '产品名称：新好N8++供电方式:内置锂电池++保修期:12个月++功能:语音提示防摔++套餐类型:官方标配++生产企业:深圳市新好时代电子有限公司++连接方式:蓝牙连接++适用人群:通用++重量:200g++颜色分类:白色标配黑色标配金色标配银色标配++品牌:新好++型号:N8', 50, 12, 57, 210),
('569208057257', 'E5十核整机工作室多开组装4G独显吃鸡游戏台式DIY电脑主机秒I7', 2688, 'computer/whole machine/569208057257', 'yes', '品牌:jbon/爵柏++CPU系列:INTELXEON++CPU型号:2660++主板结构:ATX++主板芯片组类型:IntelX79++显卡系列:GTX750Ti++显存容量:2GB++内存容量:8GBx2根8GBx4根++硬盘类型:固态硬盘(SSD)++硬盘容量:120GB240GB++电源功率:700W++电源80PLUS认证:不支持++散热方式:风冷++光驱类型:无光驱++套餐类型:套餐一套餐二套餐三套餐四套餐五++内存类型:DDR3++CPU核心数:十核++内存频率:1333MHz++内存品牌:Samsung/三星', 100, 1, 31, 211),
('568363718890', '智能无线wifi手机远程家用监控器室外高清夜视网络套装监控摄像头', 268, 'photography/video camera/568363718890', 'no', '内存容量:32GB++呈像颜色:彩色++品牌:蓝天威视++型号:LT097++智能类型:其他++质保年限:3年++焦距:2.8mm4mm6mm8mm12mm++焦段:长焦++清晰度:1080p3MP++感光面积:1/3英寸++同城服务:同城物流送货上门++有效距离:10(含)-30m(不含)++镜头大小规格:2.8mm', 91, 9, 8, 212),
('537824696018', 'COTUO/弛图cs96运动摄像机4k高清骑行摩托车头盔防抖潜水下相机', 358, 'photography/video camera/537824696018', 'no', '产品名称：COTUO/弛图cs96++品牌:COTUO/弛图++型号:cs96++存储介质:闪存式DV++数码像素:2010万++感光元件:CMOS++屏幕尺寸:2++传感器尺寸:1/2.3英寸++防抖性能:光学防抖++是否触摸屏:非触摸屏++是否支持夜摄功能:支持++摄像机类型:4K摄像机++接口类型:HDMI++电池类型:锂电池', 27, 9, 62, 213),
('559267993827', '蓝宝贝儿童智能机器人玩具语音对话高科技男孩益智教育学习早教机', 98, 'smart device/smart robot/559267993827', 'yes', '证书编号：2017012202968296++证书状态：有效++申请人名称：深圳市飓驰电子有限公司++制造商名称：深圳市飓驰电子有限公司++产品名称：声光玩具/早教机++3C产品型号：K1(二款)K2(二款)K3(二款)K4(二款)K5(二款)K6(二款)K7(二款)K...++产地:中国大陆++品牌:蓝宝贝++型号:K6++玩具类型:塑胶玩具++货号:K6++适用年龄段:<14岁++颜色分类:胡巴王子蓝【普通WIFI版】胡巴公主粉【普通WIFI版】胡巴王子蓝【普通WIFI版16G】胡巴公主粉【普通WIFI版16G】大白【智能WIFI升级版】【支持同步1-6年级课程】++适用年龄:2岁3岁4岁5岁6岁7岁8岁9岁10岁11岁12岁13岁14岁++套餐类型:【收藏加购送大礼包】++材质:塑料++是否有导购视频:无++是否含遥控:不含', 58, 16, 74, 214),
('560015235660', '月普V8直播设备全套电脑主播快手麦克风K歌声卡套装手机喊麦通用', 176, 'entertainment/microphone/560015235660', 'yes', '产品名称：月普V8++使用方式:悬挂式++供电方式:外接供电++保修期:24个月++品牌:月普++型号:V8++有无线:有线++生产企业:杭州优沛电子商务有限公司++颜色分类:手持麦全套铝箱手持麦全套奶瓶麦全套铝箱奶瓶麦全套i10声卡手持麦全套i10声卡奶瓶麦全套++麦克风类型:电容式++声道:2++适用对象:手机电脑直播专用++指向特征:心型指向++套餐名称:官方标配', 65, 13, 37, 215),
('533793953419', '苹果笔记本电脑保护壳macbook12超薄磨砂套13寸air15pro外壳配件', 78, 'computer/accessories/533793953419', 'no', '品牌:锐播++炫彩贴颜色:【闪粉】深空灰（底壳为黑色磨砂）【闪粉】极光银（底壳为黑色磨砂）【闪粉】玫瑰金（底壳为黑色磨砂）【闪粉】土豪金（底壳为黑色磨砂）【双面闪粉】魅惑紫【上下壳同色】限量款【双面闪粉】深空灰【上下壳同色】限量款【双面闪粉】极光银【上下壳同色】限量款【双面闪粉】蓝色【上下壳同色】限量款【双面闪粉】香槟金【上下壳同色】限量款【双面闪粉】玫瑰金【上下壳同色】限量款选喜欢的颜色，然后备注型号即可，点击图片查看/核对型号老款带光驱的Pro15.4寸(A1286)不适用++生产企业:深圳市儒商科技发展有限公司++风格:日韩', 100, 2, 100, 216),
('567338841347', 'Huawei/华为多口充电器快充版手机快充充电头万能充电器配件', 149, 'phone/accessories/567338841347', 'no', '证书编号：2018010907048895++证书状态：有效++产品名称：开关电源适配器++3C规格型号：型号：HW-090200CH1、HW-090200CH2输入：100-240VAC50/60Hz...++品牌:Huawei/华为++型号:CP58S++生产企业:华为++采购地:中国大陆++颜色分类:白色++充电器适用形式:充电插头', 67, 6, 35, 217),
('546402934765', 'A4手动压痕机名片卡片纸张折痕印后设备线小单线照片贺卡迷你办公', 265, 'computer/office equipment/546402934765', 'yes', '装订机品牌:古德++型号:XD-A4', 74, 4, 25, 218),
('537408761754', 'ugp高清vr一体机虚拟现实3d眼镜4k头戴式ar影院2k游戏机头盔wifi', 798, 'smart device/smart glasses/537408761754', 'no', '保修期:12个月++兼容平台:ANDROIDiOS++品牌:ugp++型号:H1++生产企业:深圳市优吉品科技有限公司++颜色分类:【极速发货，天猫次日达】-【买就送vr大礼包】【VR一体机-送豪华大礼包】-【标配护眼影视版】234', 69, 15, 94, 219),
('38781570217', 'macbook苹果笔记本mac电脑air13.3寸保护壳pro13外壳11套12配件15', 56, 'computer/accessories/38781570217', 'no', '品牌:倍晶++炫彩贴颜色:水墨粉彩+升级蓝键膜玉兰花开+升级蓝键膜爱心小兔+升级清雅灰键膜水墨艺术+升级蓝键膜蓝鲸海湾+升级蓝键膜蓝色海浪+升级蓝键膜水彩花卉+升级紫键膜彩色漩涡+升级清雅灰键膜彩色脉冲+升级黑键膜红蓝撞色+升级清雅灰键膜窈窕淑女+升级清雅灰键膜牛仔纹苹果灰+升级清雅灰键膜牛仔纹清雅灰+升级清雅灰键膜牛仔纹狂野灰+升级深灰键膜镭射纹红+升级玫瑰粉键膜镭射纹白金+升级清雅灰键膜镭射纹黑金+升级黑键膜编织纹苹果灰+升级清雅灰键膜编织纹深灰+升级深灰键膜编织纹粉+升级玫瑰粉键膜编织纹绿+升级清雅灰键膜++生产企业:深圳市驱宇科技有限公司++风格:简约', 100, 2, 71, 220),
('561344512183', 'AltayBT618笔记本电脑音响迷你台式手机蓝牙音箱家用超重低音炮小影响k歌客厅木质有源2.1多媒体大功率喇叭', 109, 'entertainment/speakers/561344512183', 'no', '证书编号：2010010801436045++证书状态：有效++申请人名称：嘉善鼎盛合诚音箱有限公司++制造商名称：嘉善鼎盛合诚音箱有限公司++产品名称：多媒体有源音箱++3C产品型号：139、139-1、139-2、139-3、139-5、139-6、139-7、139-8、...++3C规格型号：139、139-1、139-2、139-3、139-5、139-6、139-7、139-8、139-...++产品名称：AltayBT618++保修期:36个月++声道:2.1++成色:全新++毛重:2.4kg++生产企业:嘉善鼎盛合诚音箱有限公司++电源方式:交流电++箱体材质:木++采购地:中国大陆++颜色分类:雅典黑升级版雅典黑升级蓝牙版钢琴白升级版钢琴白升级蓝牙版++售后服务:店铺三包++品牌:Altay++型号:BT618', 76, 12, 19, 221),
('551022597928', '华硕傲世一体机电脑四核V241办公游戏家用台式电脑全套23.8英寸', 3799, 'computer/whole machine/551022597928', 'yes', '证书编号：2017010901957860++证书状态：有效++产品名称：华硕All-in-One计算机++3C规格型号：V241ICxxxxxxxxxxx,A6511xxxxxxxxxxx(x可以为0-9,a-...++产品名称：Asus/华硕华硕V241++型号:I3-6006U++华硕型号:华硕V241++内存容量:4GB++内存类型:DDR3++硬盘容量:256GSSD++显卡类型:独立显卡++显示器类型:IPS屏++操作系统:Windows10', 100, 1, 25, 222),
('560306473918', '智能机器人早教机对话语音高科技玩具儿童小男孩女孩学习教育遥控', 298, 'smart device/smart robot/560306473918', 'no', '证书编号：2014010805667531++证书状态：有效++申请人名称：惠州市成长一线科技有限公司++制造商名称：惠州市成长一线科技有限公司++产品名称：天才宝贝电脑（仅有音视频播放功能）++3C产品型号：B10、B12、B13、B15、B16、B18、B19、B20、B21、B23、...++3C规格型号：B10、B12、B13、B15、B16、B18、B19、B20、B21、B23、...++产地:中国大陆++品牌:成长一线++型号:B18++玩具类型:塑胶玩具++货号:B18++适用年龄段:<14岁++颜色分类:AI智能机器人-128M内存AI智能机器人-8G内存AI智能机器人-16G内存++适用年龄:3岁4岁5岁6岁7岁8岁9岁10岁11岁12岁13岁14岁++套餐类型:官方标配++材质:塑料++是否有导购视频:有++是否含遥控:不含', 30, 16, 62, 223),
('565574264474', '新款空调家用除尘器修鼓风机办公设备吹风吹吸两用电吹六档修', 68, 'computer/office equipment/565574264474', 'yes', '品牌:other/其他++型号:见描述++颜色分类:黄色900w不可调速（12件礼）蓝色900w不可调速黄色1000W6档调速（20件礼）蓝色1200W6档调速（20件礼）蓝色900w不可调速（12件礼）黄色1800W6档调速（26件礼）', 59, 4, 32, 224),
('555749812087', '苹果电脑MacBookPro转换器HUB扩展坞type-c转接头USB笔记本配件', 117, 'computer/accessories/555749812087', 'no', '品牌:WIWU++接口性质:USB扩展HUB++长度:0.15m++颜色分类:钛金灰【3个USB3.0】钛金灰【2个USB3.0+读卡+网线】银色【3个USB3.0】玫瑰金【3个USB3.0】钛金灰【2个USB3.0+读卡】土豪金【2个USB3.0+读卡】玫瑰金【2个USB3.0+读卡】银色【2个USB3.0+读卡】钛金灰【2个USB3.0+HDMI】土豪金【2个USB3.0+HDMI】玫瑰金【2个USB3.0+HDMI】银色【2个USB3.0+HDMI】钛金灰【2个USB3.0+读卡+充电】土豪金【2个USB3.0+读卡+充电】玫瑰金【2个USB3.0+读卡+充电】银色【2个USB3.0+读卡+充电】钛金灰【2个USB3.0+HDMI+充电】银色【2个USB3.0+读卡+网线】玫瑰金【2个USB3.0+HDMI+充电】银色【2个USB3.0+HDMI+充电】灰(网线+USB+HDMI+SD卡+充电）银(网线+USB+HDMI+SD卡+充电）玫瑰金【网线+2个USB3.0+读卡】赠键盘膜，请备注电脑型号++是否外接电源:无外接电源++货号:H1', 100, 2, 78, 225),
('566868062644', '智能无线wifi手机远程家用监控器室外高清夜视网络套装监控摄像头', 149, 'photography/video camera/566868062644', 'no', '内存容量:16GB32GB64GB++呈像颜色:彩色++品牌:AneyWell/安尼威尔++型号:AW-W815ZL6++智能类型:其他++质保年限:3年++焦距:2.8mm4mm6mm8mm12mm16mm++焦段:标准++清晰度:720p960P1080p++感光面积:1/3英寸++同城服务:同城买家上门提货++有效距离:10(含)-30m(不含)++镜头大小规格:2.8mm', 64, 9, 5, 226),
('27494532250', 'GoldenField/金河田S300蓝牙音箱电脑音响重低音炮台式2.1影响', 178, 'entertainment/speakers/27494532250', 'no', '证书编号：2011010801503225++证书状态：有效++申请人名称：东莞市金河田实业有限公司++制造商名称：东莞市金河田实业有限公司++产品名称：多媒体有源音箱++3C产品型号：S200、S300、角斗士1号、角斗士2号、角斗士3号、F1-B、炫02、K1、G8310简约版、G...++3C规格型号：S200、S300、角斗士1号、角斗士2号、角斗士3号、F1-B、炫02、K1、G8310简约版、G...++产品名称：GoldenField/金河田S30...++保修期:12个月++包装体积:418*295*280mm++声道:2.1++成色:全新++毛重:5.5++生产企业:东莞市达硕科技有限公司++电源方式:交流电++箱体材质:木++采购地:中国大陆++颜色分类:蓝牙升级版黑色++售后服务:全国联保++品牌:GoldenField/金河田++型号:S300', 3, 12, 64, 227),
('563527568755', '引磁片贴片磁性车载手机支架配件磁铁磁吸盘铁片汽车用导航粘贴式', 12, 'phone/accessories/563527568755', 'no', '品牌:Oatsbasf/派凡++生产企业:深圳派派科技有限公司++适用场景:桌面++颜色分类:【贴片款】蝙蝠图案【皮质贴片一张+不锈钢贴片一张】【贴片款】小熊图案【大号贴片一张+小号贴片一张】++货号:磁吸贴片', 58, 6, 9, 228),
('564626103031', '巴巴腾智能机器人玩具儿童对话遥控高科技小腾男女孩益智早教机胖', 698, 'smart device/smart robot/564626103031', 'yes', '证书编号：2016010805867287++证书状态：有效++申请人名称：深圳市鑫益嘉科技股份有限公司++制造商名称：深圳市鑫益嘉科技股份有限公司++产品名称：智能机器人（带音频播放功能）++3C产品型号：A1,A2,A3,A5,A6,A7,A8,A9,A10,A11,A12,A13,A15,A16,A1...++3C规格型号：A1,A2,A3,A5,A6,A7,A8,A9,A10,A11,A12,A13,A15,A16,A1...++产地:中国大陆++品牌:巴巴腾++型号:A6++玩具类型:电玩具++货号:A6++适用年龄段:<14岁++遥控方式:声控++颜色分类:升级版A6+收藏送50G云端资源+超值赠品+旗舰店1对1售后++适用年龄:2岁3岁4岁5岁6岁7岁8岁9岁10岁11岁12岁13岁14岁++套餐类型:官方配置++材质:PVC++是否有导购视频:有++是否含遥控:不含', 100, 16, 76, 229),
('569049737598', 'Sony/索尼HDR-CX650E超高清家用数码DV摄像机夜视旅游wifi照相机', 638, 'photography/video camera/569049737598', 'no', '上市时间:2018-02-01++传感器尺寸:1/3英寸++光学变焦倍数:16倍++屏幕尺寸:3英寸++品牌:Sony/索尼++索尼型号:HDR-CX650E++存储介质:闪存式DV++数码像素:2010万++成色:全新++颜色分类:原装正品（只换不修）黑色原装正品（只换不修）黑色+麦++自带容量:其他/other++感光元件:CMOS++屏幕尺寸:3++售后服务:店铺三包++套餐类型:官方标配套餐一套餐二套餐三套餐四套餐五++传感器尺寸:1/3英寸++防抖性能:电子防抖++是否触摸屏:非触摸屏++是否支持夜摄功能:支持++重量:201g(含)-300g(含)++适用场景:专业级++摄像机类型:专业摄像机++附加功能:支持WIFI', 53, 9, 26, 230),
('562690373933', '科大讯飞阿尔法超能蛋机器人阿尔法小蛋儿童早教学习智能对话玩具', 849, 'smart device/smart robot/562690373933', 'no', '上市时间:2017-12-16++保修期:12个月++兼容平台:ANDROIDiOS++品牌:科大讯飞++型号:TYMY1++型号:TYMY1++尺寸:12x12x15cm++材质:塑料++生产企业:安徽淘云科技有限公司++颜色分类:白色粉色黄色', 19, 16, 72, 231),
('522973993171', '佳能750D单反套机(18-55mm)数码高清相机中高端触屏翻屏防抖正品', 3999, 'photography/SLR/522973993171', 'no', '产品名称：Canon/佳能EOS750D套机...++单反级别:入门级++屏幕尺寸:3英寸++像素:2416万++储存介质:SD卡++电池类型:锂电池++单反画幅:APS-C画幅++感光元件类型:CMOS++对焦点数:19点++是否支持外接闪光灯:支持++是否支持机身除尘:支持++是否支持机身马达:不支持++传感器尺寸:22.3mmx14.9mm++品牌:Canon/佳能++曝光模式:快门优先光圈优先手动曝光AE自动曝光++影像处理类型:DIGIC6', 98, 7, 48, 232),
('565573818599', '【幻色粉6日10点开售】OPPOR15全面屏AI智能拍照正品手机oppor15', 2699, 'phone/phone/565573818599', 'no', '证书编号：2018011606052878++证书状态：有效++申请人名称：广东欧珀移动通信有限公司++制造商名称：广东欧珀移动通信有限公司++3C产品型号：PACT00（电源适配器：VC54JBCH、VC54GBCH、VC54HBCH、VC54GHCH...++3C规格型号：PACT00（电源适配器：VC54JBCH、VC54GBCH、VC54HBCH、VC54GHCH...++产品名称：OPPOR15++OPPO型号:R15++机身颜色:幻色粉星空紫雪盈白热力红星云特别版礼盒装++运行内存RAM:4GB6GB++存储容量:4+128GB6+128GB++网络模式:双卡多模', 51, 5, 42, 233),
('559865492012', 'Canon/佳能EOSM100套机15-45STM入门级微单数码相机高清旅游', 2699, 'photography/micro-camera/559865492012', 'yes', '产品名称：Canon/佳能EOSM100套机...++品牌:Canon/佳能++像素:2420万++传感器尺寸:22.3mmx14.9mm++感光元件类型:CMOS++存储类型:SD卡++闪光灯及附件类型:内置闪光灯++快门类型:电子快门', 64, 8, 73, 234),
('569245516947', '无线摄像头监控器高清套装网络家用夜视室内wifi室外手机远程监控', 158, 'photography/video camera/569245516947', 'no', '内存容量:32GB++呈像颜色:彩色++品牌:刻锐++型号:KR-IPC17++智能类型:其他++质保年限:3年++焦距:2.8mm++焦段:标准++清晰度:960P1080p3MP++感光面积:1/3英寸++同城服务:同城买家上门提货++有效距离:30m及以上++镜头大小规格:2.8mm', 37, 9, 96, 235),
('560968998695', '无线摄像头微型手机摄影家用录音远程夜视超隐WiFi监控器防隐蔽', 500, 'photography/video camera/560968998695', 'no', '内存容量:128GB32GB64GB无++呈像颜色:彩色++品牌:CHANGEL/畅安居++型号:CHANGELGSD30++智能类型:其他++质保年限:1年++焦距:2.8mm++焦段:广角++清晰度:1080p++感光面积:1/4英寸++同城服务:同城物流送货上门++有效距离:0m(不含)-10m(不含)++镜头大小规格:2.8mm', 34, 9, 32, 236),
('561401308680', 'HUABAO/华宝V80电脑音响台式笔记本小音箱长条usb迷你低音炮家用', 99, 'entertainment/speakers/561401308680', 'yes', '证书编号：2018160801011190++证书状态：有效++产品名称：多媒体数码音箱++3C规格型号：具体型号见附表++产品名称：HUABAO/华宝V80++保修期:12个月++包装体积:0.03++声道:2.0++成色:全新++毛重:0.8++生产企业:深圳市三木永佳科技有限公司++电源方式:电池++箱体材质:塑胶++采购地:中国大陆++颜色分类:玫瑰金霸气黑月光银霸气黑+8G歌曲卡月光银+8G歌曲卡玫瑰金+8G歌曲卡++售后服务:店铺三包++品牌:HUABAO/华宝++型号:V80', 16, 12, 64, 237),
('560510728669', '【大司马外设店】那波朗F1双动圈耳机入耳式手机电脑游戏耳塞通用', 89, 'computer/peripherals/560510728669', 'yes', '套餐类型:官方标配++是否线控:是++颜色分类:透明色紫色蓝色黑色++佩戴方式:入耳式++耳机售后服务:店铺三包++耳机类别:安卓线控耳机运动耳机++品牌:那波朗++型号:F1', 76, 3, 78, 238),
('567491060379', '抖音神器伸缩气囊支架直播手机配件懒人手机扣指环扣运镜道具网红', 10, 'phone/accessories/567491060379', 'yes', '品牌:WoFashion/沃欢心++颜色分类:黑色抖音抖音Ame笑脸红唇心跳红心大理石纹黑色美国队长大理石纹白色小粉猪小黄鸭仙女别浪小胡子Super中指猫哦哦吃不胖（升级亮面贴片）小姐姐（升级亮面贴片）小哥哥（升级亮面贴片）小猪佩奇（升级亮面贴片）已有男友（升级亮面贴片）已有女友（升级亮面贴片）布朗熊（升级亮面贴片）小兔子（升级亮面贴片）', 29, 6, 2, 239),
('566479491612', 'i5四核i7级八核GTX1050独显16G吃鸡游戏组装台式电脑主机整机全套', 1499, 'computer/whole machine/566479491612', 'yes', '证书编号：2017010901982863++证书状态：有效++产品名称：多媒体一体机电脑++3C规格型号：XX19A、XX19B、XX19C、XX20A、XX20B、XX20C、XX22A、XX22B、XX...++产品名称：新想xx22c++型号:750++型号:xx22c++适用品牌:Intel/英特尔++内存容量:8GB++内存类型:DDR3++硬盘容量:120GB++显卡类型:独立显卡++显卡型号:GTX750Ti++显示器类型:其他/other++操作系统:Windows7', 100, 1, 95, 240),
('566653230863', 'AI智能机器人高科技儿童玩具早教语音对话互动学习故事机61礼物', 399, 'smart device/smart robot/566653230863', 'no', '证书编号：2017010805969700++证书状态：有效++产品名称：故事机（带音频播放及存储功能）++3C规格型号：D8、D6、D7、D9、D10、D11、D12、D13、D15、D18、X1、X2、X3、X4、X...++产地:中国大陆++品牌:YBC/伊伯臣++型号:AI机器人++玩具类型:电玩具++货号:XI/X2++适用年龄段:<14岁++遥控方式:声控++颜色分类:第5代-翻译11国语言第6代-翻译27国语言-带点读功能++适用年龄:4岁5岁6岁7岁8岁9岁10岁++套餐类型:官方标配++是否有导购视频:有++是否含遥控:含', 91, 16, 48, 241),
('567321513102', 'hifier/屁颠虫MC-094手机全民K歌麦克风直播唱歌神器设备话筒', 248, 'entertainment/microphone/567321513102', 'no', '产品名称：hifier/屁颠虫MC-094++使用方式:支撑式++供电方式:外接供电++保修期:12个月++品牌:hifier/屁颠虫++型号:MC-094++有无线:有线++生产企业:贵州奥斯科尔科技实业有限公司++颜色分类:金色094直播版香槟金094直播版玫瑰金094A【旗舰版】++麦克风类型:电容式++声道:2++适用对象:手机++指向特征:心型指向++套餐名称:官方标配', 99, 13, 32, 242),
('558504068605', 'GTX1050ti网咖绝地求生i5吃鸡组装电脑主机游戏台式电脑全套整机', 1999, 'computer/whole machine/558504068605', 'no', '产品名称：GoldenField/金河田Int...++品牌:GoldenField/金河田++CPU系列:Intel/英特尔酷睿i5++CPU型号:750++主板结构:ATX++主板芯片组类型:IntelH55++显卡系列:集显++显存容量:无++内存容量:8GB++硬盘类型:混合硬盘(机械硬盘+SSD)++硬盘容量:1TB2TB3TB4TB5TB++电源功率:300W++电源80PLUS认证:不支持++散热方式:风冷++光驱类型:无光驱++生产企业:零微国度++保修期:24个月++显存位宽:无++显存类型:GDDR3++CPU主频:2.4GHz(含)-2.8GHz(不含)++内存类型:DDR3++CPU核心数:四核心++内存频率:1600MHz++显卡品牌:AMD++主板品牌:MAXSUN/铭瑄++内存品牌:tigo/金泰克++硬盘品牌:Teclast/台电++电源品牌:pccooler/超频三++机箱品牌:GoldenField/金河田++散热设备品牌:pccooler/超频三++机箱结构:ATX++配置类型:疯狂游戏型++显卡类型:独立显卡++独立显卡型号:其他/other', 100, 1, 90, 243),
('535679811173', 'macbook苹果笔记本mac电脑air13.3寸保护壳pro13外壳11套12配件15', 34, 'computer/accessories/535679811173', 'no', '品牌:倍晶++炫彩贴颜色:岩沙白送同色膜塞岩沙黑送同色膜塞岩沙粉送同色膜塞亲肤壳银送同色膜塞亲肤壳蔷薇粉送同色膜塞亲肤壳玫瑰金送同色膜塞亲肤壳灰送同色膜塞亲肤壳蓝送同色膜塞亲肤壳马卡龙绿送同色膜塞亲肤壳金送同色膜塞亲肤壳银送透光膜塞亲肤壳蔷薇送透光膜塞亲肤壳玫瑰金送透光膜塞亲肤壳灰送透光膜塞亲肤壳马卡绿送透光膜塞亲肤壳蓝送透光膜塞亲肤壳金送透光膜塞亲肤壳蓝送透光功能膜塞亲肤壳马卡龙绿送透光功能膜塞亲肤壳银送透光功能膜塞亲肤壳灰送透光功能膜塞亲肤壳蔷薇粉送透光功能膜塞亲肤壳玫瑰金送透光功能膜塞++生产企业:深圳市驱宇科技有限公司++风格:简约', 100, 2, 54, 244),
('567144763172', '荣事达好帅二蛋智能机器人玩具儿童陪伴语音对话高科技教育学习机', 1699, 'smart device/smart robot/567144763172', 'no', '上市时间:2017-11-01++保修期:12个月++兼容平台:ANDROIDiOS其他++品牌:HOST/好帅++型号:Q6++型号:Q6++尺寸:12x12x17cm++材质:塑料++生产企业:合肥荣事达小家电有限公司++颜色分类:白色', 81, 16, 10, 245),
('560349864131', '佳能EOSM100(15-45)微单套机高清自拍美颜单反相机家用正品', 2999, 'photography/micro-camera/560349864131', 'yes', '产品名称：Canon/佳能EOSM100套机...++品牌:Canon/佳能++像素:2420万++传感器尺寸:22.3mmx14.9mm++感光元件类型:CMOS++存储类型:SD卡++闪光灯及附件类型:内置闪光灯++快门类型:电子快门', 10, 8, 52, 246),
('556543970458', '达尔优EH722电脑吃鸡7.1耳机头戴式台式电竞游戏耳麦绝地求生', 139, 'entertainment/headset/556543970458', 'yes', '产品名称：达尔优EH722++保修期:12个月++兼容平台:ANDROIDWindowsPhoneiOS++套餐类型:官方标配++是否线控:否++灵敏度:16dB/mW++生产企业:东莞市铭冠电子科技有限公司++耳机发声原理:动圈++适用音乐类型:ACG动漫游戏控类型++阻抗:24Ω++颜色分类:黑色蓝光版迷彩蓝光版黑色RGB版『7.1声道』白色RGB版『7.1声道』++佩戴方式:头戴护耳式++耳机类型:有线++有无麦克风:带麦++耳机售后服务:全国联保++插头直径:3.5mm++耳机插头类型:双插头++耳机输出音源:PC电脑++缆线长度:1.8m++耳机类别:主动降噪耳机定制化耳机游戏耳机普通耳机++品牌:达尔优++型号:EH722', 69, 11, 17, 247),
('533334752538', '华南金牌X58主板CPU套装四核六核电脑主板配件套装拼X79b150b85', 458, 'computer/accessories/533334752538', 'yes', '品牌:华南金牌++型号:X58++适用对象:台式机++CPU类型:Intel++IntelCPU接口:LGA1366++LGA1366:X58++主板结构:ATX标准型++是否支持显示输出:不支持++多显卡支持:Crossfire++内存类型:DDR3++内存通道:双通道++最大内存容量:16G++是否支持磁盘阵列:不支持++宝贝成色:全新', 100, 2, 60, 248),
('565262586274', '优惠300元Samsung/三星GalaxyS9+SM-G9650/DS全网通手机', 6699, 'phone/phone/565262586274', 'yes', '证书编号：2018011606041283++证书状态：有效++产品名称：TD-LTE数字移动电话机++3C规格型号：SM-G9650/DS（旅行充电器：EP-TA200输出：9.0VDC1.67A或5.0V...++产品名称：Samsung/三星GalaxyS9+...++三星型号:GalaxyS9+SM-G9650/DS++机身颜色:谜夜黑夕雾紫莱茵蓝勃艮第红++运行内存RAM:6G++存储容量:64GB128GB256GB++网络模式:TD-LTE/LTEFDD/TD-SCDMA/WCDMA/cdma2000/CDMA1X/GSM', 76, 5, 86, 249),
('568058711385', 'Apple/苹果iPhone7Plus苹果7代7pluss国行美版三网5.5寸7p手机', 3300, 'phone/phone/568058711385', 'no', '', 8, 5, 98, 250),
('566962867578', '四核i5游戏吃鸡组装机LOL台式办公DIY非二手电脑主机独显全套整机', 1399, 'computer/whole machine/566962867578', 'no', '品牌:SK++CPU系列:INTELXEON++CPU型号:730++主板结构:ATX++主板芯片组类型:IntelX58++显卡系列:R7350++显存容量:4GB++内存容量:8GB++硬盘类型:机械硬盘++硬盘容量:500GB++电源功率:230W++电源80PLUS认证:不支持++散热方式:风冷++光驱类型:无光驱++套餐类型:套餐一套餐二套餐三套餐四套餐五套餐六套餐七++显存位宽:128bit++显存类型:GDDR5++CPU主频:2.4GHz(含)-2.8GHz(不含)++内存类型:DDR3++CPU核心数:四核心++内存频率:1600MHz++显卡品牌:AMD++主板品牌:MAXSUN/铭瑄++内存品牌:GW/光威++硬盘品牌:Teclast/台电++电源品牌:pccooler/超频三++机箱品牌:GoldenField/金河田++散热设备品牌:AMD++机箱结构:ATX++配置类型:疯狂游戏型++显卡类型:独立显卡++独立显卡型号:其他/other', 100, 1, 89, 251),
('547953766501', '手机指环扣苹果华为小米网红桌面直播抖音支架懒人随手贴通用配件', 17, 'phone/accessories/547953766501', 'yes', '品牌:卡丹仕++生产企业:羽航++适用场景:桌面++颜色分类:买2送1:拍3系统自动减价【此项为随机图案】天使【玫瑰金】360°旋转天使【土豪金】360°旋转天使【睿智银】360°旋转恶魔【幻夜黑】360°旋转恶魔【玫瑰金】360°旋转恶魔【土豪金】360°旋转恶魔【睿智银】360°旋转++货号:手机扣指环扣', 100, 6, 25, 252),
('557931247319', '技讯曲面屏一体机电脑27-32英寸独显i7台式电脑全套家用游戏高配', 1899, 'computer/whole machine/557931247319', 'no', '证书编号：2017010901002705++证书状态：有效++产品名称：一体机电脑++3C规格型号：GXI31xxRyy、GXI31xxDyy、EPI31xxDyy、EPI31xxGyy、EPA31...++产品名称：GVNXUHI/技讯酷睿=i7++型号:酷睿=i7++内存容量:4GB++内存类型:DDR3++硬盘容量:120GB++显示器类型:曲面屏++操作系统:Windows10', 100, 1, 76, 253),
('528725484287', 'Nikon/尼康COOLPIXS7000长焦数码照相机迷你高清旅游家用卡片机', 858, 'photography/digital camera/528725484287', 'no', '产品名称：Nikon/尼康COOLPIXS700...++品牌:Nikon/尼康++感光元件类型:CMOS++传感器尺寸:1/2.3英寸++像素:1600万及以上++光学变焦:20倍++显示屏尺寸:3英寸++储存介质:SD卡++电池类型:锂电池++有效像素:1600-2000万++适用场景:轻薄时尚++操作系统:无++液晶屏尺寸:3英寸', 29, 10, 51, 254),
('563681129304', '飞利浦苹果电脑转换器笔记本拓展坞macpro转接头macbookpro配件', 119, 'computer/accessories/563681129304', 'no', '品牌:Philips/飞利浦++接口性质:USB扩展HUB++生产企业:惠州市和宏电线电缆有限公司++长度:0.15m++颜色分类:四合一[USB3.0*2+HDMI+PD]二合一[HDMI+VGA]四合一[USB2.0*2+SD卡槽+TF卡槽]三合一[USB3.0+USB2.0+HDMI]三合一[USB3.0+USB2.0+VGA]ABS[HDMI]ABS[VGA]收藏店铺商品赠送神秘大礼++是否外接电源:无外接电源++货号:SWR1607', 100, 2, 61, 255),
('567722437079', '包邮语音设备商务呼叫器双向无线对讲系统办公室老板秘书通话新品', 154, 'computer/office equipment/567722437079', 'no', '品牌:见描述++型号:标配++颜色分类:交流直流混合一拖二白红款交流电标配绿色款交流电一拖二白色款交流电标配白色款交流直流混合一拖二绿色款交流电一拖二绿色款交流电标配粉色款直流电标配蓝色款直流电标配红色款交流直流混合一拖二蓝白款交流直流混合一拖二粉色款交流电一拖二粉色款直流电标配绿色款直流电标配粉色款直流电二拖一款交流电二拖一款（白色）直流电一拖二款（蓝色）直流电一拖二款（红白）', 51, 4, 4, 256),
('562918852723', 'Canon/佳能EOS60D70D二手单反高清中端摄影数码照相机旅游', 2048, 'photography/SLR/562918852723', 'yes', '单反级别:中级++是否支持机身防抖:机身不防抖++屏幕尺寸:3英寸及以上++像素:1800万++储存介质:SD卡++成色:9.9成新++电池类型:锂电池++售后服务:店铺三包++颜色分类:60D佳能18-55III（99新）60D佳能18-55III（95新）60D佳能18-135IS（99新）60D佳能18-135IS（95新）60D佳能18-55STM（99新）60D佳能18-55STM（95新）60D佳能501.8STM（99新）60D佳能501.8STM（95新）60D佳能18-200腾龙（99新）60D佳能18-200腾龙（95新）70D佳能18-55STM（99新）70D佳能18-55STM（95新）70D佳能18-135IS（99新）70D佳能18-135IS（95新）70D佳能18-135STM（99新）70D佳能18-135STM（95新）70D佳能501.8STM（99新）70D佳能501.8STM（95新）70D佳能18-200腾龙（99新）70D佳能18-200腾龙（95新）佳能60D单机不带镜头99新佳能60D单机不带镜头95新佳能70D单机不带镜头99新佳能70D单机不带镜头95新++套餐:官方标配套餐一套餐二套餐三套餐四套餐五++单反画幅:APS-C画幅++感光元件类型:CMOS++对焦点数:9区++重量:601g(含)-700g(含)++取景器类型:光学取景器++是否支持外接闪光灯:支持++是否支持机身除尘:支持++是否支持机身马达:支持++反光装置:五棱镜++传感器尺寸:23.4*15.6mm++品牌:Canon/佳能++佳能单反系列:二手佳能中端相机系列', 38, 7, 98, 257),
('568826234876', '智能手环测血压心率防水运动计步器华为小米心电图健康手表男女', 599, 'smart device/smart bracelet/568826234876', 'no', '上市时间:2018-4-28++兼容平台:ANDROIDiOS++功能:心率监测拍照智能提醒睡眠监测社交娱乐计步遥控自拍防水++品牌:ShenYuan++颜色分类:黑色蓝色红色紫色++适用对象:android平台苹果iOS平台++无线距离:10m及以上', 34, 14, 9, 258),
('557058125463', '蒸汽朋克复古机械键盘圆形青轴游戏女生粉色电脑有线小苍MISS外设', 146, 'computer/peripherals/557058125463', 'yes', '品牌:other/其他++型号:蒸汽朋克机械键盘++套餐类型:套餐一官方标配++是否机械键盘:机械键盘++颜色分类:白色青轴水晶版黑色青轴水晶版银白色青轴电镀版银黑色青轴电镀版玫瑰金青轴电镀版情人粉青轴电镀版可爱粉青轴水晶版缇芙蓝青轴水晶版粉白情人节青轴水晶版蓝白情人节青轴水晶版红粉佳人青轴可爱粉黑轴水晶版缇芙蓝黑轴水晶版粉白情人节黑轴水晶版蓝白情人节黑轴水晶版玫瑰金黑轴电镀版情人粉黑轴电镀版++是否支持即插即用:支持++连接方式:有线++是否有多媒体功能键:有++接口类型:USB++是否支持人体工程学:支持++有无手托:有++成色:全新++售后服务:店铺三包', 58, 3, 56, 259),
('40034076255', '手机懒人支架床头手机支架双夹子底座苹果OPPO小米创意通用配件6', 10, 'phone/accessories/40034076255', 'no', '品牌:TanlnBAr/唐潮蓝域++生产企业:深圳市蓝信盛奇科技有限公司++适用场景:床头++颜色分类:软管双夹珍珠白软管双夹浪漫粉软管双夹优雅紫软管双夹天空蓝软管双夹神秘黑++货号:手机懒人支架', 9, 6, 24, 260),
('562750348856', '华为通用彩屏运动智能手环测心率血压防水计步器健康男女睡眠手表', 189, 'smart device/smart bracelet/562750348856', 'no', '保修期:5年++兼容平台:ANDROIDiOS++功能:心率监测智能提醒睡眠监测社交娱乐计步遥控自拍防水++品牌:seetons/思盾仕++型号:华为++生产企业:深圳市纳世科技有限公司++颜色分类:黑色彩屏咖啡色彩屏蓝色彩屏++适用对象:android平台苹果iOS平台', 6, 14, 44, 261),
('555365650536', '[旗舰店]Canon/佳能EOS200D单反套机EF-S18-55mm', 4149, 'photography/SLR/555365650536', 'no', '产品名称：Canon/佳能EOS200D套机...++屏幕尺寸:3英寸++储存介质:SD卡++单反画幅:APS-C画幅++感光元件类型:CMOS++对焦点数:9点++是否支持外接闪光灯:支持++是否支持机身除尘:支持++是否支持机身马达:不支持++传感器尺寸:22.3mmx14.9mm++品牌:Canon/佳能++曝光模式:快门优先光圈优先手动曝光++影像处理类型:DIGIC7', 88, 7, 89, 262),
('566347415198', '【现货顺丰包邮】HTCVIVEPro专业版头显虚拟眼镜VR头盔限量', 6488, 'smart device/smart glasses/566347415198', 'yes', '保修期:12个月++品牌:HTCVIVE++型号:VIVE-P110++屏幕类型:3K++生产企业:宏达通讯有限公司++芯片品牌:高通++颜色分类:vivePro头盔（不含手柄、定位器）vivePro2代套餐（头盔、2.0手柄、2.0定位器）不含无线套件', 72, 15, 14, 263),
('568538886876', 'Lenovo/联想UM10c青春版钛金灰苹果安卓电容麦克风手机k歌', 179, 'entertainment/microphone/568538886876', 'no', '产品名称：Lenovo/联想UM10c青春版...++使用方式:手持++供电方式:内置锂电池++保修期:12个月++品牌:Lenovo/联想++型号:UM10c青春版钛金灰++生产企业:联想++颜色分类:UM10c青春版钛金灰++麦克风类型:手机K歌麦克风直播专用麦克风KTV/演出专用麦克风++声道:2++适用对象:手机游戏语音电脑直播专用ktv专用家用其他/other++套餐名称:官方标配', 48, 13, 81, 264),
('539836072416', '运动智能手环男防水记计步器多功能vivo蓝牙oppo手表心率监测血压', 149, 'smart device/smart bracelet/539836072416', 'yes', '上市时间:2018-01-01++保修期:36个月++兼容平台:ANDROIDiOS++功能:心率监测智能提醒睡眠监测社交娱乐计步遥控自拍防水++品牌:戴图++型号:X4F++生产企业:深圳市宏启丰网络信息技术有限公司++颜色分类:血压心率版【魅惑紫】血压心率版【深邃蓝】【收藏加购物车享优先发货】此项勿拍【收藏加购物车享质保3年】此项勿拍【收藏加购物车享15天退换货】此项勿拍血压心率版【优雅黑】++适用对象:android平台苹果iOS平台++无线距离:5m(含)-10m(含)', 60, 14, 34, 265),
('535627247807', '【送三脚架】佳能550d摄影家用旅游入门级高清数码二手单反照相机', 1248, 'photography/SLR/535627247807', 'yes', '接口类型:佳能口++单反级别:入门级++是否支持机身防抖:机身不防抖++屏幕尺寸:3英寸及以上++像素:1800万++储存介质:SD卡++成色:9.9成新++电池类型:锂电池++售后服务:店铺三包++颜色分类:95新550D含18-55IS.45天随意换99新550D含18-55IS.套餐送脚架95新550D含18-135IS.45天随意换99新550D含18-135IS.45天随意换95新550D单机身99新550D单机身95新500D含18-55IS套餐送脚架99新500D含18-55IS套餐送脚架95新600D含18-55ISII套餐送脚架99新600D含18-55ISII套餐送脚架95新700D含18-55ISII套餐送脚架99新700D含18-55ISII套餐送脚架95新500D含18-135IS中长焦防抖99新500D含18-135IS中长焦防抖95新600D含18-135IS中长焦防抖99新600D含18-135IS中长焦防抖95新650D含18-135IS中长焦防抖99新650D含18-135IS中长焦防抖95新700D含18-135IS中长焦防抖99新700D含18-135IS中长焦防抖95新650D含18-55ISII套餐送脚架99新650D含18-55ISII套餐送脚架++套餐:官方标配套餐一套餐二套餐三套餐四套餐五套餐六++单反画幅:APS-C画幅++感光元件类型:CMOS++对焦点数:9区++重量:151g(含)-200g(含)++取景器类型:光学取景器++是否支持外接闪光灯:支持++是否支持机身除尘:不支持++是否支持机身马达:支持++反光装置:其他++传感器尺寸:23.6mmx15.6mm++品牌:Canon/佳能++佳能单反系列:佳能单反相机系列', 13, 7, 12, 266),
('540499684234', 'Mac苹果笔记本Macbook电脑Air13寸保护壳Pro13.3外壳11配件12套15', 45, 'computer/accessories/540499684234', 'yes', '品牌:帝伊工坊++炫彩贴颜色:米黄色+同色键盘膜+塞奶油粉+同色键盘膜+塞宁静蓝+同色键盘膜+塞蔷薇粉+同色键盘膜+塞薰衣草+同色键盘膜+塞帝芙尼蓝+同色键盘膜+塞米黄色+升级豪华同色键盘膜+塞奶油粉+升级豪华同色键盘膜+塞宁静蓝+升级豪华同色键盘膜+塞蔷薇粉+升级豪华同色键盘膜+塞薰衣草+升级豪华同色键盘膜+塞帝芙尼蓝+升级豪华同色键盘膜+塞米黄色+升级快捷键键盘膜+塞奶油粉+升级快捷键键盘膜+塞宁静蓝+升级快捷键键盘膜+塞蔷薇粉+升级快捷键键盘膜+塞薰衣草+升级快捷键键盘膜+塞帝芙尼蓝+升级快捷键键盘膜+塞★下单留言机型（很重要哦）++生产企业:帝伊工坊++风格:简约', 100, 2, 32, 267),
('570000744872', '无线摄像头WIFI手机远程摄像机家用高清1080P夜视微型网络监控器', 228, 'photography/video camera/570000744872', 'yes', '内存容量:128GB16GB32GB64GB8GB无++呈像颜色:彩色++品牌:海思++型号:FT001++智能类型:其他++质保年限:3年++焦距:2.8mm++焦段:广角++清晰度:1080p++感光面积:1/4英寸++同城服务:同城物流送货上门++有效距离:0m(不含)-10m(不含)++镜头大小规格:2.8mm', 6, 9, 84, 268),
('564811004566', '外星人笔记本贴膜17r4电脑贴纸15r3外壳17.3寸r2保护膜15.6配件', 95, 'computer/accessories/564811004566', 'no', '品牌:奢伦仕++炫彩贴颜色:BZ-08裂缝骷髅KK-160红芒金梭KK-54流星长空KK-64斗志昂扬KK-77黑金裂纹KK-150烈火杀机KK-142东方雄鸡KK-157血翼三角KK-171血色磨盘KK-158蓝光杀机QZ-31苍茫太行WXRT-08ET降临KK-88精灵物语KK-176光芒折纹KK-137无极驴牌WXRT-14黄昏降临白蓝黑高达KK-161蜘蛛战衣创意火箭KK-159斯芬克斯KK-162红墨白画XT-116旧金大桥XT-121无极之我来图定制拍此++风格:日韩', 100, 2, 41, 269),
('565342088185', '【6期免息】vivoX21全面屏6G大运存全网通4G智能手机正品vivox21', 2898, 'phone/phone/565342088185', 'yes', '证书编号：2017011606992881++证书状态：有效++产品名称：TD-LTE数字移动电话机++3C规格型号：vivoX20A（充电器：BK0724HKCO189020-1ABBK-18ADUCN输出：...++产品名称：vivoX21++CPU型号:SDM660AIE++型号:X21++机身颜色:冰钻黑极光白宝石红++运行内存RAM:6GB++存储容量:6G+64G6G+128G++网络模式:双卡双待', 3, 5, 74, 270),
('563816491162', '智卓高拍仪S500C高清文件拍摄仪办公快拍扫描设备特价包邮', 258, 'computer/office equipment/563816491162', 'yes', 'CCC证书编号:2016010906882652++品牌:智卓++型号:S500C++版本类型:中国大陆++颜色分类:带软底座带硬底座++扫描元件:CMOS++扫描仪类型:高拍仪++售后服务:全国联保++最大幅面:A4++接口类型:USB2.0++光学分辨率(dpi):300x300dpi', 10, 4, 31, 271),
('556837222107', '小米笔记本贴纸air13.3寸pro15.6电脑外壳贴膜12.5保护膜15配件13', 31, 'computer/accessories/556837222107', 'no', '品牌:Cooskin/酷奇++炫彩贴颜色:斑驳岩石笔心小兔【新】未知数懵懵懂懂创意火箭【新】云中漫步动物星球繁星点点马尔代夫飞翔蓝鲸保护五件套孤独登月夏日沙滩红粉西瓜【新】异想天开阳光正好黑白小狗猪猪罗汉面朝大海【新】久溺深海【新】紫夜明星【新】绚烂星空来图定制拍此图库内其他图案++生产企业:宁波酷奇文具有限公司++风格:简约', 100, 2, 10, 272),
('569050113712', '诺基亚7手机壳7plus保护套nokia7外套7p硅胶全包防摔硬壳配件外壳', 20, 'phone/accessories/569050113712', 'yes', '保护套质地:软胶++款式:保护壳++生产企业:广州熊大电子科技有限公司++颜色分类:此链接有诺基亚7和7plus两个型号诺基亚7炫酷黑（送钢化膜+指环）诺基亚7土豪金（送钢化膜+指环）诺基亚7热情红（送钢化膜+指环）诺基亚7藏青色（送钢化膜+指环）诺基亚7气质银（送钢化膜+指环）诺基亚7天空蓝（送钢化膜+指环）诺基亚7浅灰色（送钢化膜+指环）以上是诺基亚7以下是诺基亚7Plus诺基亚7plus炫酷黑（送钢化膜+指环）诺基亚7plus土豪金（送钢化膜+指环）诺基亚7plus热情红（送钢化膜+指环）诺基亚7plus藏青色（送钢化膜+指环）诺基亚7plus气质银（送钢化膜+指环）诺基亚7plus天空蓝（送钢化膜+指环）诺基亚7plus浅灰色（送钢化膜+指环）++风格:简约++适用手机机型:诺基亚++型号:诺基亚7++品牌:XIQI/小强++型号:诺基亚7', 85, 6, 77, 273),
('17634914264', '诺西笔记本散热器14寸15.6寸联想华硕戴尔电脑散热底座支架垫手提排风扇降温水板冰冷静音游戏本外设', 20, 'computer/peripherals/17634914264', 'yes', '产品名称：诺西S200C++生产企业:深圳市诺西科技有限公司++颜色分类:黑色：标准版（无调速带支架）黑色：豪华版（带调速带支架）白色：豪华版（带调速带支架）蓝色：豪华版（带调速带支架）++按风扇配置:2个++散热方式:风冷++品牌:诺西++型号:S200C', 58, 3, 89, 274),
('567234063669', '儿童耳机头戴式蓝牙耳麦带话筒学生学习护耳分插有线无线通用轻便', 129, 'entertainment/headset/567234063669', 'no', '兼容平台:ANDROIDWindowsPhoneiOS++套餐类型:官方标配++是否线控:是++耳机发声原理:动铁++适用音乐类型:人声女声流行风类型++颜色分类:有线版-粉色-带麦有线版-红色-带麦有线版-紫色-带麦有线版-蓝色-带麦有线版-黑色-带麦有线版-绿色-带麦有线版-橙色-带麦蓝牙款-蓝色蓝牙款-粉色蓝牙款-绿色++佩戴方式:头戴护耳式++耳机类型:有线++有无麦克风:带麦++耳机售后服务:全国联保++插头直径:3.5mm++耳机插头类型:直插型++耳机输出音源:随身视听++缆线长度:1.5++耳机类别:游戏耳机普通耳机++品牌:other/其他++型号:其他/other++防水性能:IPX4++功能:录音功能++防尘性能:IP5X++耳机左右腔体间连接方式:有线连接++耳机与播放设备连接方式:有线连接', 62, 11, 51, 275);
INSERT INTO `itcast_goods` (`gid`, `gname`, `price`, `thumb`, `status`, `description`, `stock`, `cid`, `sales`, `turn`) VALUES
('568824659458', '彩屏智能手环苹果手表防水测心率血压oppo华为vivo女小米3运动男', 169, 'smart device/smart bracelet/568824659458', 'no', '上市时间:2018-04-27++保修期:12个月++功能:心率监测智能提醒睡眠监测计步遥控自拍防水++品牌:米蕉++型号:N88++生产企业:米蕉数码科技++颜色分类:黑色白色橙色++无线距离:5m(含)-10m(含)', 16, 14, 96, 276),
('569749570015', 'VR眼镜3D虚拟现实头戴式游戏头盔rv眼睛4d手机专用ar苹果一体机', 268, 'smart device/smart glasses/569749570015', 'yes', '兼容平台:ANDROIDBlackberryMIUISymbianWindowsMobileiOS百度云OS阿里巴巴云OS++品牌:千幻魔镜++颜色分类:调节式耳机-送遥控-精装影视版调节式耳机-送遥控-精装畅玩版调节式耳机-送遥控-精装沉浸版调节式耳机-送遥控-精装科幻版调节式耳机-送遥控-精装虚幻版调节式耳机-送遥控-精装炫幻版', 56, 15, 54, 277),
('544023469594', '新盟曼巴狂蛇机械手感键盘笔记本电脑外接有线背光电竞游戏外设CF', 37, 'computer/peripherals/544023469594', 'yes', '产品名称：Technology/新盟曼巴狂蛇...++保修期:12个月++品牌:Technology/新盟++型号:曼巴狂蛇K26++套餐类型:官方标配++是否机械键盘:非机械键盘++生产企业:深圳市众嘉悦电子有限公司++颜色分类:经典版黑色（双色注塑键帽字键发光）经典版白色（双色注塑键帽字键缝隙发光）金属灰（双色注塑键帽字键缝隙双发光）金属灰白光版（双色注塑字键缝隙双发光）银白色冰蓝光（双色注塑字键缝隙双发光）灰黑色白光（复古版朋克键帽）灰黑色橙光（复古版朋克键帽）银白冰蓝光（复古版朋克键帽）++是否支持即插即用:支持++连接方式:有线++是否有多媒体功能键:有++接口类型:USB++是否支持人体工程学:支持++有无手托:无++成色:全新++售后服务:全国联保', 81, 3, 31, 278),
('559263747866', '机吸尘鼓风机办公设备家用清洁工具电脑复印机维修大功率吸吹风', 40, 'computer/office equipment/559263747866', 'yes', '颜色分类:蓝色900w不可调速蓝色900w不可调速（12件礼）黄色900w不可调速（12件礼）黄色1000W6档调速（20件礼）蓝色1200W6档调速（20件礼）黄色1800W6档调速（26件礼）', 96, 4, 47, 279),
('569956497750', '包邮新品无线商务呼叫器双向语音对讲系统办公室老板秘书通话设备', 470, 'computer/office equipment/569956497750', 'yes', '品牌:other/其他++型号:BS-820++颜色分类:听筒款高端定制-带内置电池免提款高端定制-带内置电池咖啡棕-免提款宝石蓝-免提款私密通话-听筒款BS-820免提款不分主分机-2个BS-820免提款不分主分机-3个BS-820免提款不分主分机-4个BS-820免提款不分主分机-5个BS-820H听筒款不分主分机-2个BS-820H听筒款不分主分机-3个BS-820H听筒款不分主分机-4个BS-820H听筒款不分主分机-5个一主一分（免提款）一主两分（免提款）一主一分（听筒款）一主两分（听筒款）', 9, 4, 69, 280),
('567463141606', 'M116TU重低音入耳式立体声线控耳机安卓手机苹果女生通用耳塞耳麦', 35, 'entertainment/headset/567463141606', 'no', '产品名称：想念M116TU金属++保修期:12个月++兼容平台:ANDROIDWindowsPhoneiOS++套餐类型:官方标配++是否线控:耳机机身按键控制++灵敏度:98dB/mW++生产企业:深圳市杰少数码有限公司++耳机发声原理:其他/other++适用音乐类型:通用++阻抗:16Ω++频响范围:20-20000Hz++颜色分类:【耳机4条装】红色白色黑色粉红色++佩戴方式:入耳式++耳机类型:有线++有无麦克风:带麦++耳机售后服务:店铺三包++插头直径:3.5mm++耳机插头类型:直插型++耳机输出音源:其他++缆线长度:1.2m++耳机类别:IOS线控耳机安卓线控耳机游戏耳机普通耳机手机线控耳机运动耳机++品牌:想念++型号:M116TU金属++防水性能:不支持防水++功能:听力辅助功能++耳机左右腔体间连接方式:有线连接++耳机与播放设备连接方式:有线连接', 50, 11, 21, 281),
('564697673486', '绿联type-c扩展坞拓展苹果笔记本电脑MacBookPro配件转换器HDMI', 118, 'computer/accessories/564697673486', 'no', '品牌:绿联++接口性质:其他++生产企业:深圳市绿联科技有限公司++长度:0.1m0.2m0.15m++颜色分类:【深空灰】6合1千兆网口+HDMI+VGA款【深空灰】Type-C转HDMI【深空灰】Type-C转VGA【深空灰】HDMI+USB3.0+PD快充款【深空灰】VGA+USB3.0+PD快充款【深空灰】5合1千兆网口+VGA款【深空灰】五合1千兆网口+HDMI款++是否外接电源:无外接电源++货号:CM179', 100, 2, 82, 282),
('548919260017', '机械手感有线键盘台式电脑牧马人曼巴狂蛇家用游戏外接骚男外设店', 59, 'computer/peripherals/548919260017', 'no', '产品名称：Technology/新盟XM-K67...++保修期:12个月++品牌:Technology/新盟++型号:XM-K670++套餐类型:官方标配++是否机械键盘:非机械键盘++生产企业:深圳市福彩鑫电子有限公司++颜色分类:金白色彩虹光-机械手感键盘金属灰橙黄光-机械手感键盘红白色彩虹光-机械手感键盘金属灰(十二种背光模式)-机械手感键盘++是否支持即插即用:支持++连接方式:有线++是否有多媒体功能键:无++接口类型:USB++是否支持人体工程学:支持++有无手托:无++成色:全新++售后服务:全国联保', 91, 3, 87, 283),
('568370606763', 'Lenovo/联想UM10C青春版全民K歌手机麦克风全名话筒唱神器带声卡', 189, 'entertainment/microphone/568370606763', 'no', '产品名称：Lenovo/联想UM10C青春版++上市时间:2017-5-1++使用方式:悬挂式++供电方式:内置锂电池++保修期:12个月++品牌:Lenovo/联想++型号:UM10C青春版++有无线:有线++生产企业:联想（北京）有限公司++颜色分类:香槟金玫瑰金深空灰天后红香槟金+桌面支架+监听耳机玫瑰金+桌面支架+监听耳机深空灰+桌面支架+监听耳机天后红+桌面支架+监听耳机香槟金+K歌支架+监听耳机玫瑰金+K歌支架+监听耳机深空灰+K歌支架+监听耳机天后红+K歌支架+监听耳机++麦克风类型:电容式++声道:2++适用对象:手机游戏语音电脑直播专用录音专用会议专用舞台采访专用ktv专用家用其他/other++指向特征:心型指向++喇叭单元:无喇叭++套餐名称:官方标配', 8, 13, 86, 284),
('536366179633', '伟力F1体感遥控机器人玩具两轮智能平衡跳舞成人儿童玩具女孩男孩', 198, 'smart device/smart robot/536366179633', 'yes', '证书编号：2011152202006690++证书状态：有效++申请人名称：汕头市澄海区伟力玩具有限公司++制造商名称：汕头市澄海区伟力玩具有限公司++产品名称：产品类别：电动玩具++3C产品型号：遥控车：0001、0002、0003、007、0008、0086、0604、0608、666、086...++3C规格型号：遥控车：0001、0002、0003、007、0008、0086、0604、0608、666、086...++产地:中国大陆++品牌:GREATPOWERSTAR/伟力之星++型号:2119++玩具类型:电玩具++货号:F1艾尼智能遥控机器人++适用年龄段:<14岁++遥控方式:体感++颜色分类:F1机器人(红色)F1机器人(蓝色)F1机器人(白色)F1机器人(粉红色）++适用年龄:6岁7岁8岁9岁10岁11岁12岁13岁14岁14岁以上++套餐类型:官方正品（送手表）++材质:塑料++是否有导购视频:有++是否含遥控:含', 42, 16, 13, 285),
('535642445576', 'EARISE/雅兰仕Q9笔记本电脑音响木质多媒体台式小音箱2.1低音炮', 60, 'entertainment/speakers/535642445576', 'no', '产品名称：EARISE/雅兰仕Q9++保修期:12个月++声道:2.1++成色:全新++生产企业:东莞市美之尊电子科技有限公司++电源方式:其他++采购地:中国大陆++颜色分类:橙色蓝色++售后服务:全国联保++品牌:EARISE/雅兰仕++型号:Q9', 65, 12, 28, 286),
('558431053132', '降价1758当天发套餐+0元]Xiaomi/小米NOTE3手机note3全网通官方正', 1758, 'phone/phone/558431053132', 'yes', '证书编号：2016011606836121++证书状态：有效++申请人名称：小米通讯技术有限公司++制造商名称：小米通讯技术有限公司++产品名称：TD-LTE数字移动电话机++3C产品型号：2015628（电源适配器：MDY-08-EH输出：5VDC/2.5A，9VDC/2A，12V...++3C规格型号：2015628(电源适配器：MDY-08-EH输出：5VDC/2.5A，9VDC/2A,12V...++产品名称：Xiaomi/小米小米NOTE3++CPU型号:骁龙660++型号:小米NOTE3++机身颜色:亮蓝亮黑移动4G+版亮黑亮黑(6GB)亮蓝(6GB)亮黑(4GB)亮蓝(4GB)++运行内存RAM:6GB++存储容量:64GB128GB++网络模式:双卡多模', 33, 5, 63, 287),
('570918575948', '机吸尘鼓风机办公设备家用清洁工具电脑复印机维修大功率吸吹风', 48, 'computer/office equipment/570918575948', 'yes', '品牌:见描述++型号:其它型号++颜色分类:蓝色900w不可调速（2件礼）蓝色900w不可调速（12件礼）黄色900w不可调速（12件礼）黄色1800W6档调速（26件礼）黄色1000W6档调速（20件礼）蓝色1200W6档调速（20件礼）', 75, 4, 57, 288),
('567700331629', 'Mac苹果笔记本Macbook电脑保护壳Air13寸外壳Pro13配件12寸套15', 62, 'computer/accessories/567700331629', 'yes', '品牌:柯木昂++炫彩贴颜色:【Mac12寸】羽毛+普膜【Mac12寸】羽毛+JRC功能清雅粉【Mac12寸】羽毛+JRC功能珊瑚粉【Mac12寸】羽毛+JRC功能典雅灰【Mac12寸】羽毛+JRC功能神秘黑【Air13寸】羽毛+普膜【Air13寸】羽毛+JRC功能清雅粉【Air13寸】羽毛+JRC功能珊瑚粉【Air13寸】羽毛+JRC功能典雅灰【Air13寸】羽毛+JRC功能神秘黑【新Pro13寸】羽毛+普膜（备注型号）【新Pro13寸】羽毛+JRC功能清雅粉（备注型号）【新Pro13寸】羽毛+JRC功能珊瑚粉（备注型号）【新Pro13寸】羽毛+JRC功能典雅灰（备注型号）【新Pro13寸】羽毛+JRC功能神秘黑（备注型号）【新Pro15寸】羽毛+普膜【新Pro15寸】羽毛+JRC功能清雅粉【新Pro15寸】羽毛+JRC功能珊瑚粉【新Pro15寸】羽毛+JRC功能典雅灰【新Pro15寸】羽毛+JRC功能神秘黑++生产企业:深圳儒商科技++风格:简约', 100, 2, 51, 289),
('562489258004', '小帅智能机器人儿童早教育学习玩具对话高科技第五代5.0官网正品', 2860, 'smart device/smart robot/562489258004', 'no', '兼容平台:ANDROIDiOS++品牌:小帅Xshuai人工智能机器人++型号:IR01++尺寸:13x13x17cm++材质:PVC++颜色分类:白色透明', 18, 16, 7, 290),
('569658583146', '智能机器人玩具早教机儿童智能对话语音遥控男孩益智高科技学习机', 298, 'smart device/smart robot/569658583146', 'no', '证书编号：2015010805789743++证书状态：有效++申请人名称：深圳童之声科技有限公司++制造商名称：深圳童之声科技有限公司++产品名称：K密故事机(有音频播放和存储功能）++3C产品型号：型号：K1K2K3K4K5K6K7K8K9K10K11K12K13K14...++3C规格型号：见附件(不带适配器销售)++产地:中国大陆++品牌:OUBIAO++型号:Q19++玩具类型:塑胶玩具++货号:Q19++适用年龄段:<14岁++遥控方式:声控++颜色分类:标准版128M豪华版8G旗舰版16G++适用年龄:2岁3岁4岁5岁6岁7岁8岁9岁10岁11岁12岁13岁14岁14岁以上++套餐类型:第六代官方标配++材质:塑料++是否有导购视频:无++是否含遥控:不含', 70, 16, 36, 291),
('566651078122', '倍思type-c扩展坞拓展usb转接头hub苹果电脑配件MacBookPro转换器', 519, 'computer/accessories/566651078122', 'yes', '品牌:BASEUS/倍思++接口性质:其他++生产企业:深圳市时商创展科技有限公司++是否外接电源:无外接电源++货号:CATSX-F0G', 100, 2, 93, 292),
('560947545342', '游戏机械键盘青轴黑轴茶轴吃鸡电竞电脑台式网吧网咖徐老师外设店', 109, 'computer/peripherals/560947545342', 'yes', '产品名称：雷腾K12机械键盘++保修期:12个月++品牌:雷腾++型号:K12机械键盘++套餐类型:官方标配++是否机械键盘:机械键盘++生产企业:东莞市华业电子科技有限公司++颜色分类:白色混光青轴黑色混光青轴黑色混光黑轴黑色混光茶轴黑色混光青轴+游戏鼠标黑色混光黑轴+游戏鼠标黑色混光茶轴+游戏鼠标白色混光青轴+游戏鼠标++是否支持即插即用:支持++连接方式:有线++是否有多媒体功能键:有++接口类型:USB++是否支持人体工程学:支持++成色:全新', 86, 3, 84, 293),
('569298527860', '2018新上市的viviv9-X6.0寸全面屏智能手机正品游戏6G运行128G', 798, 'phone/phone/569298527860', 'yes', 'CCC证书编号:2016011606864642++CPU品牌:联发科++CPU型号:HelioX30++上市时间:2018-04++产品名称:VIVIV9-X++屏幕尺寸:6英寸++机身厚度:5.8mm++电池容量:5800mAh++品牌:VIVI++网络类型:4G+全网通++款式:直板++机身颜色:尊贵黑宝石蓝象牙白++套餐类型:官方标配套餐一套餐二套餐三套餐四++后置摄像头:2300万++操作系统:Android/安卓++附加功能:CT011007OTGTouchID、气压计、三轴陀螺仪不详光线感应双卡单模反蓝光护眼电子罗盘红外距离感应重力感应WIFI上网GPS导航电视播放双卡双待高清视频GPRS上网不支持单卡单待手电筒蓝牙伴侣备用机++宝贝成色:全新++售后服务:全国联保++触摸屏类型:电容屏，多点触控++存储容量:128GB++键盘类型:虚拟触屏键盘++分辨率:2560x1440++手机类型:拍照手机三防手机音乐手机时尚手机智能手机3G手机电视手机儿童手机4G手机商务手机女性手机老人手机卡片手机备用手机++电池类型:不可拆卸式电池++摄像头类型:双摄像头（前后）++视频显示格式:1080P(全高清D5)++网络模式:双卡双待++核心数:十核++版本类型:中国大陆', 54, 5, 28, 294),
('528280621674', 'Canon/佳能EOS80D套机(18-135mm)中高端专业数码单反相机正品', 7998, 'photography/SLR/528280621674', 'yes', '产品名称：Canon/佳能EOS80D套机(...++单反级别:中级++像素:2416万++储存介质:SD卡++电池类型:锂电池++感光元件类型:CMOS++是否支持外接闪光灯:支持++是否支持机身除尘:支持++是否支持机身马达:不支持++传感器尺寸:22.3mmx14.9mm++品牌:Canon/佳能', 12, 7, 37, 295),
('553012634108', 'Miss外设店黑爵GTX电竞机械游戏有线鼠标台式电脑笔记本lol鼠标', 119, 'computer/peripherals/553012634108', 'no', '产品名称:Ajazz/黑爵GTX++品牌:Ajazz/黑爵++型号:GTX++套餐类型:官方标配++颜色分类:深空灰-竞技版曜石黑-尊享版爵士银-尊享版++工作方式:光电++接口类型:USB++按键数:7个++光学分辨率:4000dpi++是否支持人体工程学:支持++成色:全新', 46, 3, 64, 296),
('567338139447', 'dido智能手环血压心率心电图运动计步多功能防水小米手环3华为荣耀表', 199, 'smart device/smart bracelet/567338139447', 'no', '上市时间:2018-04-06++保修期:12个月++兼容平台:ANDROIDiOS++功能:心率监测智能提醒睡眠监测计步防水++品牌:DiDo++型号:CK_18++生产企业:深圳市第一度科技有限公司++颜色分类:黑色【彩屏版】紫色【彩屏版】蓝色【彩屏版】黑色紫色蓝色++适用对象:android平台苹果iOS平台++无线距离:5m(含)-10m(含)', 66, 14, 55, 297),
('557792109365', '超薄一体机电脑四核19-27寸i3i5i7办公家用游戏独显台式主机全套', 1210, 'computer/whole machine/557792109365', 'yes', 'CCC证书编号:2014010901740791++产地:中国大陆++包装体积:610mm*510mm*195mm++品牌:ONTAI/昂台++型号:AP22A++固态硬盘容量:120G++摄像头类型:单摄像头++毛重:10公斤++能效备案号:一级节能++能效等级:一级++颜色分类:A1套餐19英寸A2套餐19英寸B1套餐22英寸B2套餐22英寸B3套餐22英寸B5套餐22英寸C1套餐24英寸C2套餐24英寸C3套餐24英寸C5套餐24英寸D1套餐27英寸D2套餐27英寸D3套餐27英寸D5套餐27英寸A3套餐19英寸B4套餐22英寸C4套餐24英寸D4套餐27英寸B6套餐22英寸B7套餐22英寸C6套餐24英寸C7套餐24英寸D6套餐27英寸D7套餐27英寸++屏幕尺寸:21.5英寸++适用品牌:Intel/英特尔++内存容量:4GB++内存类型:DDR3++硬盘容量:120GB++硬盘接口:SATA2++硬盘转速:ssd++显卡接口:PCI-E++显卡类型:核芯显卡++显存容量:1GB及以上++芯片类型:HD5550++显示器类型:LED++光驱类型:DVD-ROM++声卡类型:6.1++操作系统:其他/other++成色:全新++售后服务:全国联保++同城服务:同城卖家送货上门++台式机类型:高端家用++是否触摸屏:非触摸屏', 100, 1, 80, 298),
('542514113788', '小蚁智能摄像机yi无线家用监控摄像头1080p高清夜视手机网络wifi', 89, 'photography/video camera/542514113788', 'no', '保修期:12个月++兼容平台:ANDROIDiOS++品牌:yi++型号:YYS.2016.CN++生产企业:上海小蚁科技有限公司++颜色分类:1080p智能摄像机升级版1080p智能摄像机升级版+闪迪16G内存卡1080p智能摄像机升级版+东芝32G内存卡1080p智能摄像机升级版+30天云存储充值卡720P智能摄像机云存版（送3个月云存）1080P智能AI摄像机Y31080P智能AI摄像机Y3+16G内存卡1080P智能AI摄像机Y3+32G内存卡', 11, 9, 20, 299),
('530983962911', '【数码男生】Canon/佳能EOS1300D入门级单反相机数码高清旅游', 1698, 'photography/SLR/530983962911', 'no', '产品名称:Canon/佳能EOS1300D套机(18-55mm)++单反级别:入门级++是否支持机身防抖:机身不防抖++像素:1800万++储存介质:SD卡++成色:全新++电池类型:锂电池++售后服务:全国联保++颜色分类:佳能1300D单机不带镜头佳能1300D+18-55mm原厂镜头佳能1300D+50/1.8STM人像镜头佳能1300D+18-55STM防抖镜头佳能1300D（18-135STM中长焦镜头腾龙（18-200VC）长焦镜头1300D（18-55/75-300)双镜头1300D+18-55、50/1.8STM镜头港版单机无配件不带镜头++套餐:官方标配套餐一套餐二套餐三套餐四套餐五套餐六套餐七套餐八++单反画幅:APS-C画幅++感光元件类型:CMOS++对焦点数:9点++重量:501g(含)-600g(含)++取景器类型:光学取景器++是否支持外接闪光灯:支持++是否支持机身除尘:支持++是否支持机身马达:不支持++反光装置:五面镜++传感器尺寸:22.3mmx14.9mm++品牌:Canon/佳能++佳能单反系列:EOS1300D套机(18-55mm)', 95, 7, 99, 300),
('568428561627', '新品首发乐心智能手环3代测心率防水计步器安卓苹果蓝牙运动手表', 249, 'smart device/smart bracelet/568428561627', 'yes', '保修期:12个月++品牌:LifeSense/乐心++型号:lifesense3++生产企业:广东乐心++颜色分类:红色（有氧手环，12项运动模式）黑色（有氧手环，12项运动模式）', 19, 14, 71, 301),
('553000514429', '南方有乔木同款乐心智能手环心率防水计步器男女情侣运动手表ziva', 199, 'smart device/smart bracelet/553000514429', 'yes', '保修期:12个月++兼容平台:ANDROID++功能:心率监测智能提醒睡眠监测计步防水++品牌:LifeSense/乐心++型号:ZIVA++生产企业:广东乐心医疗电子股份有限公司++颜色分类:玫瑰金+适配腕带信念色+适配腕带燃烧色+适配腕带香槟金+适配腕带深空灰+适配腕带信念色+P1体脂称+适配腕带燃烧色+P1体脂称+适配腕带尊享版+原装腕带玫瑰金+P1体脂称+适配腕带ziva家庭版玫瑰金+原装腕带黑色信念色+原装腕带白色燃烧色+原装腕带白色情侣款玫瑰金香槟金深空灰信念色燃烧色++适用对象:android平台苹果iOS平台++无线距离:5m(含)-10m(含)', 1, 14, 64, 302),
('567148321635', '机器人玩具智能对话高科技小胖儿童学习早教机人工智能教育机器人', 168, 'smart device/smart robot/567148321635', 'no', 'CCC证书编号:2017010805981515++产地:中国大陆++品牌:ATWIN++型号:q3++玩具类型:电玩具++货号:q3++适用年龄段:通用++遥控方式:声控++颜色分类:公主粉王子蓝跳舞机器人（蓝色）跳舞机器人（粉色）小白机器人默认送麦克风++适用年龄:2岁3岁4岁5岁6岁7岁8岁9岁10岁++套餐类型:50G资源+运费险+麦克风+玩具50G资源+8G卡+读卡器+麦克风50G资源+16G卡+读卡器+麦克风++材质:硅胶', 46, 16, 22, 303),
('529197732662', '唱吧全民K歌手机麦克风唱歌神器OPPO华为VIVO苹果通用专用话筒', 148, 'entertainment/microphone/529197732662', 'yes', '使用方式:支撑式++供电方式:可换电池++品牌:VOKUSS/百科仕++型号:D198++有无线:有线++颜色分类:金色【监听耳机+三角支架】银色【监听耳机+三角支架】粉色【监听耳机+三角支架】紫色【监听耳机+三角支架】金色【送监听耳机+手机支架】银色【送监听耳机+手机支架】紫色【送监听耳机+手机支架】粉色【送监听耳机+手机支架】金色【送头戴式耳机+三角支架】银色【送头戴式耳机+三角支架】紫色【送头戴式耳机+三角支架】粉色【送头戴式耳机+三角支架】金色【送头戴式耳机+手机支架】银色【送头戴式耳机+手机支架】粉色【送头戴式耳机+手机支架】紫色【送头戴式耳机+手机支架】++麦克风类型:电容式手机K歌麦克风++声道:2++适用对象:手机++指向特征:全指向/无指向', 26, 13, 66, 304),
('562785923282', '苹果电脑薄软保护壳MacBook13寸笔记本贴膜Macpro配件air外壳', 136, 'computer/accessories/562785923282', 'yes', '品牌:Aigo/爱国者++炫彩贴颜色:高清透明12寸1534保护膜壳雅致黑12寸1534保护膜壳土豪金12寸1534保护膜壳高清透明Air13寸1466保护壳雅致黑Air13寸1466保护壳土豪金Air13寸1466保护壳温馨粉Air13寸1466保护壳喜庆红Air13寸1466保护壳优雅青Air13寸1466保护壳高清透明Retina版Pro13寸A1502雅致黑Retina版Pro13寸A1502土豪金Retina版Pro13寸A1502温馨粉Retina版Pro13寸A1502喜庆红Retina版Pro13寸A1502优雅青Retina版Pro13寸A1502高清透明Pro13寸1706保护壳雅致黑Pro13寸1706保护壳雅致黑Pro13寸1708无Touch高清透明Pro13寸1708无Touch高清透明Retina版Pro15寸1398雅致黑Retina版Pro15寸1398高清透明新Pro15寸A1707高清透黑新Pro15寸A1707++生产企业:深圳麦凯森贸易有限公司++风格:简约', 100, 2, 95, 305),
('527373579461', '新威尔机械战警智能遥控机器人儿童玩具男孩电动机器人玩具遥控', 138, 'smart device/smart robot/527373579461', 'no', '证书编号：2013152202010823++证书状态：有效++申请人名称：汕头市盈佳玩具实业有限公司++制造商名称：汕头市盈佳玩具实业有限公司++产品名称：产品类别：电动玩具++3C产品型号：遥控机器人：NO.3088A、NO.4088、NO.5088、NO.6088、NO.7088、NO....++3C规格型号：遥控机器人：NO.3088A、NO.4088、NO.5088、NO.6088、NO.7088、NO....++产地:中国大陆++品牌:AMWELL/盈佳++型号:5088++玩具类型:电玩具++货号:5088++适用年龄段:<14岁++遥控方式:手柄++颜色分类:新款消防战警手势感应+发射水柱【红色】新款警察战警手势感应+发射软弹【蓝色】大号机械战警发射软弹【白色】大号机械战警发射软弹【黑色】大号升级版智能对话机械战警发射软弹【白色】大号升级版智能对话机械战警发射软弹【黑色】++适用年龄:6岁7岁8岁9岁10岁++套餐类型:充电版【送魔方+遥控器电池+螺丝刀+一年保修】++材质:塑料++是否有导购视频:有++是否含遥控:含', 47, 16, 28, 306),
('567256586792', '分期免息Apple/苹果iPhone7Plus手机全网通4G正品苹果7p手机5.5', 3350, 'phone/phone/567256586792', 'no', 'CCC证书编号:2016011606893750++产品名称:Apple/苹果iPhone7Plus++CPU品牌:Apple/苹果++上市时间:2016-09++产品名称:iPhone7Plus++屏幕尺寸:5.5英寸++机身厚度:7.3mm++电池容量:2910mAh++品牌:Apple/苹果++Apple型号:iPhone7Plus++网络类型:4G全网通++款式:不详++机身颜色:磨砂黑5.5寸玫瑰金5.5寸银白色5.5寸土豪金5.5寸亮黑色5.5寸中国红5.5寸[收藏+购物车]减100元+送淘金币[收藏+购物车]全国联保1年++套餐类型:官方标配套餐一++后置摄像头:1200万像素广角及长焦双镜头摄像头++操作系统:iOS10++附加功能:不详++宝贝成色:全新++售后服务:店铺三包++触摸屏类型:不详++运行内存RAM:不详++存储容量:32GB128GB256GB++键盘类型:不详++分辨率:1920x1080像素分辨率，401ppi++手机类型:不详++电池类型:不详++摄像头类型:1200万像素广角及长焦双镜头摄像头++视频显示格式:不详++网络模式:蜂窝网络和无线连接++核心数:不详++版本类型:港澳台美国中国大陆', 36, 5, 39, 307),
('563341792629', '分期全新Casio/卡西欧EX-TR750TR80自牌神器美颜自拍数码照相机', 2599, 'photography/digital camera/563341792629', 'yes', '产品名称:Casio/卡西欧EX-TR750++品牌:Casio/卡西欧++卡西欧型号:EX-TR750++感光元件类型:CMOS++传感器尺寸:1/1.7英寸++特殊功能:美颜、镜像反转、自拍定时器、一键视频、自拍艺术滤镜、自动传输++像素:1276万++光学变焦:定焦++成色:全新++显示屏尺寸:3.5英寸++电池类型:锂电池++售后服务:全国联保++颜色分类:TR750粉色礼盒带原装包/国行联保TR750蜜桃粉/国行联保TR750奇幻绿礼盒版/国行联保TR750浅蓝礼盒带原装包/国行联保TR750浅粉礼盒带原装包/国行联保TR750白色/国行联保TR750黑色/国行联保TR750奇幻绿/国行联保TR750蜜桃粉礼盒版/国行联保TR750白色礼盒带原装包/国行联保TR750浅粉/港版店保TR750浅蓝/港版店保TR750白色/港版店保TR750粉色/港版店保TR750黑色/港版店保TR750浅蓝/国行联保TR750浅粉/国行联保TR750粉色/国行联保TR750黑色礼盒带原装包/国行联保TR750钻石色/港版店保++套餐:官方标配套餐一套餐二套餐三套餐四套餐五套餐六++屏幕类型:旋转屏++有效像素:1000-1200万++防抖性能:电子防抖++高清摄像:全高清（1920x1080）++镜头类型:潜望式++适用场景:女性市场++重量:151g(含)-200g(含)', 26, 10, 84, 308),
('560535208734', '达尔优VX6台式电脑加重鼠标游戏有线miss大司马外设店英雄联盟lol', 49, 'computer/peripherals/560535208734', 'yes', '产品名称：达尔优VX6++保修期:12个月++品牌:达尔优++型号:VX6++套餐类型:官方标配++生产企业:东莞市铭冠电子科技有限公司++颜色分类:黑色+大桌垫白色+大桌垫++工作方式:光电++接口类型:USB++按键数:4个++光学分辨率:2000dpi++是否支持人体工程学:支持++成色:全新', 5, 3, 38, 309),
('554894890048', '华为运动手环智能计步防水测心率睡眠蓝牙GPS游泳男女官方旗舰店', 268, 'smart device/smart bracelet/554894890048', 'no', '保修期:12个月++兼容平台:ANDROIDMIUIiOS++功能:心率监测智能提醒睡眠监测计步防水++品牌:Huawei/华为++品名:运动手环++生产企业:华为技术有限公司++颜色分类:标准版黑+黑带+贴膜+腰带GPS版红色+粉带+贴膜+腰带（加赠黑表带一条）标准版黑+橙带+贴膜+腰带标准版黑+绿带+贴膜+腰带GPS版黑+蓝带+贴膜+腰带GPS版黑+橙带+贴膜+腰带GPS版黑+绿带+贴膜+腰带GPS版黑+粉带+贴膜+腰带GPS版红色+蓝带+贴膜+腰带（加赠黑表带一条）GPS版红色+橙带+贴膜+腰带（加赠黑表带一条）GPS版红色+绿带+贴膜+腰带（加赠黑表带一条）GPS版黑+黑带+贴膜+腰带GPS版红色+黑带+贴膜+腰带（加赠黑表带一条）GPS版蓝+蓝带+贴膜+腰带GPS版蓝+橙带+贴膜+腰带GPS版蓝+绿带+贴膜+腰带GPS版蓝+粉带+贴膜+腰带GPS版蓝+黑带+贴膜+腰带GPS版橙+蓝带+贴膜+腰带（加赠黑表带一条）GPS版橙+绿带+贴膜+腰带（加赠黑表带一条）GPS版橙+粉带+贴膜+腰带（加赠黑表带一条）GPS版橙+黑带+贴膜+腰带（加赠黑表带一条）标准版黑+蓝带+贴膜+腰带标准版黑+粉带+贴膜+腰带++适用对象:android平台苹果iOS平台++无线距离:5m(含)-10m(含)', 57, 14, 61, 310),
('546051874457', '云腾手机旋转横竖夹子通用相机三脚架配件夹直播支架固定云台夹头', 15, 'phone/accessories/546051874457', 'yes', '品牌:云腾++颜色分类:旋转夹旋转夹+遥控手机大号夹手机大号夹+遥控手机大号夹+云腾充电遥控旋转夹+云腾充电遥控++货号:大号手机夹', 16, 6, 49, 311),
('38681669899', '名龙堂剑龙G3i57500升8400/GTX1050Ti台式DIY游戏组装电脑主机', 3790, 'computer/whole machine/38681669899', 'no', '产品名称：MLOONG/名龙堂IntelB36...++品牌:MLOONG/名龙堂++CPU系列:Intel/英特尔酷睿i5++CPU型号:i5-8400++主板结构:M-ATX++主板芯片组类型:IntelB360++显卡系列:GTX1050TI++显存容量:4GB++内存容量:8GB++硬盘类型:固态硬盘(SSD)++硬盘容量:120GB128GB240GB256GB++电源功率:400W++电源80PLUS认证:不支持++散热方式:风冷++光驱类型:无光驱++生产企业:武汉名龙堂科技有限公司++保修期:36个月', 100, 1, 70, 312),
('537535815669', '指环支架苹果6s手机通用车载配件手环支架指环扣汽车卡扣式粘贴女', 10, 'phone/accessories/537535815669', 'yes', '品牌:名彩++适用场景:桌面++颜色分类:〖简约款〗土豪金〖简约款〗玫瑰金〖简约款〗白色〖简约款〗黑色〖小熊款〗玫瑰金〖小熊款〗土豪金〖小熊款〗极光银〖猫咪款〗蓝色〖猫咪款〗枚红〖猫咪款〗黑色买二送一活动：买2件发3件（此项介绍勿拍）++货号:支架', 67, 6, 61, 313),
('36281495763', '绿联网线转换器macbookair/pro苹果USB转网线接口笔记本电脑配件', 59, 'computer/accessories/36281495763', 'yes', '品牌:绿联++型号:CR102++生产企业:深圳市绿联科技有限公司++长度:0.28m++颜色分类:USB2.0+百兆网卡-白色USB3.0+百兆网卡（收线便携款）USB3.0+百兆网卡-白色USB3.0+千兆网卡-白色USB3.0+千兆网卡（全铝合金外壳）-月光银USB3.0+千兆网卡+SD/TF双读卡槽-白色USB2.0+百兆网卡-黑色USB3.0+百兆网卡-黑色USB3.0+千兆网卡-黑色USB3.0+千兆网卡电源套餐USB3.0+千兆网卡（收线便携款）★搭配超极本，一次扩展4个接口++适用型号:MacBookAirMacBookAir11寸MacbookPro11寸', 100, 2, 67, 314),
('543607516802', '索尼VRPS4PSVR二代虚拟现实头盔3D眼镜PS4VR港版日版套装2代', 1699, 'smart device/smart glasses/543607516802', 'no', '品牌:索尼++颜色分类:美版PSVR+摄像头+双MOVE+座充美版PSVR+摄像头+GT赛车+双MOVE美版PSVR+摄像头+GT赛车送游戏美版PSVR+摄像头送游戏美版PSVR送游戏美版PSVR+摄像头+双MOVE+光枪港版VR2代+摄像头送游戏港版VR2代+摄像头+双MOVE送游戏港版VR2代+摄像头+双MOVE+光枪美版VR2代+摄像头送游戏美版VR2代+摄像头+双MOVE送游戏美版VR2代+摄像头+双MOVE+光枪国行VR2代+摄像头国行VR2代+摄像头+双MOVE', 83, 15, 30, 315),
('561841290662', '整理架组合玩客云设备办公夹层放置客厅方框层架方格子实用搁板柜', 12, 'computer/office equipment/561841290662', 'yes', '品牌:自主品牌++型号:无++颜色分类:三色选一长32.5cm高14.5cm三色选一长32.5cm高21.5cm三色选一长32.5cm高32.5cm三色选一长32.5cm高42cm三色选一长42cm高14.5cm三色选一长42cm高21.5cm三色选一长42cm高32.5cm三色选一长42cm高42cm三色选一长51.2cm高14.5cm三色选一长51.2cm高21.5cm三色选一长51.2cm高32.5cm三色选一长51.2cm高42cm三色选一长60cm高14.5cm三色选一长60cm高21.5cm三色选一长60cm高32.5cm三色选一长60cm高42cm长32.5cm底板长42cm底板长51cm底板长60cm底板', 26, 4, 83, 316),
('562662329409', 'oculusriftCV1专业虚拟现实VR眼镜Touch手柄Earphones耳机', 3288, 'smart device/smart glasses/562662329409', 'no', '品牌:OCULUS++颜色分类:美国直邮（15天）标配（双定位器赠安装+账号）标准套装（双定位器）豪华套装（三定位器）企业套装（四定位器）', 13, 15, 60, 317),
('35543745350', '双飞燕血手幽灵G501头戴式耳麦绝地求生辅助吃鸡7.1游戏电脑耳机', 139, 'entertainment/headset/35543745350', 'yes', '产品名称：双飞燕血手幽灵G501++保修期:12个月++套餐类型:官方标配++是否线控:是++生产企业:东莞伍联电子科技有限公司++颜色分类:黑色G5003.5MM音频接口++佩戴方式:头戴护耳式++耳机类型:有线++有无麦克风:带麦++耳机售后服务:全国联保++缆线长度:2.2米++耳机类别:主动降噪耳机游戏耳机HIFI耳机++品牌:双飞燕++双飞燕耳机型号:血手幽灵G501', 23, 11, 24, 318),
('526955830431', 'Rapoo/雷柏vh200电竞游戏耳机有线带麦吃鸡耳机电脑头戴式耳麦', 129, 'entertainment/headset/526955830431', 'yes', '产品名称：Rapoo/雷柏vh200++保修期:12个月++兼容平台:ANDROIDWindowsPhoneiOS++套餐类型:官方标配++是否线控:否++灵敏度:103dB/mW++生产企业:深圳雷柏科技股份有限公司++适用音乐类型:ACG动漫游戏控类型++阻抗:32Ω++频响范围:20-20000Hz++颜色分类:白色黑色紫蓝++佩戴方式:头戴护耳式++耳机类型:有线++有无麦克风:带麦++耳机售后服务:全国联保++插头直径:3.5mm++耳机插头类型:直插型++耳机输出音源:PC电脑++缆线长度:2++耳机类别:HIFI耳机++品牌:Rapoo/雷柏++型号:vh200', 99, 11, 62, 319),
('565637852377', 'OPPOR15oppor15手机全新机限量高配oppor15梦镜版r11sr15plus', 2699, 'phone/phone/565637852377', 'no', '证书编号：2018011606052878++证书状态：有效++申请人名称：广东欧珀移动通信有限公司++制造商名称：广东欧珀移动通信有限公司++3C产品型号：PACT00（电源适配器：VC54JBCH、VC54GBCH、VC54HBCH、VC54GHCH...++3C规格型号：PACT00（电源适配器：VC54JBCH、VC54GBCH、VC54HBCH、VC54GHCH...++产品名称：OPPOR15++OPPO型号:R15++机身颜色:星空紫热力红雪盈白星云特别版礼盒装幻色粉星云特别版++运行内存RAM:6GB++存储容量:6+128GB4+128GB++网络模式:双卡多模', 36, 5, 2, 320),
('45537340733', '魅声T8-2主播外置声卡套装电容麦克风电脑直播K歌手机喊麦设备', 598, 'entertainment/microphone/45537340733', 'yes', '产品名称：魅声T8-2++使用方式:支撑式++供电方式:外接供电++保修期:12个月++品牌:魅声++型号:T8-2++有无线:有线++生产企业:深圳魅声电子科技有限公司++颜色分类:黑色白色银色++麦克风类型:电容式++声道:2++适用对象:手机电脑++指向特征:全指向/无指向', 90, 13, 98, 321),
('529014702990', '小米手环2智能蓝牙男女款运动计步器心率睡眠监测手表学生', 138, 'smart device/smart bracelet/529014702990', 'no', '保修期:12个月++兼容平台:ANDROID++功能:心率监测智能提醒睡眠监测社交娱乐计步防水++品牌:Xiaomi/小米++型号:小米手环2++生产企业:安徽华米信息科技有限公司++颜色分类:手环2+黑色腕带手环2+绿色腕带手环2+蓝色腕带手环2黑色++适用对象:android平台苹果iOS平台', 86, 14, 5, 322),
('567120631489', 'vr眼镜手机专用4D头戴式智能ar眼睛3D游戏机一体机家庭视频女友', 168, 'smart device/smart glasses/567120631489', 'yes', '兼容平台:MIUIiOS百度云OS阿里巴巴云OS++品牌:ugp++颜色分类:送遥控高清护眼【标准版】送遥控蓝光护眼【影视版】送遥控纳米镀膜护眼【畅玩版】送荣耀遥控蓝光护眼【沉浸版】送荣耀遥控纳米护眼【科幻版】送荣耀遥控纳米护眼【黑金版】送荣耀遥控纳米护眼【虚幻版】', 31, 15, 8, 323),
('559366915531', '手机通用唱歌全民k歌专用头戴式iPad耳机带麦克风台式机耳麦话筒', 60, 'entertainment/headset/559366915531', 'yes', '兼容平台:ANDROIDiOS++套餐类型:官方标配++是否线控:否++灵敏度:110dB/mW++耳机发声原理:其他/other++适用音乐类型:人声女声流行风类型++阻抗:16Ω++颜色分类:白色电脑版双插头黑色电脑版双插头白色手机版单插头++佩戴方式:头戴护耳式++耳机类型:有线++有无麦克风:带麦++耳机售后服务:店铺三包++插头直径:3.5mm++耳机插头类型:直插型++耳机输出音源:其他++缆线长度:2.2米++耳机类别:普通耳机手机线控耳机++品牌:danyin/电音++型号:DT326', 92, 11, 37, 324),
('561603454130', 'Philips/飞利浦SPA36台式电脑音响低音炮手机家用笔记本小音箱木', 149, 'entertainment/speakers/561603454130', 'yes', '证书编号：2017010801963755++证书状态：有效++产品名称：多媒体扬声器++3C规格型号：SPA36B/93，SPA36W/93,SPA36C/93,SPA36D/93：5VDC200...++产品名称：Philips/飞利浦SPA36++保修期:12个月++包装体积:W345xW171xH255MM++声道:2.0++成色:全新++毛重:2.1KG++生产企业:深圳市三诺数码科技有限公司++电源方式:其他++箱体材质:木++采购地:中国大陆++颜色分类:灰色桔色黑色++售后服务:全国联保++品牌:Philips/飞利浦++型号:SPA36', 84, 12, 10, 325),
('556851282905', 'Ricoh/理光GRIIgr2大底相机理光GRII数码相机包邮', 3298, 'photography/digital camera/556851282905', 'yes', '产品名称:Ricoh/理光GRII++品牌:Ricoh/理光++理光:GRII++感光元件类型:CMOS++传感器尺寸:23.7mmx15.7mm++特殊功能:面部优先广角微距手动挡高清摄像支持外接闪光灯支持RAW格式文件++像素:1600万及以上++光学变焦:定焦++成色:全新++显示屏尺寸:3英寸++电池类型:锂电池++售后服务:店铺三包++颜色分类:黑理光GRII（红绿银）圈备注留言GRII(花呗信用卡）红绿圈备注黑GRII+GH3+GW3套装圈留言GRII+原装电池GRII裸机不含配件黑理光GRII国行（送红绿圈）备注理光GRII国行花呗信用卡备注留言++套餐:官方标配套餐一套餐二套餐三套餐四++屏幕类型:高清屏++有效像素:1600-2000万++防抖性能:不防抖++高清摄像:全高清（1920x1080）++镜头类型:伸缩式++适用场景:旅游便携++重量:201g(含)-300g(含)', 31, 10, 28, 326),
('543150553787', '小米VR眼镜头戴式3D虚拟现实游戏手机头盔抗眩晕官方正品', 259, 'smart device/smart glasses/543150553787', 'yes', '兼容平台:MIUI++品牌:Xiaomi/小米++型号:vr眼镜++颜色分类:白色', 51, 15, 56, 327),
('541200998638', 'Xiaomi/小米圈铁耳机pro入耳式女生通用跑步运动音乐降噪耳麦', 129, 'entertainment/headset/541200998638', 'yes', '产品名称：Xiaomi/小米圈铁耳机pro++保修期:无保修++兼容平台:ANDROIDWindowsPhoneiOS++套餐类型:官方标配++是否线控:是++灵敏度:98dB/mW++生产企业:加一++耳机发声原理:圈铁结合++阻抗:32Ω++频响范围:20-40000Hz++颜色分类:银色++佩戴方式:入耳式++耳机类型:有线++有无麦克风:带麦++耳机售后服务:全国联保++插头直径:3.5mm++耳机插头类型:直插型++缆线长度:1.25米++耳机类别:普通耳机++品牌:Xiaomi/小米++型号:圈铁耳机pro', 63, 11, 65, 328),
('556877687551', '6d2单机身Canon/佳能EOS6DMarkII蚂蚁摄影全幅单反数码相机', 15609, 'photography/digital camera/556877687551', 'no', '产品名称：Canon/佳能EOS6DMark...++屏幕尺寸:3英寸++储存介质:SD卡++单反画幅:全画幅++感光元件类型:CMOS++对焦点数:45点++是否支持外接闪光灯:支持++是否支持机身除尘:支持++是否支持机身马达:不支持++传感器尺寸:35.9mmx24mm++品牌:Canon/佳能++曝光模式:快门优先光圈优先手动曝光++影像处理类型:DIGIC7', 85, 10, 35, 329),
('566603286049', '【618享6期免息】Huawei/华为P20全面屏徕卡双摄智能4G手机', 3788, 'phone/phone/566603286049', 'yes', '证书编号：2018011606048695++证书状态：有效++产品名称：TD-LTE数字移动电话机++3C规格型号：EML-AL00（开关电源适配器：HW-050450C00输出：5VDC，2A或4.5VDC，5A...++产品名称：Huawei/华为P20++华为型号:P20++机身颜色:宝石蓝香槟金渐变樱粉金渐变极光色亮黑色++运行内存RAM:6GB++存储容量:64GB128GB++网络模式:双卡双待', 87, 5, 57, 330),
('569708912911', '荣事达好帅儿童智能机器人二蛋高科技语音对话玩具早教机学习机', 799, 'smart device/smart robot/569708912911', 'yes', '兼容平台:ANDROIDiOS++品牌:HOST/好帅++型号:A6++颜色分类:白色', 68, 16, 78, 331),
('553042806151', 'Canon/佳能EOS60D70DWiFi二手单反高清中端数码相机旅游家用', 2048, 'photography/SLR/553042806151', 'yes', '产品名称:Canon/佳能EOS60D套机(18-135mm)++单反级别:中级++是否支持机身防抖:机身不防抖++屏幕尺寸:3.0英寸++像素:1800万++储存介质:SD卡++电池类型:锂电池++售后服务:店铺三包++颜色分类:佳能60D+18-55SII防抖全新头佳能60D+18-135IS中长焦镜头佳能60D单机不含镜头佳能60D+501.8二代人物全新头佳能60D+腾龙18-200A14不防抖佳能60D+腾龙18-200VC全新头佳能60D+501.8STM静音全新头佳能70D+18-135IS中长焦镜头佳能70D+501.8STM大光圈全新头佳能70D+腾龙18-200VC全新头佳能70D+18-55STM防抖全新头佳能70D+18-135STM静音全新头佳能70D单机不含镜头++套餐:官方标配套餐一套餐二套餐三套餐四套餐五++单反画幅:APS-C画幅++感光元件类型:CMOS++对焦点数:9点++重量:601g(含)-700g(含)++取景器类型:光学取景器++是否支持外接闪光灯:支持++是否支持机身除尘:支持++是否支持机身马达:支持++反光装置:五棱镜++传感器尺寸:22.3mmx14.9mm++品牌:Canon/佳能++佳能单反系列:EOS60D套机(18-135mm)', 60, 7, 67, 332),
('549012160961', '三星2017新款GearVR5代虚拟现实带手柄3D眼镜S8+S7Note8S9+', 699, 'smart device/smart glasses/549012160961', 'no', '兼容平台:ANDROID++品牌:三星/samsung++颜色分类:国际版/送游戏（支持Note8/S9+）国行/送游戏（支持Note8/S9+）', 41, 15, 22, 333),
('556562121719', '20-27英寸超薄一体机电脑独显整机i5i7办公游戏吃鸡台式主机全套', 1216, 'computer/whole machine/556562121719', 'yes', 'CCC证书编号:2015010901751863++产品名称:玖嘉久AP22++CPU类型:IntelCore/酷睿i3++型号:7100++产地:中国大陆++品牌:玖嘉久++型号:AP22++固态硬盘容量:120G++摄像头类型:单摄像头++显卡型号:HD630++能效等级:一级++颜色分类:办公入门游戏入门套餐22A1套餐22A2套餐22A3套餐22A4套餐24B1套餐24B2套餐24B3套餐24B4套餐24B5套餐27C1商务入门套餐27D5套餐27D6套餐27D7套餐27D8套餐27D9++屏幕尺寸:21.5英寸++适用品牌:Intel/英特尔++台机CPU型号:其他/other++内存容量:4GB++内存类型:DDR3++硬盘容量:其他/other++硬盘接口:SATA2++硬盘转速:7200转++显卡接口:PCI-E++显卡类型:集成显卡++显存容量:1GB及以上++芯片类型:HD4000++显示器类型:LED++光驱类型:无光驱++声卡类型:5.1++操作系统:Windows7++成色:全新++售后服务:全国联保++同城服务:同城卖家入户安装++台式机类型:商用电脑++是否触摸屏:非触摸屏', 100, 1, 45, 334),
('567494706674', 'V8声卡套装手机喊麦通用快手台式机电脑主播麦克风直播设备全套触手苹果安卓电容麦全民k歌神器唱歌录音话筒', 177, 'entertainment/microphone/567494706674', 'no', '产品名称：EARISE/雅兰仕V8++上市时间:2018-04-10++使用方式:支撑式++供电方式:内置锂电池++保修期:36个月++品牌:EARISE/雅兰仕++型号:V8++有无线:有线++生产企业:雅兰仕++颜色分类:【收藏宝贝+加入购物车】❤私人定制版❤联系客服可印字★双芯片黑色★【送手持麦克风+桌面支架+豪华大礼包】★双芯片黑色★【送黑色奶瓶麦+悬臂支架+豪华大礼包】★双芯片黑色★【送金色奶瓶麦+悬臂支架+豪华大礼包】★双芯片黑色★【送白色奶瓶麦+悬臂支架+豪华大礼包】★双芯片黑色★【送粉色奶瓶麦+悬臂支架+豪华大礼包】❤双芯片红色❤【送手持麦克风+桌面支架+豪华大礼包】❤双芯片红色❤【送黑色奶瓶麦+悬臂支架+豪华大礼包】❤双芯片红色❤【送金色奶瓶麦+悬臂支架+豪华大礼包】❤双芯片红色❤【送白色奶瓶麦+悬臂支架+豪华大礼包】❤双芯片红色❤【送粉色奶瓶麦+悬臂支架+豪华大礼包】++麦克风类型:动圈式电容式会议专用麦克风专业录音麦克风手机K歌麦克风直播专用麦克风KTV/演出专用麦克风++声道:2++适用对象:手机游戏语音电脑直播专用录音专用会议专用舞台采访专用ktv专用家用乐器其他/other++指向特征:全指向/无指向++套餐名称:官方标配', 23, 13, 19, 335),
('565181309602', 'Sony/索尼ILCE-7M3A7M3全画幅微单索尼微单A7M3机身', 29148, 'photography/micro-camera/565181309602', 'yes', '产品名称：Sony/索尼ILCE-7M3++品牌:Sony/索尼++像素:约2420万++传感器尺寸:35mm全画幅++感光元件类型:CMOS++存储类型:MS卡SD卡', 34, 8, 3, 336),
('542383074738', 'Nikon/尼康D5600套机18-140mm单反相机入门级数码高清照相机旅游', 5399, 'photography/digital camera/542383074738', 'yes', '产品名称：Nikon/尼康D5600(18-1...++是否支持机身除尘:不支持++是否支持机身马达:不支持++传感器尺寸:23.5mmx15.6mm++品牌:Nikon/尼康++曝光模式:快门优先光圈优先手动曝光AE自动曝光', 68, 10, 41, 337),
('559194377592', 'GoProHERO6BLACK数码相机摄像机高清4K60视频带语音控制', 3397, 'photography/digital camera/559194377592', 'no', '产品名称：GoProHERO6BLACK++品牌:GoPro++型号:HERO6BLACK++存储介质:MicroSD卡++数码像素:800万以上++感光元件:CMOS++屏幕尺寸:2++传感器尺寸:0.393*0.393英寸++防抖性能:电子防抖++是否触摸屏:触摸屏++是否支持夜摄功能:支持++接口类型:USB-C++电池类型:锂电池', 82, 10, 28, 338),
('16629699708', '多媒体教学磁板驾校教学电子白板驾驶培训多媒体办公教学软件设备', 1800, 'computer/office equipment/16629699708', 'no', '品牌:BCY++电子白板类型:其他/other++长度:1.601m(含)-1.8m(含)++宽度:1.201m(含)-1.4m(含)', 77, 4, 94, 339),
('565294234164', '运动智能手环男女oppo计步苹果心率血压监测小米手表防水学生圆屏', 268, 'smart device/smart bracelet/565294234164', 'yes', '保修期:12个月++兼容平台:ANDROIDiOS++功能:心率监测拍照智能提醒睡眠监测社交娱乐计步遥控自拍防水++品牌:钛崎++型号:CV08++生产企业:欧业++颜色分类:钢带黑色钢带银色钢带金色皮带黑色皮带银色皮带金色++适用对象:android平台苹果iOS平台++无线距离:5m(含)-10m(含)', 66, 14, 3, 340),
('529753861520', 'Sansui/山水T20无线蓝牙音箱超重低音炮电脑手机闹钟迷你小音响时钟户外便携式插卡收音机收款语音提示', 148, 'entertainment/speakers/529753861520', 'yes', '产品名称：Sansui/山水T20++供电方式:内置锂电池++保修期:12个月++功能:插卡收音机语音提示通话功能闹钟防尘++喇叭单元:双喇叭++套餐类型:官方标配++尺寸:189x48x69mm++播放时长:8小时++是否支持APP:是++生产企业:深圳市山水宏洋科技有限公司++连接方式:3.5MM音频插口++适用人群:通用++重量:360g++颜色分类:木纹色土豪金色玫瑰金色天蓝++外壳材质:塑料++品牌:Sansui/山水++型号:T20', 8, 12, 74, 341),
('548621922202', '包邮新品无线商务呼叫器双向语音对讲系统办公室老板秘书通话设备', 460, 'computer/office equipment/548621922202', 'no', '品牌:众生通++型号:BS-820++颜色分类:听筒款高端定制-带内置电池免提款高端定制-带内置电池咖啡棕-免提款宝石蓝-免提款私密通话-听筒款BS-820免提款不分主分机-2个BS-820免提款不分主分机-3个BS-820免提款不分主分机-4个BS-820免提款不分主分机-5个BS-820H听筒款不分主分机-2个BS-820H听筒款不分主分机-3个BS-820H听筒款不分主分机-4个BS-820H听筒款不分主分机-5个一主一分（免提款）一主两分（免提款）一主一分（听筒款）一主两分（听筒款）', 72, 4, 69, 342),
('569879085654', '未来小七智能对话机器人教育陪伴学习讲故事学习英语早教听力玩具', 598, 'smart device/smart robot/569879085654', 'no', '保修期:12个月++兼容平台:ANDROIDiOS++品牌:未来小七++型号:未来小七++型号:未来小七++尺寸:18x16x15cm++材质:硅胶++生产企业:深圳市未来人工智能科技有限公司++颜色分类:浅绿色APP版蓝色微信版粉红色APP版浅绿色微信版蓝色APP版粉红色微信版', 9, 16, 10, 343),
('524220976210', '国行JBLPulse23代音乐脉动蓝牙音响炫彩灯便携音箱防水双低音炮', 1149, 'entertainment/speakers/524220976210', 'yes', '产品名称:JBLPulse2++供电方式:内置锂电池++功能:防水通话功能NFC功能防摔++喇叭单元:三喇叭++套餐类型:官方标配++尺寸:194x84x84mm++播放时长:5小时++是否支持APP:是++连接方式:3.5MM音频插口蓝牙连接++重量:775g++颜色分类:国行pulse3黑色+便携包+音频线国行pulse3白色+便携包+音频线包装轻微破损未拆封3代黑色++额定功率:20W++蓝牙版本:4.1++外壳材质:塑料++音箱调节方式:按键++品牌:JBL++型号:Pulse2', 100, 12, 76, 344),
('555857675682', '渥赢W11全民名k歌麦克风手机K唱歌神器话筒苹果安卓通用声卡套装', 95, 'entertainment/microphone/555857675682', 'no', '产品名称：渥赢W11++使用方式:支撑式++供电方式:外接供电++保修期:12个月++品牌:渥赢++型号:W11++有无线:有线++生产企业:深圳市诺西科技有限公司++颜色分类:土豪金+耳机+海绵套玫瑰金+耳机+海绵套高贵黑+耳机+海绵套土豪金+耳机+海绵套+MV支架玫瑰金+耳机+海绵套+MV支架高贵黑+耳机+海绵套+MV支架++麦克风类型:电容式++声道:2++适用对象:手机++指向特征:心型指向', 65, 13, 69, 345),
('567159960344', '摄像头监控家用手机高清套装无线wifi全景360室内夜视远程监控器', 173, 'photography/video camera/567159960344', 'no', '内存容量:128GB16GB32GB64GB8GB无++呈像颜色:彩色++品牌:Hidicam/海迪康++型号:HD9908++智能类型:其他++质保年限:2年++焦距:2.8mm++焦段:标准++清晰度:960P1080p++感光面积:1/3英寸++同城服务:同城物流送货上门++有效距离:10(含)-30m(不含)++镜头大小规格:2.8mm', 13, 9, 45, 346),
('24039964200', '宁美国度i78700/GTX1070Ti高端配游戏吃鸡电脑主机组装台式整机', 6970, 'computer/whole machine/24039964200', 'yes', '产品名称：宁美国度IntelZ370i7-...++品牌:宁美国度++CPU系列:Intel/英特尔酷睿i7++CPU型号:i7-8700++主板结构:ATX++主板芯片组类型:IntelZ370++显卡系列:GTX1070++显存容量:8GB++内存容量:8GB16GB++硬盘类型:固态硬盘(SSD)++硬盘容量:120GB240GB256GB++机箱类型:中塔++电源功率:500W++电源80PLUS认证:不支持++散热方式:水冷++光驱类型:无光驱++生产企业:宁美国度++保修期:36个月++显存位宽:256bit++显存类型:GDDR5++CPU主频:3.0GHz及以上++内存类型:DDR4++CPU核心数:六核心++内存频率:2400MHz++显卡品牌:Asus/华硕++主板品牌:ASRock/华擎++内存品牌:G.Skill++硬盘品牌:tigo/金泰克++电源品牌:Thermaltake++机箱品牌:Sama/先马++散热设备品牌:宁美国度++机箱结构:ATX++配置类型:豪华发烧型++显卡类型:独立显卡++独立显卡型号:其他/other', 100, 1, 63, 347),
('552293473895', '苹果安卓手机遥控头iphone7红外线发射器6s万能精灵8x通用型配件6', 39, 'phone/accessories/552293473895', 'no', '品牌:ROCK/洛克++生产企业:深圳市仁清卓越投资有限公司++颜色分类:【苹果接口】红色☆遥控升级10-15米HT36【苹果接口】黑色☆遥控升级10-15米HT35【安卓micro】红色☆遥控升级10-15米GR08【安卓micro】黑色☆遥控升级10-15米GR07【type-c接口】红色☆遥控升级10-15米GR10【type-c接口】黑色☆遥控升级10-15米GR09++材质:塑料++适用对象:苹果安卓type-c小米vivo华为oppo手机通用型', 16, 6, 25, 348),
('566277798548', 'E－3LUE/宜博H971吃鸡游戏耳机头戴式电脑7.1声道电竞老徐外设店', 145, 'computer/peripherals/566277798548', 'yes', '产品名称：E－3LUE/宜博H971++保修期:12个月++套餐类型:官方标配++是否线控:是++灵敏度:42dB/mW++生产企业:深圳市艾索特电子科技有限公司++耳机发声原理:动圈++适用音乐类型:通用++阻抗:108Ω++颜色分类:黑色USB版（7.1声道）++佩戴方式:头戴护耳式++耳机类型:有线++有无麦克风:带麦++耳机售后服务:全国联保++插头直径:USB++耳机插头类型:直插型++耳机输出音源:PC电脑++缆线长度:2.2米++耳机类别:主动降噪耳机定制化耳机智能耳机游戏耳机普通耳机HIFI耳机监听耳机++品牌:E－3LUE/宜博++型号:H971', 96, 3, 71, 349),
('541128126610', '小米米兔积木机器人智能编程儿童成人多功能益智电动组装玩具', 179, 'smart device/smart robot/541128126610', 'no', '证书编号：2016012202916769++证书状态：有效++产品名称：电动玩具/米兔积木机器人++3C规格型号：JMJQR01IQI++产地:中国大陆++品牌:Xiaomi/小米++型号:米兔积木机器人++玩具类型:电玩具++货号:LKU4021CN++适用年龄段:通用++遥控方式:手柄++颜色分类:自平衡版米兔智能积木（动物型）履带版++适用年龄:6岁7岁8岁9岁10岁++套餐类型:官方标配++材质:塑料++是否含遥控:不含', 6, 16, 60, 350),
('539016313086', '分期Casio/卡西欧EX-FR100L防水潜水运动美颜自拍神器数码相机', 850, 'photography/digital camera/539016313086', 'no', '产品名称:Casio/卡西欧EX-FR100L++品牌:Casio/卡西欧++卡西欧型号:EX-FR100L++感光元件类型:CMOS++传感器尺寸:1/2.3英寸++特殊功能:美颜，美腿设置广角++像素:1276万++光学变焦:定焦++成色:全新++显示屏尺寸:3英寸++电池类型:锂电池++售后服务:全国联保++颜色分类:国行FR100L白色【联保带发票】国行FR100L粉色【联保带发票】国行FR100白色【联保带发票】国行FR100黄色【联保带发票】国行FR100黑色【联保带发票】国行FR200黑色【联保带发票】++套餐:官方标配套餐一++屏幕类型:触摸屏++有效像素:1000-1200万++防抖性能:电子防抖++高清摄像:全高清（1920x1080）++镜头类型:潜望式++适用场景:女性市场++重量:201g(含)-300g(含)', 6, 10, 38, 351),
('555342180458', '褔翰林智能手表手环实时测血压心率PPG血氧心电图ECG预警HRV老人', 999, 'smart device/smart bracelet/555342180458', 'yes', '上市时间:2018-01-01++保修期:36个月++兼容平台:ANDROID++功能:心率监测智能提醒睡眠监测社交娱乐计步遥控自拍防水++品牌:褔翰林++型号:H99++生产企业:深圳市依瑞达科技有限公司++颜色分类:H99经典黑++适用对象:android平台苹果iOS平台++无线距离:5m(含)-10m(含)', 49, 14, 49, 352),
('555034367899', '【赠600应用】HTCVIVE虚拟现实头盔VR游戏智能眼镜头戴式头盔', 4858, 'smart device/smart glasses/555034367899', 'no', '品牌:HTCVIVE++颜色分类:减重升级版减重升级版+三角支架*2减重升级版+无线套件减重升级版+畅听头戴减重升级版+追踪器减重升级版+支架*2+保护套减重升级版+手柄充电底座推荐版VR主机畅玩版VR主机尊享版VR主机HTCVIVEPRO2代套装（新版）所有套餐均提供技术安装指导', 44, 15, 55, 353),
('559377924433', '24/27英寸曲面屏一体机电脑独显家用办公吃鸡游戏台式主机全套整', 1790, 'computer/whole machine/559377924433', 'no', 'CCC证书编号:2015010901751863++CPU类型:Core/酷睿i5++型号:I57400++产地:中国大陆++品牌:aiodiy++型号:C24++固态硬盘容量:120G++摄像头类型:无摄像头++能效备案号:GB28380-2012++能效等级:一级++颜色分类:套餐R1套餐D6套餐H3套餐D1套餐H2套餐D3套餐R3套餐H1套餐D4套餐H4套餐D5套餐D2套餐R2++屏幕尺寸:23.6英寸++适用品牌:Intel/英特尔++台机CPU型号:四核IntelCorei5++内存容量:8GB++内存类型:1600MHzDDR3++硬盘容量:其他/other++硬盘接口:SATA2++硬盘转速:ssd++显卡接口:PCI-E++显卡类型:独立显卡++显存容量:2GBGDDR5++芯片类型:HDGraphics++显示器类型:LED++光驱类型:无光驱++声卡类型:2.1++操作系统:其他/other++成色:全新++售后服务:店铺三包++同城服务:同城物流送货上门++台式机类型:高端家用++是否触摸屏:非触摸屏', 100, 1, 53, 354),
('567539834835', 'LandcarK8声卡套装手机喊麦通用安卓快手麦克风k歌直播设备全套', 278, 'entertainment/microphone/567539834835', 'yes', '产品名称：LandcarK8声卡++使用方式:悬挂式++供电方式:内置锂电池++保修期:24个月++品牌:Landcar++型号:K8声卡++有无线:有线++生产企业:深圳市闪众科技有限公司++颜色分类:【K8黑】+【银鸭嘴】套装【K8黑】+【蓝鸭嘴】套装【K8黑】+【黑鸭嘴】套装【K8黑】+【粉鸭嘴】套装【K8黑】+【银奶瓶】套装【K8黑】+【蓝奶瓶】套装【K8黑】+【黑奶瓶】套装【K8黑】+【粉奶瓶】套装【K8黑】+【E300】套装【K8黑】+【银奶瓶】铝箱套装【K8黑】+【蓝奶瓶】铝箱套装【K8黑】+【黑奶瓶】铝箱套装【K8黑】+【粉奶瓶】铝箱套装【K8黑】+【E300】铝箱套装【K8银】+【银奶瓶】套装【K8银】+【蓝奶瓶】套装【K8银】+【黑奶瓶】套装【K8银】+【粉奶瓶】套装【K8银】+【E300】套装++麦克风类型:电容式++声道:2++适用对象:手机游戏语音电脑直播专用++指向特征:心型指向++套餐名称:官方标配', 50, 13, 84, 355),
('545755344754', '泛微E-office9.5版企业办公OA系统/企业号/钉钉/无限制多设备访问', 67, 'computer/office equipment/545755344754', 'yes', '源码语言:PHP++数据库环境:mysql++安装方式:一键智能安装部署++使用年限:终身使用++是否支持迁移:支持', 78, 4, 77, 356),
('563919580278', '【老徐外设店】E－3LUE/宜博EEP958电竞电脑吃鸡耳机入耳式耳麦', 99, 'computer/peripherals/563919580278', 'no', '产品名称:E－3LUE/宜博EEP958++兼容平台:ANDROIDWindowsPhoneiOS++套餐类型:官方标配++是否线控:是++灵敏度:42dB/mW++耳机发声原理:动圈++适用音乐类型:通用++阻抗:16Ω++颜色分类:白色黑色++佩戴方式:入耳式++耳机类型:有线++有无麦克风:带麦++耳机售后服务:全国联保++插头直径:3.5mm++耳机插头类型:直插型++缆线长度:1.4米++耳机类别:IOS线控耳机游戏耳机手机线控耳机HIFI耳机运动耳机++品牌:E－3LUE/宜博++型号:EEP958', 31, 3, 33, 357),
('549365597616', 'LEWITT/莱维特LCT240PRO麦克风直播设备全套主播手机声卡套装', 1799, 'entertainment/microphone/549365597616', 'no', '产品名称：LEWITT/莱维特LCT240P...++使用方式:支撑式++供电方式:外接供电++保修期:12个月++品牌:LEWITT/莱维特++型号:LCT240PRO++有无线:有线++生产企业:惠州莱维特电子有限公司++颜色分类:莱维特240pro标配套餐1套装2套装3套餐3套装四套装五套餐6套餐7套装二套装4套装5++麦克风类型:电容式++声道:1++适用对象:电脑直播专用录音专用++指向特征:心型指向++套餐名称:官方标配', 18, 13, 35, 358),
('524686160395', '索爱T19户外12/15寸大功率广场舞音响移动便携式蓝牙充电拉杆音箱', 289, 'entertainment/speakers/524686160395', 'no', '保修期:12个月++品牌:索爱++型号:SA-T19++生产企业:广州市索爱数码科技有限公司++颜色分类:12寸重低音+送无线话筒12寸重低音+送无线耳麦12寸重低音+送无线话筒+8G优盘12寸重低音+送2支无线话筒12寸重低音+无线话筒+无线耳麦12寸重低音+2支无线话筒+8G优盘12寸重低音+无线话筒+无线耳麦+8G优盘12寸重低音+无线话筒+金属无线话筒12寸重低音+2支无线话筒+金属无线话筒15寸震撼低音15寸震撼低音+无线话筒15寸震撼低音+无线话筒+8G优盘15寸震撼低音+2支无线话筒15寸震撼低音+无线话筒+无线耳麦15寸震撼低音+2支无线话筒+8G优盘15寸震撼低音+无线话筒+无线耳麦+8G优盘15寸震撼低音+无线话筒+金属无线话筒15寸震撼低音+2支无线话筒+金属无线话筒++音箱类型:重低音', 83, 12, 3, 359),
('555644661570', '执法先锋D900高清红外夜视1080P专业现场记录仪便携摄像机记录器', 480, 'photography/video camera/555644661570', 'no', '屏幕尺寸:2英寸++品牌:执法先锋++型号:D800++存储介质:闪存式DV++数码像素:1600万++成色:全新++颜色分类:内置16G内置32G内置64G内置128G++自带容量:其他/other++感光元件:其他/other++屏幕尺寸:2++售后服务:店铺三包++套餐类型:官方标配套餐一++传感器尺寸:其他/other++防抖性能:电子防抖++是否触摸屏:非触摸屏++是否支持夜摄功能:支持++重量:151g(含)-200g(含)++适用场景:专业级++摄像机类型:专业摄像机++附加功能:夜摄功能', 17, 9, 70, 360),
('544591475897', 'Casio/卡西欧EX-TR750自拍神器美颜数码相机卡西欧自牌神器tr750', 2999, 'photography/digital camera/544591475897', 'no', '产品名称：Casio/卡西欧EX-TR750++品牌:Casio/卡西欧++卡西欧型号:EX-TR750++感光元件类型:CMOS++传感器尺寸:1/1.7英寸++像素:1276万++光学变焦:定焦++显示屏尺寸:3.5英寸++储存介质:TF(microSD)卡++电池类型:锂电池++有效像素:1000-1200万++适用场景:女性市场++操作系统:其他/other++液晶屏尺寸:3.5英寸', 62, 10, 26, 361),
('563902653909', 'RK蓝牙无线机械键盘青轴朋克电脑游戏吃鸡手机键盘有线miss外设店', 129, 'computer/peripherals/563902653909', 'yes', '产品名称：RK圆点++保修期:12个月++品牌:RK++型号:圆点++套餐类型:官方标配++是否机械键盘:机械键盘++毛重:0.96++生产企业:京恒腾传（东莞）电子科技有限公司++颜色分类:银色白光青轴-蓝牙/有线双模版银色白光黑轴-蓝牙/有线双模版银色白光茶轴-蓝牙/有线双模版银色白光红轴-蓝牙/有线双模版黑色白光青轴-蓝牙/有线双模版黑色白光黑轴-蓝牙/有线双模版黑色白光茶轴-蓝牙/有线双模版黑色白光红轴-蓝牙/有线双模版白色混光青轴经典/单模版白色混光黑轴经典/单模版黑色混光青轴经典/单模版黑色混光黑轴经典/单模版白色混光青轴朋克/单模版白色混光黑轴朋克/单模版黑色混光青轴朋克/单模版黑色混光黑轴朋克/单模版++是否支持即插即用:支持++连接方式:有线++是否有多媒体功能键:有++接口类型:USB++是否支持人体工程学:支持++有无手托:无++成色:全新++售后服务:全国联保', 85, 3, 83, 362),
('568514462564', '苹果无线蓝牙耳机运动跑步双耳耳塞式入耳式头戴挂耳式迦卡仕X8迷你超小手机微型隐形开车iPhone7通用型', 70, 'entertainment/headset/568514462564', 'no', '产品名称：迦卡仕X8++上市时间:2018-04-24++传输半径:10m++使用方式:耳塞式++保修期:12个月++品牌:迦卡仕++型号:X8++套餐类型:官方标配++待机时间:20天++是否单双耳:双边立体声++生产企业:深圳市唐乐科技有限公司++蓝牙版本:4.1++颜色分类:经典白亮黑色玫瑰金中国红++传输半径:10m++声道:2++功能:支持音乐++防水性能:IPX5', 19, 11, 21, 363),
('553186236586', '现货Ricoh/理光GRIIGRII数码相机GR2代胶片卡片机grii全新原装', 3328, 'photography/digital camera/553186236586', 'no', '产品名称:Ricoh/理光GRII++品牌:Ricoh/理光++理光:GRII++感光元件类型:CMOS++传感器尺寸:23.7mmx15.7mm++特殊功能:面部优先广角微距手动挡高清摄像支持外接闪光灯支持RAW格式文件++像素:1600万及以上++光学变焦:定焦++成色:全新++显示屏尺寸:3英寸++电池类型:锂电池++售后服务:店铺三包++颜色分类:GRII港版裸机【无配件】GRII港版[店保五年+送防尘UV镜]GRII国行[全国联保+送防尘UV镜]GRII港版[信用卡/花呗付款专拍]GRII国行[信用卡/花呗付款专拍]++套餐:官方标配套餐一套餐二套餐三套餐四套餐五套餐六++屏幕类型:高清屏++有效像素:1600-2000万++防抖性能:不防抖++高清摄像:全高清（1920x1080）++镜头类型:伸缩式++适用场景:旅游便携++重量:201g(含)-300g(含)', 75, 10, 89, 364),
('558762359613', '【现货限量5188元抢】Apple/苹果iPhone8Plus手机iphone苹果8', 5188, 'phone/phone/558762359613', 'no', '证书编号：2017011606009777++证书状态：有效++产品名称：TD-LTE数字移动电话机++3C规格型号：A1899(电源适配器可选：A1443输出：5.0VDC1A)++产品名称：Apple/苹果iPhone8Plu...++Apple型号:iPhone8Plus++机身颜色:银色金色深空灰色++运行内存RAM:不详++存储容量:64GB++网络模式:不详', 63, 5, 48, 365),
('524577849975', 'GoldenField/金河田Q8电脑音响台式多媒体家用音箱低音炮重低音', 109, 'entertainment/speakers/524577849975', 'yes', '证书编号：2008010801301058++证书状态：有效++申请人名称：东莞市达硕科技有限公司++制造商名称：东莞市金河田实业有限公司++产品名称：多媒体有源音箱++3C产品型号：S3096、H1、S3330-09、S3330-10、Q1、Q2、S1、S2、S3、H302、H3...++3C规格型号：S3096、H1、S3330-09、S3330-10、Q1、Q2、S1、S2、S3、H302、H...++产品名称：GoldenField/金河田Q8++保修期:12个月++包装体积:296(L)*225(D)*339(H)mm++声道:2.1++成色:全新++毛重:3.2KG++生产企业:东莞市达硕科技有限公司++电源方式:交流电++箱体材质:木++采购地:中国大陆++颜色分类:黑色蓝牙版白色蓝牙版黑色白色++售后服务:全国联保++品牌:GoldenField/金河田++型号:Q8', 99, 12, 3, 366),
('552423038506', 'Motorola/摩托罗拉MotoZ礼包Zplay原装手机配件壳膜大礼包', 79, 'phone/accessories/552423038506', 'no', '颜色分类:motoz++风格:商务++适用手机机型:motoz/zplay++型号:motoz/zplay++品牌:motorola++型号:motoz/zplay', 15, 6, 99, 367),
('527416334597', '绝地求生吃鸡游戏鼠标有线机械英雄联盟台式机电脑电竞miss外设店', 30, 'computer/peripherals/527416334597', 'no', '产品名称：雷腾S8++保修期:12个月++品牌:雷腾++型号:S8++套餐类型:官方标配++生产企业:东莞市华业电子科技有限公司++颜色分类:白色黑色静音无声版镜面白竞技版磨砂黑竞技版金属灰竞技版++工作方式:光电++接口类型:USB++按键数:6个++光学分辨率:2400dpi++是否支持人体工程学:支持++成色:全新++售后服务:全国联保', 46, 3, 32, 368),
('568023690860', '唱吧全民K歌手机麦克风唱歌神器oppo苹果vivo通用安卓声卡话筒', 138, 'entertainment/microphone/568023690860', 'yes', '上市时间:2016-04-18++使用方式:支撑式++供电方式:内置锂电池++有无线:有线++颜色分类:玫红金色（送三角支架）银色（送三角支架）玫红（送三角支架）金色（送MV支架）银色（送MV支架）玫红（送MV支架）金色（送三角支架+头戴耳机）银色（送三角支架+头戴耳机）玫红（送三角支架+头戴耳机）金色（送MV支架+头戴耳机）银色（送MV支架+头戴耳机）玫红（送MV支架+头戴耳机）金色（送头戴式耳机）银色（送头戴式耳机）玫红（送头戴式耳机）金色银色++麦克风类型:电容式手机K歌麦克风++声道:2++适用对象:手机电脑++指向特征:全指向/无指向++喇叭单元:无喇叭', 3, 13, 34, 369),
('543287604713', '【分期免息】Fujifilm/富士X-A10文艺复古相机自拍美颜微单xa10', 2199, 'photography/micro-camera/543287604713', 'no', '产品名称：Fujifilm/富士X-A10套机...++品牌:Fujifilm/富士++像素:1630万像素++传感器尺寸:23.6mmx15.7mm++感光元件类型:CMOS++存储类型:SD卡++闪光灯及附件类型:内置闪光灯++快门类型:电子快门', 5, 8, 86, 370),
('565829621902', 'Xiaomi/小米红米Note5千元全面屏新品超薄note5智能双摄学生手机', 1099, 'phone/phone/565829621902', 'no', '证书编号：2018011606048525++证书状态：有效++产品名称：TD-LTE数字移动电话机++3C规格型号：MEE7S（电源适配器：MDY-08-EV输出：5VDC2.0A）++产品名称：Xiaomi/小米红米Note5++CPU型号:骁龙636++型号:红米Note5++机身颜色:魔力蓝玫瑰金黑色金色++运行内存RAM:4GB6GB3GB++存储容量:3+32GB4+64GB6+64GB++网络模式:双卡多模', 91, 5, 52, 371),
('554871647112', 'Pisen/品胜耳机苹果6s入耳式iphone6原装5耳塞式手机耳麦5s正品', 39, 'entertainment/headset/554871647112', 'no', '产品名称：Pisen/品胜耳机++保修期:12个月++兼容平台:iOS++套餐类型:官方标配++是否线控:是++生产企业:广东品胜电子股份有限公司++颜色分类:白色++线控耳机品牌:Pisen/品胜++型号:耳机++线控耳机性质:品牌非原装', 79, 11, 51, 372),
('568886613771', 'Apple/苹果iPhone6s国行美版全新原装4.7寸三网通用4G正品手机', 1158, 'phone/phone/568886613771', 'yes', '', 64, 5, 28, 373),
('21667784919', '易力佳yc-380财务凭证装订机打孔机耗材办公设备铆管钻刀', 488, 'computer/office equipment/21667784919', 'no', '装订机品牌:易力佳', 69, 4, 83, 374),
('560227849174', '彩屏智能手环运动手表测血压心率适用华为苹果小米3oppo男vivo女', 158, 'smart device/smart bracelet/560227849174', 'yes', '保修期:36个月++兼容平台:ANDROIDBlackberryMIUIiOS百度云OS阿里巴巴云OS++功能:心率监测智能提醒睡眠监测社交娱乐计步遥控自拍防水++品牌:Heanttv/翰诺思++型号:B11++生产企业:深圳市音巴克科技有限公司++颜色分类:黑色+收藏加购送表带红色+收藏加购送表带黑色+收藏加购送原装表带红色+收藏加购送原装表带【收藏并加购产品，下单再送原装表带一条】此项勿拍蓝色+收藏加购送原装表带橙色+收藏加购送原装表带++适用对象:android平台苹果iOS平台++无线距离:5m(含)-10m(含)', 54, 14, 20, 375),
('531160266363', '苹果手机遥控器红外线发射器头万能iphone配件vivo安卓6s华为空调', 19, 'phone/accessories/531160266363', 'yes', '品牌:USAMS/优胜仕++生产企业:深圳市优胜仕贸易有限公司++颜色分类:（公司一个家里一个）收藏+购物车再送收纳器【苹果手机专用版-黑色】（遥控远+适用广+易操控）配收纳套【苹果手机专用版-绿色】（遥控远+适用广+易操控）配收纳套【安卓手机专用版-蓝色】（遥控远+适用广+易操控）配收纳套【安卓手机专用版-红色】（遥控远+适用广+易操控）配收纳套【安卓可爱版-白色】（遥控远+适用广+易操控）无收纳套【苹果手机专用版-白色】（遥控远+适用广+易操控）配收纳套++材质:合金++风格:水钻++适用对象:3.5MM耳机插孔', 100, 6, 38, 376),
('569983891125', 'macbookpro保护壳air13寸13.3外壳12配件mac苹果笔记本电脑套15', 58, 'computer/accessories/569983891125', 'yes', '品牌:OUSHINE/欧色++炫彩贴颜色:酒红色+透明键盘膜【拍下备注型号】樱花粉+透明键盘膜【拍下备注型号】天青蓝+透明键盘膜【拍下备注型号】天空灰+透明键盘膜【拍下备注型号】酒红色+同色键盘膜【拍下备注型号】樱花粉+同色键盘膜【拍下备注型号】天青蓝+同色键盘膜【拍下备注型号】天空灰+同色键盘膜【拍下备注型号】++生产企业:深圳市新通力科技有限公司++风格:简约', 100, 2, 56, 377),
('548847650883', '长虹广场舞音箱显示屏便携式视频大功率无线话筒移动拉杆户外音响', 498, 'entertainment/speakers/548847650883', 'yes', '保修期:12个月++品牌:Changhong/长虹++型号:CYW-681++生产企业:广东长虹日电科技有限公司++颜色分类:蓝牙旗舰版+无线话筒+32G视频U盘蓝牙旗舰版+无线耳麦+32G视频U盘蓝牙旗舰版+双无线话筒+32G视频U盘蓝牙旗舰版+无线话筒+32G视频U盘+支架蓝牙旗舰版+1无线话筒+1无线耳麦+32G视频U盘蓝牙旗舰版+双无线话筒+32G视频U盘+支架蓝牙旗舰版+1无线话筒+1无线耳麦+32G视频U盘+支架蓝牙旗舰版+无线话筒标配版【无蓝牙无话筒】标配版【无蓝牙】+1无线话筒蓝牙旗舰版+无线话筒+16G综合U盘WIFI版+无线话筒+16G视频U盘+支架WIFI版+双无线话筒+16G视频综合U盘+支架WIFI版+无线话筒+32G视频U盘WIFI版+双无线话筒+32G视频U盘++音箱类型:重低音', 49, 12, 57, 378),
('567876018850', '2018新品布丁豆豆慧读版绘本早教英语汉字学习语音视频智能机器人', 2199, 'smart device/smart robot/567876018850', 'yes', '上市时间:2018-04-19++保修期:12个月++兼容平台:ANDROIDiOS++品牌:pudding++型号:绿豆（慧读版）++型号:pudding绿豆慧读版++生产企业:pudding++颜色分类:布丁豆豆慧读版（2018新品）', 58, 16, 33, 379),
('560315633384', 'B&OBeoplayE8bo无线蓝牙耳机真无线智能降噪入耳式耳麦B＆O', 1416, 'entertainment/headset/560315633384', 'yes', '产品名称:B&OBeoplayE8++兼容平台:ANDROIDiOS++套餐类型:官方标配++是否线控:耳机机身按键控制++灵敏度:107dB/mW++耳机发声原理:动圈++适用音乐类型:人声女声流行风类型++阻抗:16Ω++频响范围:20-20000Hz++颜色分类:【现货】黑色+顺丰+2年换新【现货】炭金色+顺丰+2年换新【3天发】黑色+顺丰+2年换新【3天发】炭金色+顺丰+2年换新拍下赠原装真皮线材收纳器限量版纯白+现货+礼品限量版樱花粉+现货+礼品9.99新仅拆封++佩戴方式:入耳式++耳机类型:无线++有无麦克风:带麦++耳机售后服务:全国联保++插头直径:无线++耳机插头类型:蓝牙++耳机输出音源:通讯设备++耳机类别:真无线耳机++品牌:B&O++型号:BeoplayE8', 21, 11, 33, 380),
('538977545879', '南方有乔木同款乐心智能手环测心率手表蓝牙防水运动手环男女ziva', 199, 'smart device/smart bracelet/538977545879', 'no', '保修期:12个月++兼容平台:ANDROID++功能:心率监测智能提醒睡眠监测计步++品牌:LifeSense/乐心++型号:ZIVA++生产企业:广东乐心++颜色分类:玫瑰金（TPU腕带版）深空灰（TPU腕带版）土豪金（TPU腕带版）信念色（TPU腕带版）燃烧色（TPU腕带版）++适用对象:android平台苹果iOS平台++无线距离:5m(含)-10m(含)', 68, 14, 48, 381),
('566807237680', 'VR眼镜游戏机rv虚拟现实设备3d手机专用ar一体机华为眼睛游戏头盔', 128, 'smart device/smart glasses/566807237680', 'yes', '保修期:12个月++兼容平台:MIUIiOS阿里巴巴云OS++品牌:DOWNEY/唐尼++型号:U8-2++生产企业:深圳市优吉品科技有限公司++颜色分类:【视听一体-可调节式耳机】-【送遥控-VR大礼包】-【标配版】【视听一体-可调节式耳机】-【送遥控-VR大礼包】-【影视版】【视听一体-可调节式耳机】-【送遥控-VR大礼包】-【畅玩版】【视听一体-可调节式耳机】-【送遥控-VR大礼包】-【沉浸版】【视听一体-可调节式耳机】-【送遥控-VR大礼包】-【科幻版】1【视听一体-可调节式耳机】-【送遥控-VR大礼包】-【黑金版】【视听一体-可调节式耳机】-【送遥控-VR大礼包】-【虚幻版】', 50, 15, 15, 382),
('565678188674', '多个手机直播架夹子三脚架外接手机夹多功能固定抖音支架头配件', 19, 'phone/accessories/565678188674', 'yes', '品牌:other/其他++颜色分类:外接手机夹', 40, 6, 8, 383),
('569882370042', '巴巴腾智能机器人玩具语音对话高科技人工陪伴儿童小胖学习早教机', 298, 'smart device/smart robot/569882370042', 'no', '证书编号：2016010805867287++证书状态：有效++申请人名称：深圳市鑫益嘉科技股份有限公司++制造商名称：深圳市鑫益嘉科技股份有限公司++产品名称：智能机器人（带音频播放功能）++3C产品型号：A1,A2,A3,A5,A6,A7,A8,A9,A10,A11,A12,A13,A15,A16,A1...++3C规格型号：A1,A2,A3,A5,A6,A7,A8,A9,A10,A11,A12,A13,A15,A16,A1...++产地:中国大陆++品牌:巴巴腾++型号:Q2（新款）++玩具类型:电玩具++货号:Q2（新款）++颜色分类:Q2蓝色Q2粉色++适用年龄:2岁3岁4岁5岁6岁7岁8岁9岁10岁11岁12岁++套餐类型:【官方配置+收藏送50G云端资源包+1对1指导】++材质:PVC++是否有导购视频:有++是否含遥控:不含', 66, 16, 64, 384),
('45610479185', '摩箭背光游戏电脑台式家用发光机械手感笔记本外接USB有线键盘通用商务办公打字电竞lol吃鸡刺激战场外设', 20, 'computer/peripherals/45610479185', 'no', '产品名称：mouow/摩箭K16++保修期:12个月++品牌:mouow/摩箭++型号:K16++套餐类型:官方标配++是否机械键盘:非机械键盘++生产企业:深圳市佳誉之星有限公司++颜色分类:白色彩虹（键槽）发光版黑色彩虹（键槽+字符）发光版白色三色（键槽）发光版黑色三色（键槽+字符）发光版黑橙色（键槽+字符）发光版++是否支持即插即用:支持++连接方式:有线++是否有多媒体功能键:有++接口类型:USB++是否支持人体工程学:支持++有无手托:无++成色:全新', 14, 3, 7, 385),
('565255818189', 'Sony/索尼ILCE-7M3K(28-70mm)套机A7M3全画幅微单', 15479, 'photography/micro-camera/565255818189', 'yes', '产品名称：Sony/索尼ILCE-7M3K++品牌:Sony/索尼++像素:约2420万++传感器尺寸:35mm全画幅++感光元件类型:CMOS++存储类型:MS卡SD卡++闪光灯及附件类型:无++快门类型:电子快门', 20, 8, 21, 386),
('546760643601', '多功能智能触屏led手表女学生s韩版运动电子表男简约防水中学手环', 62, 'smart device/smart bracelet/546760643601', 'yes', '上市时间:2017年春夏++兼容平台:ANDROIDBlackberryMIUISymbianWindowsMobileiOS百度云OS阿里巴巴云OS++内存容量(ROM):10MB++功能:智能提醒睡眠监测社交娱乐计步遥控自拍防水++厚度:10mm++品牌:圣斯登++型号:7009-dsfsdfsd++品牌产地:国内++售后服务:全国联保++存储容量(RAM):10MB++屏幕分辨率:10x10像素++屏幕尺寸:1英寸++形状:圆形++手表镜面材质:有机玻璃镜面++无线距离:5m(含)-10m(含)++是否商场同款:是++显示方式:数字式++机芯类型:智能机芯++电池容量:50mAh++直径:20mm及以下++表壳材质:橡胶++表带材质:树脂++表底类型:普通++表扣款式:皮带暗扣++连接方式:USB蓝牙连接++适用对象:中性++重量:50g++防水深度:0M++颜色分类:7009科技黑【人气推荐：来电通话显示可插卡蓝牙电话手表】7017黑【强烈推荐：心率+血压+血氧+来电提醒】7013科技黑7009天空蓝7009魅力红7009时尚绿科技黑，收藏后下单，延保一年', 60, 14, 33, 387),
('543536994568', 'Philips/飞利浦DLK38001全民k歌神器直播设备手机唱歌话筒麦克风', 329, 'entertainment/microphone/543536994568', 'no', '产品名称：Philips/飞利浦DLK38001++使用方式:支撑式++供电方式:外接供电++保修期:12个月++品牌:Philips/飞利浦++飞利浦型号:DLK38001++有无线:有线++生产企业:沃科声（上海）商贸有限公司++颜色分类:土豪金高端粉高端灰土豪金k歌级套餐高端粉k歌级套餐高端灰k歌级套餐土豪金唱将级套餐高端粉唱将级套餐高端灰唱将级套餐土豪金店长推荐套餐高端粉店长推荐套餐高端灰店长推荐套餐土豪金网红级套餐高端粉网红级套餐高端灰网红级套餐土豪金人气级套餐高端粉人气级套餐高端灰人气级套餐土豪金全能级直播套餐高端粉全能级直播套餐高端灰全能级直播套餐土豪金专业级直播套餐高端粉专业级直播套餐高端灰专业级直播套餐++麦克风类型:电容式++声道:2++适用对象:家用++指向特征:心型指向++套餐名称:官方标配', 53, 13, 49, 388),
('556976203830', '欧瑞特智能手环心率血压监测心电图检测仪老人运动手表计步器男女', 199, 'smart device/smart bracelet/556976203830', 'yes', '保修期:12个月++兼容平台:ANDROIDMIUIiOS百度云OS阿里巴巴云OS++功能:心率监测拍照智能提醒睡眠监测社交娱乐计步遥控自拍防水++品牌:Roruite++型号:B9++生产企业:深圳市欧瑞特科技有限公司++颜色分类:蓝色紫色红色黑色++适用对象:android平台苹果iOS平台++无线距离:10m及以上', 99, 14, 66, 389),
('567321995469', '手机支架gopro/手机通用背包夹胸前固定横竖旋转多功能直播配件', 37, 'phone/accessories/567321995469', 'no', '品牌:斯丹德++生产企业:深圳市泰迅数码有限公司++颜色分类:手机背包夹++货号:手机背包夹', 18, 6, 55, 390),
('561683760109', 'Sony/索尼HDR-406E数码摄像机高清家用专业婚庆DV旅游自拍照相机', 328, 'photography/video camera/561683760109', 'no', '品牌:Sony/索尼++索尼型号:HDR-406E++存储介质:闪存式DV++数码像素:2010万++成色:全新++颜色分类:原装正品（保修五年）按键遥控版原装正品（保修五年）触摸遥控版++自带容量:其他/other++感光元件:CMOS++屏幕尺寸:3++售后服务:店铺三包++套餐类型:官方标配套餐一套餐二套餐三套餐四套餐五++传感器尺寸:1/3英寸++防抖性能:电子防抖++是否触摸屏:触摸屏++是否支持夜摄功能:支持++重量:201g(含)-300g(含)++适用场景:家用++附加功能:可更换镜头摄像机', 33, 9, 6, 391),
('45498232947', 'i5八代8400/GTX1050Ti高配水冷吃鸡游戏组装主机台式电脑全套整机', 1899, 'computer/whole machine/45498232947', 'yes', '产品名称：AMDIntelH1107500M-A...++品牌:AMD++CPU系列:Intel/英特尔酷睿i5++CPU型号:7500++主板结构:M-ATX++主板芯片组类型:IntelH110++显卡系列:gtx1060++显存容量:3GB++内存容量:8GB++硬盘类型:固态硬盘(SSD)++硬盘容量:配置一配置二配置三配置四配置五120GB200GB240GB++电源功率:300W++电源80PLUS认证:不支持++散热方式:风冷++光驱类型:无光驱++生产企业:同晶++保修期:12个月', 100, 1, 22, 392),
('561637029037', '索爱S18蓝牙音箱超重低音炮无线迷你手机车载小音响家用闹钟户外', 278, 'entertainment/speakers/561637029037', 'no', '产品名称：索爱S18++供电方式:内置锂电池++保修期:12个月++功能:插卡语音提示通话功能闹钟++喇叭单元:三喇叭++套餐类型:官方标配++生产企业:深圳市索爱智能科技有限公司++连接方式:3.5MM音频插口USB蓝牙连接读卡器++适用人群:通用++颜色分类:珊瑚灰香槟金玫瑰金睿智黑钢琴白++品牌:索爱++型号:S18', 27, 12, 52, 393),
('569882371155', 'Sony/索尼PSVR虚拟现实头盔头戴式设备PS43D游戏眼镜促销套装', 2399, 'smart device/smart glasses/569882371155', 'no', '保修期:12个月++品牌:PLAYSTATION++型号:PSVR智能设备++生产企业:索尼互动娱乐（上海）有限公司++颜色分类:PSVR基础套装', 50, 15, 80, 394),
('561856040848', '宜博K753机械键盘青轴黑轴台式电脑家用游戏徐老师骚男外设店lol', 129, 'computer/peripherals/561856040848', 'yes', '产品名称：E－3LUE/宜博EKM753++保修期:12个月++品牌:E－3LUE/宜博++型号:EKM753++套餐类型:官方标配++是否机械键盘:机械键盘++毛重:840g++生产企业:宜博++颜色分类:白色白光版-黑轴黑色混光版-青轴白色蓝光版-青轴升级版K757白色混光版-青轴升级版K757白色混光版-黑轴升级版K757黑色混光版-青轴混光黑色-黑轴++是否支持即插即用:支持++连接方式:有线++是否有多媒体功能键:有++接口类型:USB++是否支持人体工程学:支持++有无手托:无++成色:全新++售后服务:全国联保', 31, 3, 20, 395),
('561762246680', '佳能EOS5DMarkIV5D4单机身5div套机24-105二代全画幅单反相机', 14400, 'photography/SLR/561762246680', 'no', '产品名称:Canon/佳能5DMarkIV++接口类型:佳能口++单反级别:高级++是否支持机身防抖:机身不防抖++屏幕尺寸:3英寸及以上++像素:3635万++储存介质:CF卡SD卡miniSD卡++成色:全新++电池类型:锂电池++售后服务:全国联保++颜色分类:全新港货单机身四码合一单机身【专柜正品行货】全新港货【24-70F4】套机24-70F4套机【专柜正品行货】全新港货【24-70F2.8】套机24-70F2.8套机【专柜正品行货】全新港货【16-352.8】套机16-352.8套机【专柜正品行货】全新港货【70-200F2.8】套机70-200F2.8套机【专柜正品行货】全新港货【24-105二代】套机24-105二代套机【专柜正品行货】港货单机展示机不含配件24-105一代套机【全新港货】24-105一代套机【专柜正品行货】++套餐:官方标配套餐一套餐二套餐三套餐四套餐五套餐六++单反画幅:全画幅++感光元件类型:CMOS++对焦点数:61点++重量:501g(含)-600g(含)++取景器类型:光学取景器++是否支持外接闪光灯:支持++是否支持机身除尘:支持++是否支持机身马达:支持++反光装置:五棱镜++传感器尺寸:23.4*15.6mm++品牌:Canon/佳能++佳能单反系列:5DMARKIV', 69, 7, 70, 396),
('566331389582', 'Lenovo/联想um6麦克风全民K歌神器定制版手机直播话筒电脑通用', 248, 'entertainment/microphone/566331389582', 'no', '产品名称：Lenovo/联想um6++使用方式:悬挂式++供电方式:内置锂电池++保修期:36个月++品牌:Lenovo/联想++型号:um6++生产企业:联想（北京）有限公司++颜色分类:标配版套餐一套餐二套餐三套餐四套餐五套餐六++麦克风类型:电容式++声道:2++适用对象:手机直播专用++指向特征:心型指向++喇叭单元:无喇叭++套餐名称:官方标配', 67, 13, 31, 397),
('557654864569', 'Fujifilm/富士X-T2016-50mm套机国行单电复古微单xt20数码相机', 5800, 'photography/micro-camera/557654864569', 'no', '产品名称:Fujifilm/富士X-T20++传输类型:NFC传输++单反画幅:APS-C画幅++屏幕尺寸:3.2英寸++级别:中级++品牌:Fujifilm/富士++富士系列:X-T20++像素:2430万++显示屏类型:触摸屏++液晶屏尺寸:3.2英寸++颜色分类:XT20银色16-50套机XT20纯黑色16-50套机XT20银色18-55套机XT20纯黑色18-55套机银色16-50套机+七工匠25F1.8纯黑色16-50套机+七工匠25F1.8银色18-55套机+七工匠25F1.8纯黑色18-55套机+七工匠25F1.8XT20银色15-45套机XT20纯黑色15-45套机XT20银色35F2定焦套机XT20纯黑色35F2定焦套机XT20银色16-50+50-230长焦双头XT20纯黑色16-50+50-230长焦双头XT2027F2.8套机黑色/银色XT20单机+XF23mmF1.4定焦镜头XT20单机+XF35mmF1.4定焦镜头XT20单机+XF23mmF2定焦镜头15-45套机+七工匠251.8双镜头15-45套机+七工匠551.4双镜头银色16-50+551.4人文双镜头黑色16-50+551.4人文双镜头银色18-55+551.4人文双镜头XT20单机银色/黑色颜色备注++成色:全新++售后服务:全国联保++套餐类型:官方标配套餐一套餐二套餐三套餐四套餐五套餐六++单电套装类型:机身++传感器尺寸:23.6mmx15.6mm++感光元件类型:CMOS++重量:410g', 74, 8, 87, 398),
('560808148837', '快手直播手机支架桌面简约多功能折叠三脚架迷你便携通用支架配件', 8, 'phone/accessories/560808148837', 'yes', '品牌:1++适用场景:桌面', 50, 6, 25, 399),
('524333927478', '★上海黑莓总站★实体/BlackBerry/黑莓Priv安卓滑盖手机双4G曲面', 980, 'phone/phone/524333927478', 'yes', '产品名称:BlackBerry/黑莓Priv++CPU品牌:高通++CPU型号:骁龙808++上市时间:2016-01++屏幕尺寸:5.4英寸++机身厚度:8mm++电池容量:3500mAh++品牌:BlackBerry/黑莓++黑莓型号:PRIV++网络类型:联通4G++款式:滑盖++机身颜色:黑色++套餐类型:官方标配套餐一套餐二套餐三套餐四++后置摄像头:1800万++操作系统:Android/安卓++附加功能:重力感应光线感应电子罗盘距离感应OTGTouchID、气压计、三轴陀螺仪WIFI上网GPS导航电视播放高清视频GPRS上网单卡单待++宝贝成色:全新++售后服务:无售后服务++触摸屏类型:电容式++运行内存RAM:3GB++存储容量:32GB++键盘类型:QWERTY全键盘++手机类型:拍照手机智能手机4G手机商务手机++电池类型:不可拆卸式电池++摄像头类型:双摄像头（前后）++视频显示格式:4k++网络模式:单卡多模++核心数:八核++八核CPU频率:2.0G++版本类型:港澳台美国欧洲日本亚太', 43, 5, 11, 400),
('534172472718', 'Canon/佳能EOS1300D入门级高清旅游单反数码照相机', 1698, 'photography/SLR/534172472718', 'yes', '产品名称:Canon/佳能EOS1300D套机(18-55mm)++单反级别:入门级++是否支持机身防抖:机身不防抖++屏幕尺寸:3英寸及以上++像素:1800万++储存介质:SD卡++成色:全新++售后服务:全国联保++颜色分类:全新单机1300D不带镜头没配件佳能1300D+18-55原厂镜头佳能1300D+50/1.8STM人像镜头佳能1300D+18-55STM防抖镜头佳能1300D+18-135STM中长焦镜头佳能1300D+18-200VC腾龙镜头佳能1300D18-55+75-300双镜头佳能1300D18-55+50/1.8双镜头佳能1300D+18-55二代镜头++套餐:官方标配套餐一套餐二套餐三套餐四套餐五套餐六套餐七套餐八++单反画幅:APS-C画幅++感光元件类型:CMOS++对焦点数:9点++重量:401g(含)-500g(含)++取景器类型:光学取景器++是否支持外接闪光灯:支持++是否支持机身除尘:支持++是否支持机身马达:不支持++反光装置:五面镜++传感器尺寸:22.3mmx14.9mm++品牌:Canon/佳能++佳能单反系列:EOS1300D套机(18-55mm)', 74, 7, 88, 401),
('563251957567', '【新品上架】PicoNeovr一体机6Dof游戏4k电影虚拟现实智能眼镜', 3799, 'smart device/smart glasses/563251957567', 'no', '保修期:12个月++品牌:Pico/小鸟看看++型号:PicoNeo一体机++屏幕类型:3K++生产企业:歌尔股份有限公司++芯片品牌:高通++颜色分类:PicoNeo基础版（单手柄-3DoF）', 89, 15, 19, 402),
('569992626440', '金正15寸大功率广场舞音响户外移动拉杆音箱充电便携式带无线话筒', 488, 'entertainment/speakers/569992626440', 'no', '保修期:12个月++品牌:金正++型号:N10++生产企业:广州笙度音响有限公司++颜色分类:官方标配（16G+音频线）套餐1（音响+1无线耳麦）套餐2（音响+1无线话筒）套餐3（音响+1无线话筒+支架）套餐4（音响+双金属话筒）套餐5（音响+双无线话筒）套餐6（音响+双无线话筒+支架）套餐7（音响+1金属话筒+1金属耳麦）套餐8（音响+双无线话筒+优段即插即用话筒）套餐9（音响+双无线话筒+优段即插即用话筒+支架）套餐10（音响+无线话筒+无线耳麦+优段即插即用话筒）套餐11（音响+无线话筒3支）套餐12（音响+无线话筒4支）套餐13（音响+无线话筒3支+1无线耳麦）套餐14（音响+无线话筒4支+支架）18寸（送金属U段无线话筒）18寸+三角支架（送金属U段无线话筒）++音箱类型:重低音', 36, 12, 32, 403),
('13011301429', '杭普V201T客服耳机电话耳机呼叫中心话务外呼电销耳麦耳机话筒', 29, 'entertainment/headset/13011301429', 'no', '产品名称：杭普V201T++保修期:12个月++兼容平台:WindowsPhone++套餐类型:官方标配++是否线控:是++生产企业:杭普++颜色分类:静音调音3.5双插头-接电脑用静音调音电话水晶插头-接电话用静音调音3.5/4节单插头-手机/笔记本电脑用++佩戴方式:头戴护耳式++耳机类型:有线++有无麦克风:带麦++耳机售后服务:店铺三包++插头直径:其他++耳机插头类型:其他++耳机输出音源:通讯设备++缆线长度:1.5m++耳机类别:普通耳机++品牌:杭普++型号:V201T', 34, 11, 82, 404),
('45493804338', '因卓G2000徐老师电脑游戏耳机头戴式台式带麦老徐外设店85006555', 79, 'computer/peripherals/45493804338', 'no', '产品名称:因卓G2000++兼容平台:WindowsPhoneiOSANDROID++套餐类型:官方标配++是否线控:是++灵敏度:114dB/mW++适用音乐类型:ACG动漫游戏控类型++颜色分类:G2000黑蓝基础版G2000白红基础版G2000黑红基础版G2000黑橙基础版G2000黑蓝二代G2000黑红二代G2000白蓝二代G2100黑红震动版G2100白蓝震动版G2100黑蓝震动版G2100白蓝二代震动版G2100黑红二代震动版G2100黑蓝二代震动版++佩戴方式:头戴护耳式++耳机类型:有线++有无麦克风:带麦++耳机售后服务:全国联保++插头直径:3.5mm++耳机插头类型:直插型++耳机输出音源:PC电脑++缆线长度:2.2++耳机类别:普通耳机++品牌:因卓++型号:G2000', 36, 3, 94, 405),
('566590348204', '唱吧全民K歌手机麦克风唱歌神器OPPO苹果VIVO通用安卓话筒带声卡', 138, 'entertainment/microphone/566590348204', 'no', '使用方式:支撑式++供电方式:外接供电++有无线:有线++颜色分类:银色（监听耳机+三角支架）金色（监听耳机+三角支架）红色（监听耳机+三角支架）银色（头戴式耳机+三角支架）金色（头戴式耳机+三角支架）红色（头戴式耳机+三角支架）银色（监听耳机+MV支架）金色（监听耳机+MV支架）红色（监听耳机+MV支架）银色（头戴式耳机+MV支架）金色（头戴式耳机+MV支架）红色（头戴式耳机+MV支架）++麦克风类型:电容式手机K歌麦克风++声道:2++适用对象:手机电脑++指向特征:全指向/无指向++喇叭单元:无喇叭', 67, 13, 1, 406);
INSERT INTO `itcast_goods` (`gid`, `gname`, `price`, `thumb`, `status`, `description`, `stock`, `cid`, `sales`, `turn`) VALUES
('562014602823', '西伯利亚S21吃鸡耳机头戴式电竞游戏台式电脑笔记本通用绝地求生7.1声道l守望先锋穿越火线cf竞技耳麦带话筒', 269, 'entertainment/headset/562014602823', 'yes', '产品名称：西伯利亚S21++保修期:12个月++套餐类型:官方标配++是否线控:是++灵敏度:105dB/mW++生产企业:东莞市睿歆电子科技有限公司++耳机发声原理:动圈++适用音乐类型:摇滚金属重低音及人声类型++阻抗:32Ω++频响范围:20-20000Hz++颜色分类:科技灰++佩戴方式:头戴护耳式++耳机类型:有线++有无麦克风:带麦++耳机售后服务:全国联保++插头直径:USB++耳机插头类型:USB++耳机输出音源:PC电脑++缆线长度:2M++耳机类别:普通耳机HIFI耳机运动耳机++品牌:西伯利亚++型号:S21', 90, 11, 41, 407),
('566658869847', 'Joyroom/机乐堂K1.麦克风全民K歌迷你手机话筒唱歌神器通用全能', 168, 'entertainment/microphone/566658869847', 'no', '产品名称：Joyroom/机乐堂K1.++使用方式:手持++供电方式:内置锂电池++保修期:24个月++品牌:Joyroom/机乐堂++型号:K1.++有无线:有线++生产企业:东莞市机乐堂科技有限公司++颜色分类:幸运红】独立混响★纯净原声【经典黑】独立混响★纯净原声【玫瑰金】独立混响★纯净原声++麦克风类型:电容式++声道:2++适用对象:手机电脑直播专用++指向特征:心型指向++喇叭单元:无喇叭++套餐名称:官方标配', 91, 13, 16, 408),
('535448058754', '索尼VRPS4PSVR虚拟现实psvr头盔3D游戏眼镜PS4VR', 2399, 'smart device/smart glasses/535448058754', 'no', '品牌:Sony/索尼++型号:PlayStationVR++测试项可不填:Sony/索尼++颜色分类:国行VR单机标配国行VR基础套装国行VR精品版国行VR顶配套装港版VR二代基础版港版VR二代豪华版国行二代单机标配国行二代基础套装国行二代精品套装国行二代顶配套装', 5, 15, 45, 409),
('567613931317', '智能运动手环心率血压监测防水多功能计步器彩屏男士健康手表女', 89, 'smart device/smart bracelet/567613931317', 'yes', '保修期:12个月++兼容平台:ANDROIDMIUIiOS++功能:心率监测拍照睡眠监测计步遥控自拍防水++品牌:霹雳先锋++型号:H10++生产企业:深圳市隆峰盛世电子科技有限公司++颜色分类:Y5【黑色】Y5【红色】Y5【天蓝色】Y5【深蓝色】Y5【紫色】++适用对象:android平台苹果iOS平台++无线距离:5m(含)-10m(含)', 34, 14, 39, 410),
('550855621323', '无线监控器高清套装家用室外球机360度旋转wifi摄像头4G手机远程', 269, 'photography/video camera/550855621323', 'no', '内存容量:16GB32GB64GB无++呈像颜色:彩色++品牌:安格华++型号:Q1-32G++智能类型:其他++质保年限:1年++焦距:2.8mm4mm16mm++焦段:标准++清晰度:960P1080p++感光面积:1/3英寸++同城服务:同城物流送货上门++有效距离:30m及以上++镜头大小规格:12mm', 93, 9, 2, 411),
('569315060776', 'dido智能手环男运动防水监测心率血压多功能手表计步器女小米手环3代', 148, 'smart device/smart bracelet/569315060776', 'yes', '上市时间:2018-05-12++保修期:12个月++兼容平台:ANDROIDiOS++功能:心率监测智能提醒睡眠监测社交娱乐计步防水++品牌:DiDo++型号:f8.++生产企业:深圳市第一度科技有限公司++颜色分类:白色红色紫色蓝色黑色++适用对象:android平台苹果iOS平台++无线距离:5m(含)-10m(含)', 7, 14, 60, 412),
('554996933499', 'LEWITT/莱维特LCT840直播设备麦克风电子管主播电脑声卡套装', 8999, 'entertainment/microphone/554996933499', 'no', '产品名称：LEWITT/莱维特LCT840++使用方式:支撑式++供电方式:外接供电++保修期:36个月++品牌:LEWITT/莱维特++型号:LCT840++有无线:有线++生产企业:惠州莱维特电子有限责任公司++颜色分类:Mobileu套餐4NANO套餐MIDIPLUSSTUDIO-2套餐黑色++麦克风类型:电容式++声道:1++适用对象:录音专用++指向特征:指向性可切换++套餐名称:官方标配', 20, 13, 100, 413),
('562724012807', 'Canon/佳能EOS80D单机18-135USM套机中端高清单反数码相机', 4750, 'photography/SLR/562724012807', 'yes', '产品名称:Canon/佳能EOS80D套机(18-135mm)++接口类型:佳能口++单反级别:中级++是否支持机身防抖:机身不防抖++屏幕尺寸:3英寸及以上++像素:2426万++储存介质:SD卡xDPicture卡++成色:全新++电池类型:锂电池++售后服务:全国联保++颜色分类:港货80D单机不带镜头港货80D18-55STM防抖镜头港货80D18-135STM中长焦镜头港货80D18-135USM中长焦镜头港版80D18-200IS长焦镜头港货80D+腾龙18-200一镜走天下港货80D50MM1.8STM人像镜头港版80D18-55+55-250双镜头国行80D单机不带镜头国行80D18-55STM防抖镜头国行80D18-135USM中长焦镜头国行80D18-200IS长焦镜头国行80D+腾龙18-200一镜走天下国行80D50MM1.8STM人像镜头国行80D18-55+55-250双镜头港货80D50MM1.4STM人像镜头++套餐:官方标配套餐一套餐二套餐三套餐四套餐五套餐六套餐七套餐八++单反画幅:APS-C画幅++感光元件类型:CMOS++重量:601g(含)-700g(含)++取景器类型:光学取景器++是否支持外接闪光灯:支持++是否支持机身除尘:支持++是否支持机身马达:不支持++反光装置:五棱镜++传感器尺寸:22.3mmx14.9mm++品牌:Canon/佳能++佳能单反系列:EOS80D套机(18-135mm)', 40, 7, 74, 414),
('565788240706', '【全新配色】OPPOA14+64GB全面屏美颜面部识别手机oppoa1', 999, 'phone/phone/565788240706', 'yes', '证书编号：2017011606026430++证书状态：有效++产品名称：TD-LTE数字移动电话机++3C规格型号：OPPOA83（电源适配器：AK733CF、AK733KX、AK733JH、AK733CY、AK7...++产品名称：OPPOA1++OPPO型号:A1++机身颜色:深海蓝樱桃红香槟色珠光白++运行内存RAM:4GB3GB++存储容量:4+64GB3+32GB++网络模式:双卡多模', 97, 5, 73, 415),
('566390489417', '抖音神器直播道具手机配件热门泡泡骚气囊伸缩支架指环扣运镜网红', 10, 'phone/accessories/566390489417', 'yes', '品牌:慢客生活++适用场景:桌面++颜色分类:MRs.复古涂鸦黑狗狗黑大理石荧光火烈鸟火烈鸟白粉色蓝金石仿真队长盾牌红狗狗羽毛款和服少女白大理石夏绿叶松绿色猫和鱼紫彩色猪猪女孩Coke及时行乐MR.superme联名红内裤大头联名白色乳白色红色金色紫色银色浅灰色灰色绿色浅蓝色蓝色深蓝色黑色浅黄色花色驼色深灰色粉红色军绿色天蓝色玫红色宝蓝色西瓜红米白色藕色荧光黄深棕色姜黄色', 11, 6, 6, 416),
('19628167605', 'i5吃鸡游戏组装电脑台式电脑全套i7高配高端水冷网吧办公电脑主机', 2338, 'computer/whole machine/19628167605', 'yes', '产品名称：Colorful/七彩虹IntelB...++品牌:Colorful/七彩虹++CPU系列:Intel/英特尔酷睿i5++CPU型号:3470++主板结构:ATX++主板芯片组类型:IntelB75++显卡系列:GTX1050++显存容量:4GB++内存容量:8GB16GB++硬盘类型:固态硬盘(SSD)++硬盘容量:配置一配置二配置三配置四++机箱类型:全塔++电源功率:400W++电源80PLUS认证:不支持++散热方式:风冷++光驱类型:无光驱++生产企业:万达凯旋++保修期:36个月', 100, 1, 18, 417),
('559368593215', 'iRocks艾芮克ZR-60电脑笔记本WE游戏鼠标RGB康帝有线外设电竞lol', 169, 'computer/peripherals/559368593215', 'no', '产品名称：I－RocksZR-60++保修期:12个月++包装体积:80mm*80mm*175mm++品牌:I－Rocks++型号:ZR-60++套餐类型:官方标配++毛重:165g++生产企业:北京爵维科技++颜色分类:锆Zr-60鼠标-WE典藏版锆Zr-60鼠标-影黑典藏版++工作方式:光电++接口类型:USB++按键数:3个++光学分辨率:3200dpi++是否支持人体工程学:支持++成色:全新++售后服务:全国联保', 41, 3, 72, 418),
('564559987277', 'Samsung/三星GALAXYS8全网通S8港版港行+曲屏手机S8美版现货', 2358, 'phone/phone/564559987277', 'no', 'CCC证书编号:2017011606946277++CPU品牌:高通++CPU型号:骁龙835++上市时间:2018-01++屏幕尺寸:5.8英寸++机身厚度:7mm++电池容量:3000mAh++品牌:Samsung/三星++三星型号:GALAXYS8++网络类型:4G全网通++款式:直板++机身颜色:6.2寸谜夜黑S8+plus6.2寸烟晶灰S8+plus6.2寸雾屿蓝S8+plus6.2寸耀星银S8+plus6.2寸绮梦金S8+plus5.8寸谜夜黑S85.8寸烟晶灰S85.8寸雾屿蓝S85.8寸耀星银S85.8寸绮梦金S86.2寸芭比粉S8+plus++套餐类型:官方标配++后置摄像头:1200万++宝贝成色:全新++售后服务:店铺三包++触摸屏类型:电容式++存储容量:64GB128GB++键盘类型:QWERTY全键盘++分辨率:2560x1536++版本类型:港澳台美国中国大陆', 97, 5, 76, 419),
('551898971834', 'Ricoh/理光GRII数码相机APS-Cf/2.8理光GRII理光gr2代现货', 3338, 'photography/digital camera/551898971834', 'no', '产品名称:Ricoh/理光GRII++品牌:Ricoh/理光++理光:GRII++感光元件类型:CMOS++传感器尺寸:23.7mmx15.7mm++特殊功能:面部优先广角微距手动挡高清摄像支持外接闪光灯支持RAW格式文件++像素:1600万及以上++光学变焦:定焦++成色:全新++显示屏尺寸:3英寸++电池类型:锂电池++售后服务:店铺三包++颜色分类:GRII港版原装GRII港版原装（花呗/信用卡付）GRII港版裸机（不含配件）GRII国行原封GRII国行原封（花呗/信用卡付）++套餐:官方标配套餐一套餐二套餐三套餐四套餐五++屏幕类型:高清屏++有效像素:1600-2000万++防抖性能:不防抖++高清摄像:全高清（1920x1080）++镜头类型:伸缩式++适用场景:旅游便携++重量:201g(含)-300g(含)', 43, 10, 10, 420),
('521204972536', '电脑音箱台式电脑音响蓝牙低音炮多媒体有源家用小影响笔记本音响', 119, 'entertainment/speakers/521204972536', 'yes', 'CCC证书编号:2010010801436045++包装体积:0.33++声道:2.1++成色:全新++毛重:4KG++电源方式:交流电++箱体材质:木++采购地:中国大陆++颜色分类:白色（普通版）黑色（普通版）黑白色白色（升级蓝牙版）黑色（升级蓝牙版）++售后服务:店铺三包++品牌:other/其他++型号:139-3', 100, 12, 57, 421),
('568448210141', '微型摄像头高清夜视智能手机WIFI网络远程监控器迷你家用户外录影', 318, 'photography/video camera/568448210141', 'no', '上市时间:2018-06-02++传感器尺寸:1/3英寸++传输类型:其他/other++光学变焦倍数:0倍++屏幕尺寸:0英寸++品牌:other/其他++型号:EZSMART++存储介质:闪存式DV++数码像素:201-300万++成色:全新++自带容量:32GB++感光元件:CMOS++屏幕尺寸:其他/other++售后服务:店铺三包++传感器尺寸:1/3型FULLHD3CMOS影像感应器++防抖性能:电子防抖++是否触摸屏:非触摸屏++是否支持夜摄功能:支持++重量:100g及以下++适用场景:专业级++摄像机类型:其他++附加功能:支持WIFI', 36, 9, 40, 422),
('567893953478', '未来小七儿童人工智能机器人课程教育学习讲故事语音对话早教玩具', 598, 'smart device/smart robot/567893953478', 'yes', '上市时间:2017-7-19++兼容平台:ANDROIDiOS其他++品牌:未来小七++型号:未来小七++尺寸:15x17x19cm++材质:PVC++颜色分类:天蓝色粉红色红色蓝色', 47, 16, 70, 423),
('541214533013', '国行授权店[多1分优惠]Fujifilm/富士X-A3复古美颜微单相机xa3', 3099, 'photography/micro-camera/541214533013', 'no', '产品名称:Fujifilm/富士X-A3套机(16-50mmII)++屏幕尺寸:3.0英寸++品牌:Fujifilm/富士++富士系列:X-A3套机(16-50mmII)++像素:2430万++显示屏类型:触摸屏++液晶屏尺寸:3.0英寸++颜色分类:银色富士X-A316-50镜头棕色富士X-A316-50镜头粉色富士X-A316-50镜头银色16-50+251.8人像双镜头棕色16-50+251.8人像双镜头粉色16-50+251.8人像双镜头银色16-50+551.4人文双镜头棕色16-50+551.4人文双镜头粉色16-50+551.4人文双镜头++成色:全新++售后服务:全国联保++套餐类型:官方标配套餐一套餐二套餐三套餐四套餐五套餐六套餐七++单电套装类型:变焦套装++传感器尺寸:23.5mmx15.7mm++感光元件类型:CMOS++重量:501g(含)-600g(含)', 97, 8, 28, 424),
('569221185770', '多功能金属彩屏运动智能手环测心率血压防水男女计步vivo苹果手表', 189, 'smart device/smart bracelet/569221185770', 'no', '上市时间:2018-05-07++保修期:5年++兼容平台:ANDROIDiOS++功能:心率监测拍照智能提醒睡眠监测社交娱乐计步遥控自拍防水++品牌:seetons/思盾仕++型号:手环++生产企业:深圳市纳世科技有限公司++颜色分类:升级版银色彩屏（金属磁吸表带）升级版金色彩屏（金属磁吸表带）升级版黑色彩屏（金属磁吸表带）咖啡色彩屏（硅胶表带）蓝色彩屏（硅胶表带）黑色彩屏（硅胶表带）++适用对象:android平台苹果iOS平台', 77, 14, 33, 425),
('537565612038', 'Shinco/新科HC-807电脑音响台式家用小音箱笔记本迷你低音炮影响', 70, 'entertainment/speakers/537565612038', 'no', '证书编号：2017010805033325++证书状态：有效++产品名称：数码音响播放器（具有音频存储播放功能）++3C规格型号：见附件（不带电源适配器销售）++产品名称：Shinco/新科HC-807++保修期:24个月++声道:2.1++成色:全新++生产企业:深圳英桥商贸有限公司++电源方式:其他++箱体材质:塑料++采购地:中国大陆++颜色分类:【优雅白+独立高低音】【炫酷黑+独立高低音】++售后服务:全国联保++品牌:Shinco/新科++型号:HC-807', 12, 12, 14, 426),
('566381686569', '魅声I魅-2全民K歌话筒手机直播设备全套苹果麦克风专用声卡套装', 768, 'entertainment/microphone/566381686569', 'yes', '产品名称：魅声I魅-2++使用方式:悬挂式++供电方式:外接供电++保修期:36个月++品牌:魅声++型号:I魅-2++有无线:有线++生产企业:深圳魅声电子科技有限公司++颜色分类:X2-2BX2-2XX2-2H++麦克风类型:电容式手机K歌麦克风直播专用麦克风++声道:2++适用对象:手机电脑直播专用录音专用其他/other++指向特征:心型指向', 13, 13, 96, 427),
('563144926093', 'iphonex防尘塞8plus手机红外线头发射器苹果配件万能遥控安卓通用', 47, 'phone/accessories/563144926093', 'yes', '品牌:恬家++颜色分类:苹果通用安卓Type-c接口安卓USB接口++适用对象:苹果通用安卓支持Type-c', 57, 6, 91, 428),
('566082568299', 'HTCVIVEPro专业级虚拟现实眼镜VR版头盔5d眼镜头戴式3d游戏', 6688, 'smart device/smart glasses/566082568299', 'yes', '保修期:12个月++品牌:HTCVIVE++型号:Pro++屏幕类型:3K++生产企业:htc++芯片品牌:高通++颜色分类:vivepro头盔（现货，马上发货，不含手柄、定位器）VIVEPRO+基站手柄steamvr1.0VIVEPRO专业版套包含2.0手柄、定位器（现货，送一对支架）', 19, 15, 70, 430),
('542806717409', '海尔无线监控摄像头家用套装高清夜视wifi网络手机室外远程监控器', 149, 'photography/video camera/542806717409', 'no', '内存容量:16GB32GB64GB8GB++呈像颜色:彩色++品牌:Haier/海尔++型号:WSC-580W++智能类型:其他++质保年限:1年++焦距:3.6mm++焦段:广角++清晰度:720p960P1080p++感光面积:1/3英寸++同城服务:同城物流送货上门++有效距离:0m(不含)-10m(不含)++镜头大小规格:3.6mm', 87, 9, 63, 431),
('564193750261', '小辣椒任性版PLUS电信4g全网通安卓超薄备用智能机学生手机正品', 389, 'phone/phone/564193750261', 'yes', '证书编号：2017011606970462++证书状态：有效++产品名称：TD-LTE数字移动电话机++3C规格型号：20170605Q(电源适配器：S0500100-3C-U1输出：5VDC1000mA；ES00...++产品名称：小辣椒任性版PLUS++CPU型号:MT6737++型号:任性版PLUS++机身颜色:灰色白色金色++运行内存RAM:2GB++存储容量:1+16GB2+16GB++网络模式:双卡双待', 96, 5, 86, 432),
('564612155896', '马歇尔MARSHALLKilburnACTONWoburn蓝牙音箱低音无线复古音响', 1328, 'entertainment/speakers/564612155896', 'no', '产品名称:MARSHALLKilburn++供电方式:内置锂电池++功能:大功率四喇叭、重低音立体声++套餐类型:官方标配++尺寸:242x140x140mm++是否支持APP:否++连接方式:3.5MM音频插口蓝牙连接++重量:3000g++颜色分类:Kilburn黑色【充电款】Kilburn奶油白【充电款】Acton黑色【插电款】Acton奶油白【插电款】Woburn黑色【插电款】Woburn奶油白【插电款】Stanmore黑色【插电款】Stanmore棕色【插电款】Stanmore奶白色【插电款】Kilburn黑色【现货顺丰闪发】Kilburn白色【现货顺丰闪发】Acton黑色【现货顺丰闪发】++外壳材质:硅胶++音箱调节方式:按键旋钮++品牌:MARSHALL++型号:Kilburn', 21, 12, 6, 433),
('559776637053', '遥控智能编程机器人机械战警讲故事男女孩早教充电动儿童玩具礼物', 59, 'smart device/smart robot/559776637053', 'no', '产地:中国大陆++品牌:双烽车模++型号:652++玩具类型:其它玩具++适用年龄段:<14岁++遥控方式:体感++颜色分类:【红色】手感应遥控摩卡战警【蓝色】手感应遥控摩卡战警【蓝色】+【红色】摩卡战警++适用年龄:2岁3岁4岁5岁6岁7岁8岁9岁10岁11岁12岁13岁14岁14岁以上++套餐类型:原装正品送运费险+手指陀螺++材质:塑料++是否有导购视频:有++是否含遥控:含', 54, 16, 76, 434),
('526295577037', 'Type-C转换器USB苹果MacBook电脑pro配件网线扩展坞VGA转接头HDMI', 41, 'computer/accessories/526295577037', 'yes', '品牌:泰克森++型号:Type-C转换器++生产企业:宁波市鄞州索酷电子科技有限公司++长度:0.15m++颜色分类:银HDMI+VGA+充电银VGA+HUB+充电银HDMI+HUB+充电USB×2+充电-银USB×2+充电-金银HDMI+VGA+USB×3不充电灰HDMI+VGA+USB×3不充电黑HDMI+VGA+USB×3不充电银USB+HDMI+VGA+DVI/4K不充电黑USB+HDMI+VGA+DVI/4K不充电银HDMI+VGA/4K不充电银USB3.0×4不充电银HDMI+USB×2+充电金HDMI+USB×2+充电灰HDMI+USB×2+充电玫金HDMI+USB×2+充电银HDMI+USB×3不充电灰HDMI+USB×3不充电银USB×2+读卡+充电灰USB×2+读卡+充电银读卡+USB×3不充电银千兆3.0不充电HDMI银VGA银++适用型号:Macbook', 100, 2, 17, 435),
('569351172566', '智能手环女多功能心率计步游泳防水苹果安卓通用韩版简约运动手表', 178, 'smart device/smart bracelet/569351172566', 'yes', '上市时间:2018-5-3++兼容平台:ANDROIDiOS++功能:心率监测智能提醒睡眠监测蓝牙通话计步遥控自拍防水++品牌:other/其他++型号:s3-666++颜色分类:糖果玫瑰金优雅黑金糖果香槟金++无线距离:5m(含)-10m(含)', 10, 14, 35, 436),
('548414607230', 'Panasonic松下数码相机DC-GF9KGK美颜4K高清自拍神器微单电gf9', 2998, 'photography/micro-camera/548414607230', 'yes', '产品名称：Panasonic/松下DC-GF9K...++品牌:Panasonic/松下++传感器尺寸:17.3mmx13mm++感光元件类型:LiveMOS++存储类型:TF(microSD)卡++闪光灯及附件类型:内置闪光灯++快门类型:电子快门', 75, 8, 57, 437),
('558879548021', 'AppleWatchSeries3苹果运动智能手表3代GPS蜂窝电话手环', 2318, 'smart device/smart bracelet/558879548021', 'no', '表壳尺寸:38mm42mm++品牌:Apple/苹果++型号:42mmGPS款++通讯类型:不可插卡++表带尺寸:适合130-200毫米腕围适合140-210毫米腕围++表系列:【银色铝金属表壳】搭配【云雾灰色】运动型表带【金色铝金属表壳】搭配【粉砂色】运动型表带【深空灰色铝金属表壳】搭配【黑色】运动型表带【深空灰色铝金属表壳】搭配【灰色】运动型表带【深空灰色铝金属表壳】配【黑色回环式】运动表带【金色铝金属表壳】搭配【粉砂色回环式】运动表带++系列:官方标配++兼容平台:iOS++功能:心率监测蓝牙通话计步防水++连接:GPSGPS+蜂窝网络表款', 87, 14, 81, 438),
('567505388943', 'vr眼镜4d虚拟现实3d立体电影游戏智能手机通用rv眼睛头戴式ar头盔', 268, 'smart device/smart glasses/567505388943', 'no', '兼容平台:ANDROIDBlackberryMIUISymbianWindowsMobileiOS百度云OS阿里巴巴云OS++品牌:千幻魔镜++颜色分类:送遥控-高清观影版送遥控-蓝光护眼版送游戏手柄-纳米护眼版送游戏手柄-AR枪-纳米荣耀版', 39, 15, 16, 439),
('567392043872', 'VR眼镜rv虚拟现实3d手机专用ar一体机4d游戏机华为眼睛游戏头戴式', 208, 'smart device/smart glasses/567392043872', 'yes', '保修期:24个月++品牌:DOWNEY/唐尼++型号:唐尼U9++生产企业:深圳市优吉品科技有限公司++颜色分类:调节式耳机-送遥控-标配版调节式耳机-送遥控-影视版调节式耳机-送遥控-畅玩版调节式耳机-送遥控-沉浸版调节式耳机-送遥控-科幻版调节式耳机-送遥控-黑金版', 90, 15, 30, 440),
('558435685219', '机吸尘鼓风机办公设备家用清洁工具电脑复印机维修大功率吸吹风', 40, 'computer/office equipment/558435685219', 'yes', '品牌:自主品牌++型号:其它型号++颜色分类:蓝色900w不可调速（12件礼）黄色900w不可调速（12件礼）黄色1000W6档调速（20件礼）蓝色1200W6档调速（20件礼）蓝色900w不可调速黄色1800W6档调速（26件礼）', 4, 4, 92, 441),
('568371841392', 'vr眼镜4D虚拟现实头戴式3D眼睛ar游戏一体机安卓苹果智能手机专用', 99, 'smart device/smart glasses/568371841392', 'no', '上市时间:2017-3-10++兼容平台:BlackberryMIUIiOS百度云OS阿里巴巴云OS++品牌:VRheimao++颜色分类:【非遥控版】【高清护眼影视版】【送遥控版】【蓝光护眼畅玩版】【送遥控版】【蓝光护眼虚幻版】【送遥控版】【纳米护眼沉浸版】送荣耀手柄【纳米护眼影视版】送荣耀手柄【纳米护眼科幻版】送荣耀手柄【纳米护眼尊贵版】【收藏加购赠送一拖三数据线】', 10, 15, 45, 442),
('562916471062', '爱奇艺vr眼镜小阅悦S虚拟现实智能头戴式3d头盔手机专用游戏vr', 49, 'smart device/smart glasses/562916471062', 'yes', '保修期:3个月++兼容平台:ANDROID++品牌:爱奇艺智能++型号:iQIYI-C1-double++生产企业:爱奇艺++颜色分类:小阅悦S小阅悦S+遥控器小阅悦S+i71耳机小阅悦S+爱奇艺月卡小阅悦S+遥控器+爱奇艺月卡买爱奇艺年卡+1元得小阅悦S小阅悦PRO小阅悦PRO+遥控器小阅悦PRO+i71耳机小阅悦PRO+爱奇艺月卡小阅悦PRO+遥控器+爱奇艺月卡', 97, 15, 96, 443),
('559557773399', '华为智能运动手环手表游泳防水测心率睡眠蓝牙GPS计步器安卓男女', 268, 'smart device/smart bracelet/559557773399', 'no', '保修期:12个月++功能:心率监测智能提醒睡眠监测计步防水++品牌:Huawei/华为++品名:华为运动手环++生产企业:华为技术有限公司++颜色分类:标准版黑+充电头+粉表带+贴膜标准版黑+充电头+绿表带+贴膜标准版黑+充电头+橙表带+贴膜GPS版黑+充电头+黑表带+贴膜GPS版黑+充电头+绿表带+贴膜GPS版黑+充电头+粉表带+贴膜GPS版黑+充电头+橙表带+贴膜GPS版黑+充电头+蓝表带+贴膜GPS版蓝+充电头+绿表带+贴膜GPS版蓝+充电头+黑表带+贴膜GPS版蓝+充电头+蓝表带+贴膜GPS版蓝+充电头+粉表带+贴膜GPS版蓝+充电头+橙表带+贴膜GPS版红+充电头+黑表带+贴膜GPS版红+充电头+蓝表带+贴膜GPS版红+充电头+橙表带+贴膜GPS版红+充电头+粉表带+贴膜GPS版橙+充电头+黑表带+贴膜GPS版橙+充电头+蓝表带+贴膜GPS版橙+充电头+粉表带+贴膜GPS版橙+充电头+绿表带+贴膜GPS版橙+充电头+橙表带+贴膜标准版黑+充电头+黑表带+贴膜标准版黑+充电头+蓝表带+贴膜++适用对象:android平台苹果iOS平台', 36, 14, 35, 444),
('524642890633', 'SkinATSurfacePro4贴纸微软平板电脑贴膜创意保护炫彩贴配件', 69, 'computer/accessories/524642890633', 'no', '品牌:skinat++炫彩贴颜色:01_404不存在02_航天小组03_Blue-Planet白熊04_Blue-Planet海洋05_Blue-Planet蓝鲸06_Blue-Planet企鹅07_海盗与鲸鱼08_Wow太空09_开花鹿10_太空熊猫11_蜜蜂小兔12_太空OUT黑13_太空元素14_萌宇宙15_白熊母子16_开学鹅黄17_看月亮18_红围巾柴犬19_水彩小鸟20_Moon-Walk21_五张笑脸22_月兔23_太空小黑默认Pro4，如需Pro3或新Pro请联系客服或备注++生产企业:SkinAT++风格:欧美', 100, 2, 87, 445),
('561061706748', '新科S29广场舞音响移动拉杆音箱户外播放器带无线话筒K歌便携式', 179, 'entertainment/speakers/561061706748', 'yes', '保修期:12个月++品牌:Shinco/新科++型号:S29++生产企业:广州尊浪电器有限公司++颜色分类:普通版经典版经典版+16GU盘经典版+1无线话筒经典版+1无线耳麦经典版+1无线话筒+16GU盘【特别推荐】经典版+2无线话筒（立省20元）经典版+1无线话筒+1无线耳麦旗舰版旗舰版+1无线耳麦旗舰版+1无线话筒+1无线耳麦旗舰版+16GU盘旗舰版+1无线话筒旗舰版+1无线话筒+16GU盘【店长推荐】旗舰版+2无线话筒（立省20元）旗舰版+2无线话筒+16GU盘【豪华推荐】旗舰版+2无线话筒+1耳麦+16GU盘+三角架（立省30元）旗舰彩灯版+1无线话筒（新品体验价）旗舰彩灯版+2无线话筒（新品体验价）++音箱类型:重低音', 11, 12, 47, 446),
('20053125279', '顺丰包邮欧菲通无纸数码传真机全新办公设备关电脑接收防垃圾传真', 418, 'computer/office equipment/20053125279', 'no', '产地:亚太++品牌:欧菲通++型号:OF5UD-A++款式:桌上型++能效等级:无++产品定位:商务全能++适用对象:普通纸++售后服务:店铺三包++传真机类型:激光++传真机传输速度:15秒/页', 10, 4, 86, 447),
('551511544279', '华为荣耀畅玩手环A2智能运动手环防水蓝牙手表心率计步睡眠官方3', 129, 'smart device/smart bracelet/551511544279', 'no', '保修期:12个月++兼容平台:ANDROID++功能:心率监测智能提醒睡眠监测社交娱乐计步防水++品牌:honor/荣耀++型号:畅玩手环A2++生产企业:华为技术有限公司++颜色分类:白色版红色版绿色版黑色版++适用对象:android平台苹果iOS平台++无线距离:10m及以上', 61, 14, 49, 448),
('535958573937', 'mac苹果笔记本macbook电脑air13寸保护壳pro13.3外壳11配件12套15', 34, 'computer/accessories/535958573937', 'yes', '品牌:倍晶++炫彩贴颜色:岩沙壳透白（备注型号）岩沙壳黑色（备注型号）奶油壳蔷薇粉（备注型号）奶油壳苹果银（备注型号）奶油壳玫瑰金（备注型号）奶油壳深空灰（备注型号）奶油壳马卡蓝（备注型号）奶油壳宁静蓝（备注型号）奶油壳清雅灰（备注型号）奶油壳蔷薇粉送同色膜塞（备注型号）奶油壳苹果银送同色膜塞（备注型号）奶油壳玫瑰金送同色膜塞（备注型号）奶油壳深空灰送同色膜塞（备注型号）奶油壳马卡蓝送同色膜塞（备注型号）奶油壳宁静蓝送同色膜塞（备注型号）奶油壳清雅灰送同色膜塞（备注型号）奶油壳蔷薇粉送透光功能膜塞（备注型号）奶油壳苹果银送透光功能膜塞（备注型号）奶油壳玫瑰金送透光功能膜塞（备注型号）奶油壳深空灰送透光功能膜塞（备注型号）奶油壳马卡蓝送透光功能膜塞（备注型号）奶油壳宁静蓝送透光功能膜塞（备注型号）奶油壳清雅灰送透光功能膜塞（备注型号）++生产企业:深圳市驱宇科技有限公司++风格:欧美', 100, 2, 1, 449),
('558474689601', 'dido智能血压手环男心电图心率防水睡眠运动计步器老人苹果手表', 419, 'smart device/smart bracelet/558474689601', 'no', '保修期:12个月++兼容平台:ANDROID++功能:心率监测智能提醒睡眠监测计步防水++品牌:DiDo++型号:G19++生产企业:第一度科技有限公司++颜色分类:熏衣紫青葱绿深海蓝曜石黑++适用对象:android平台苹果iOS平台++无线距离:5m(含)-10m(含)', 8, 14, 84, 450),
('569417433522', '【现货】富士X-A5套机入门级自拍美颜复古微单数码相机XA3升级XA5', 3599, 'photography/micro-camera/569417433522', 'yes', '产品名称:Fujifilm/富士X-A5套机(15-45mm)++传输类型:其他/other++单反画幅:APS-C画幅++屏幕尺寸:3.0英寸++级别:入门级++品牌:Fujifilm/富士++富士系列:X-A5套机(15-45mm)++像素:2420万像素++显示屏类型:触摸屏++液晶屏尺寸:3.0英寸++颜色分类:棕色X-A515-45mm套机粉色X-A515-45mm套机银黑色X-A515-45mm套机棕色15-45+251.8定焦人像镜头粉色15-45+251.8定焦人像镜头银黑色15-45+251.8定焦人像镜头棕色15-45+551.4大光圈镜头粉色15-45+551.4大光圈镜头银黑色15-45+551.4大光圈镜头棕色X-A516-50mm套机粉色X-A516-50mm套机银黑色X-A516-50mm套机棕色16-50+251.8定焦人像镜头粉色16-50+251.8定焦人像镜头银黑色16-50+251.8定焦人像镜头棕色16-50+551.4大光圈镜头粉色16-50+551.4大光圈镜头银黑色16-50+551.4大光圈镜头暗银色X-A515-45mm套机暗银色15-45+251.8定焦人像镜头暗银色15-45+551.4大光圈镜头++成色:全新++售后服务:全国联保++套餐类型:官方标配套餐一套餐二套餐三套餐四套餐五套餐六++单电套装类型:变焦套装++传感器尺寸:23.5mmx15.7mm++感光元件类型:CMOS++重量:501g(含)-600g(含)', 2, 8, 95, 451),
('541002589294', '小蚁1080P云台智能摄像头360度家用监控高清夜视无线WiFi摄像机', 149, 'photography/video camera/541002589294', 'no', '保修期:12个月++兼容平台:ANDROIDMIUIiOS阿里巴巴云OS++品牌:yi++型号:小蚁1080P云台摄像机++生产企业:上海小蚁科技有限公司++颜色分类:1080P云台白色+内赠上墙包1080P云台黑色+内赠上墙包1080P云台白色+16G卡+内赠上墙包1080P云台黑色+东芝32G卡+内赠上墙包1080P云台白色+东芝32G卡+内赠上墙包1080P云台黑色+16G卡+内赠上墙包720P云台摄像机白色720P云台摄像机白色+16G内存卡720P云台摄像机白色+32G东芝内存卡', 42, 9, 64, 452),
('568683391374', '现货丨选原装游戏手柄Xiaomi/小米黑鲨游戏手机竞技中移动非红魔', 3299, 'phone/phone/568683391374', 'no', '证书编号：2018011606054600++证书状态：有效++产品名称：TD-LTE数字移动电话机++3C规格型号：SKR-A0（电源适配器：MDY-08-ES；输出：5VDC,3A/9VDC,2A/12VD...++产品名称：Xiaomi/小米黑鲨游戏手机++CPU型号:骁龙845++型号:黑鲨游戏手机++机身颜色:极夜黑苍穹灰++运行内存RAM:6GB8GB++存储容量:8+128G6+64G++网络模式:双卡多模', 46, 5, 51, 453),
('566754955760', '未来小七智能机器人玩具儿童早教机高科技学习英语陪伴对话机器人', 598, 'smart device/smart robot/566754955760', 'yes', '证书编号：2016152202016833++证书状态：有效++产品名称：产品类别：声光玩具++3C规格型号：声光合金玩具：LLB-3236D、LLB-3236W、LLB-3237D、LLB-3237W、LLB...++产地:中国大陆++品牌:伶俐宝++型号:未来小七++玩具类型:电玩具++货号:未来小七++适用年龄段:通用++遥控方式:声控++颜色分类:微信版绿色微信版粉红色微信版蓝色APP版蓝色APP版粉红色APP版绿色++适用年龄:2岁3岁4岁5岁6岁7岁8岁9岁10岁11岁12岁13岁14岁++套餐类型:官方标配++材质:PVC++是否有导购视频:有++是否含遥控:不含', 62, 16, 75, 454),
('549569972127', '电脑耳机头戴式台式电竞游戏耳麦网吧带麦吃鸡cfNUBWO/狼博旺N1', 30, 'entertainment/headset/549569972127', 'no', '产品名称：NUBWO/狼博旺N1++保修期:12个月++兼容平台:ANDROIDWindowsPhoneiOS++套餐类型:官方标配++是否线控:否++生产企业:东莞市德声实业有限公司++阻抗:32Ω++颜色分类:黑色发光涡轮版白色发光涡轮版黑色发光星辰版黑色无光素黑版白色无光暖金版黑色发光星辰版【7.1声道】++佩戴方式:头戴护耳式++耳机类型:有线++有无麦克风:带麦++耳机售后服务:全国联保++插头直径:3.5mm++耳机插头类型:USB++耳机类别:游戏耳机普通耳机监听耳机运动耳机++品牌:NUBWO/狼博旺++型号:N1', 70, 11, 31, 455),
('41456010047', '因卓G2000电脑游戏耳机头戴式电竞绝地求生吃鸡耳麦台式话筒带麦', 69, 'entertainment/headset/41456010047', 'yes', '产品名称：因卓G2000++保修期:36个月++兼容平台:ANDROIDWindowsPhoneiOS++套餐类型:官方标配++是否线控:是++灵敏度:114dB/mW++生产企业:东莞市酷弦电子科技有限公司++适用音乐类型:ACG动漫游戏控类型++阻抗:32Ω++频响范围:20-20000Hz++颜色分类:黑蓝震动版黑蓝基础版黑红基础版白蓝震动版白红基础版黑红色二代升级版黑红震动版黑蓝色二代升级版黑橙基础版白蓝色二代升级版黑蓝3.5单插版黑红色二代震动版白蓝色二代震动版黑蓝色二代3.5单插版黑蓝色二代震动版二代升级版黑蓝7.1声道二代升级版黑红7.1声道++佩戴方式:头戴护耳式++耳机类型:有线++有无麦克风:带麦++耳机售后服务:全国联保++插头直径:3.5mm++耳机插头类型:直插型++耳机输出音源:PC电脑++缆线长度:2.2++耳机类别:普通耳机++品牌:因卓++型号:G2000++功能:自适应降噪功能(AdaptiveNoiseCanceling)++耳机左右腔体间连接方式:有线连接++耳机与播放设备连接方式:有线连接', 73, 11, 79, 456),
('568200849557', '彩屏智能手环男测血压心率计步器运动女vivo小米防水oppo老人手表', 169, 'smart device/smart bracelet/568200849557', 'yes', '保修期:36个月++兼容平台:ANDROIDBlackberryMIUIiOS百度云OS阿里巴巴云OS++功能:心率监测拍照智能提醒睡眠监测社交娱乐计步遥控自拍防水++品牌:松米++型号:B11++生产企业:深圳市好黄牛网络科技有限公司++颜色分类:黑蓝情侣款+收藏加购送2条表带+游泳防水黑色+送嘉年华全系表带+游泳防水红色+收藏加购送1条表带+游泳防水蓝色+收藏加购送1条表带+游泳防水黑色+收藏加购送1条表带+游泳防水橙色+收藏加购送1条表带+游泳防水黑红情侣款+收藏加购送2条表带+游泳防水黑橙情侣款+收藏加购送2条表带+游泳防水++适用对象:android平台苹果iOS平台++无线距离:5m(含)-10m(含)', 88, 14, 39, 457),
('520963973401', '京天i78700/GTX1060吃鸡高配电脑主机游戏台式机全套组装机整机', 4996, 'computer/whole machine/520963973401', 'yes', '产品名称：京天华盛IntelB360i7-...++品牌:京天华盛++CPU系列:Intel/英特尔酷睿i7++CPU型号:i7-8700++主板结构:M-ATX++主板芯片组类型:IntelB360++显卡系列:gtx1060++显存容量:5GB++内存容量:8GB++硬盘类型:固态硬盘(SSD)++硬盘容量:配置一配置二配置三++电源功率:400W++电源80PLUS认证:不支持++散热方式:风冷++光驱类型:无光驱++生产企业:武汉京天网盟科技有限公司++保修期:36个月', 100, 1, 3, 458),
('565044387726', '苹果电脑保护壳macbookair13笔记本外壳pro13.3套15寸mac12配件', 43, 'computer/accessories/565044387726', 'no', '品牌:BESTCHOI/贝思·乔++炫彩贴颜色:【下单请留言型号才能发货】蔷薇粉+透光同色键盘膜【下单请留言型号才能发货】酒红色+透光同色键盘膜【下单请留言型号才能发货】天青色+透光同色键盘膜【下单请留言型号才能发货】樱花粉+透光同色键盘膜【下单请留言型号才能发货】睿智黑+透光同色键盘膜【下单请留言型号才能发货】渐变色+透光同色键盘膜【下单请留言型号才能发货】捕梦网+透光同色键盘膜【下单请留言型号才能发货】透明滢+透光透明键盘膜【下单请留言型号才能发货】蔷薇粉送赠品透明键盘膜【下单请留言型号才能发货】酒红色送赠品透明键盘膜【下单请留言型号才能发货】天青色送赠品透明键盘膜【下单请留言型号才能发货】樱花粉送赠品透明键盘膜【下单请留言型号才能发货】渐变色送赠品透明键盘膜【下单请留言型号才能发货】捕梦网送赠品透明键盘膜【下单请留言型号才能发货】睿智黑送赠品透明键盘膜【下单请留言型号才能发货】透明滢下订单留言型号！不支持带光驱Pro（A1278和A1286）【选项勿拍】++生产企业:深圳儒商科技发展有限公司++风格:简约', 100, 2, 56, 459),
('567684076879', 'Apple/苹果iPhone6s全新未激活原装国行4.7英寸三网通4g手机', 1130, 'phone/phone/567684076879', 'no', 'CCC证书编号:2015011606799885++CPU品牌:Apple/苹果++CPU型号:其他++上市时间:2015-09++屏幕尺寸:4.7英寸++机身厚度:7.1mm++电池容量:1715mAh++品牌:Apple/苹果++Apple型号:iphone6S++网络类型:4G全网通++款式:直板++机身颜色:6s4.7寸深空灰6s4.7寸银白色6s4.7寸土豪金6s4.7寸玫瑰金6sPlus5.5寸深空灰6sPlus5.5寸银白色6sPlus5.5寸土豪金6sPlus5.5寸玫瑰金++套餐类型:官方标配套餐一套餐二++后置摄像头:1200万++宝贝成色:全新++售后服务:全国联保++触摸屏类型:具备3DTouch技术的RetinaHD显示屏++存储容量:16GB32GB64GB128GB++分辨率:1334x750像素分辨率，326ppi++网络模式:无需合约版++版本类型:美国中国大陆', 96, 5, 71, 460),
('555800847572', '【直营】哈曼卡顿HarmanKardonAuraStudio2蓝牙音箱琉璃家用', 1299, 'entertainment/speakers/555800847572', 'yes', '保修期:无保修++功能:大功率四喇叭、重低音立体声++尺寸:27x22x23mm++生产企业:哈曼集团++品牌:harmankardon/哈曼·卡顿++型号:aurastudio2black', 84, 12, 24, 461),
('523311613255', '赠原装16G卡+包/索尼微单ILCE-A5100L高清相机套机数码相机正品', 2799, 'photography/micro-camera/523311613255', 'yes', '产品名称：Sony/索尼ILCE-5100L套...++品牌:Sony/索尼++像素:2430万像素++传感器尺寸:23.5mmx15.6mm++感光元件类型:ExmorAPSHDCMOS++存储类型:MS卡SD卡++闪光灯及附件类型:内置闪光灯++快门类型:电子快门', 26, 8, 71, 462),
('568893107655', 'Type-c扩展坞macbookpro配件苹果电脑转换器接头vgahdmi转网口', 69, 'computer/accessories/568893107655', 'no', '品牌:D&S/和宏++接口性质:USB扩展HUB++生产企业:深圳市和宏实业股份有限公司++长度:0.1m++颜色分类:（八合一）TF+SD+HDMI+3USB3.0+网口+PD充电（3300G）（五合一）TF+SD+HDMI+2USB3.0（3200G）(六合一)HDMI+VGA+100/1000MB网口+2*USB3.0+PD快充（3400G）(四合一）3个USB3.0+100/1000MB网口（321G）（四合一）SD卡槽+TF卡槽+2*USB2.0（3510G）（三合一）VGA+USB3.0+USB2.0（DSC3700G）（三合一）HDMI+USB3.0+USB2.0（DSC3600G）（二合一）VGA+HDMI支持同时显示（DSC311W）（一合一）转HDMI（DNS5005)(一合一)转VGA（DNS5004)++是否外接电源:无外接电源++货号:DSC3300G', 100, 2, 33, 463),
('564825205279', '万能通用手机镜头夹子头长焦望远镜拍照摄影配件金属架外置固定座', 23, 'phone/accessories/564825205279', 'yes', '品牌:JOHNK/中客++适用场景:桌面++颜色分类:(黑色)手机镜头通用夹子(银色)手机镜头通用夹子++货号:手机镜头夹子', 32, 6, 32, 464),
('528832278598', '多功能懒人手机支架床头手机支架桌面手机夹子创意通用版配件', 6, 'phone/accessories/528832278598', 'no', '品牌:other/其他++适用场景:桌面++颜色分类:白色黄色红色紫色绿色蓝色黑色粉红色', 82, 6, 38, 465),
('556724720765', '友柏A10电脑耳机头戴式耳麦电竞网吧游戏绝地求生吃鸡带麦话筒cf', 30, 'entertainment/headset/556724720765', 'yes', '产品名称：友柏A10++保修期:5年++套餐类型:官方标配++是否线控:否++灵敏度:100dB/mW++生产企业:深圳市华明泽光电技术有限公司++阻抗:32Ω++频响范围:20-20000Hz++颜色分类:尊贵黑【短麦】【发光】象牙白【短麦】【发光】尊贵黑【短麦】【不发光】尊贵黑【不发光】尊贵黑红【不发光】象牙白【不发光】尊贵黑【发光】尊贵黑红【发光】象牙白【发光】象牙白红【发光】珠光红【发光】珠光黄【发光】++佩戴方式:头戴护耳式++耳机类型:有线++有无麦克风:带麦++耳机售后服务:全国联保++插头直径:3.5mm++耳机插头类型:直插型++缆线长度:2米++耳机类别:主动降噪耳机游戏耳机普通耳机HIFI耳机监听耳机++品牌:友柏++型号:A10', 90, 11, 56, 466),
('566574943949', 'Canon/佳能eosM50(15-45)蚂蚁摄影美颜高清旅游入门级微单反相机', 3999, 'photography/video camera/566574943949', 'yes', '产品名称：Canon/佳能EOSM50套机(...++品牌:Canon/佳能++像素:2410万++传感器尺寸:22.3mmx14.9mm++感光元件类型:CMOS++存储类型:SD卡++闪光灯及附件类型:内置闪光灯++快门类型:电子快门', 61, 9, 53, 467),
('562842624532', '64G1098起/Huawei/华为畅享7s畅想7中移动手机官方正品店8plus', 938, 'phone/phone/562842624532', 'no', '证书编号：2017011606963597++证书状态：有效++产品名称：TD-LTE数字移动电话机++3C规格型号：SLA-AL00（开关电源适配器：HW-050100C01输出：5.0VDC1.0A）++产品名称：Huawei/华为畅享7s++华为型号:畅享7s++机身颜色:蓝色粉色黑色金色++运行内存RAM:4GB3GB++存储容量:4+64GB3+32GB++网络模式:双卡双待单通，NanoSIM', 74, 5, 88, 468),
('545890146189', 'VR眼镜rv虚拟现实3d手机专用ar一体机4d苹果眼睛头戴式游戏机头盔', 128, 'smart device/smart glasses/545890146189', 'no', '保修期:12个月++兼容平台:MIUIiOS百度云OS阿里巴巴云OS++品牌:ugp++型号:U8++生产企业:深圳市优吉品科技有限公司++颜色分类:【视听一体-可调节式耳机】-【送遥控-VR大礼包】-【标配版】【视听一体-可调节式耳机】-【送遥控-VR大礼包】-【影视版】【视听一体-可调节式耳机】-【送遥控-VR大礼包】-【畅玩版】【视听一体-可调节式耳机】-【送遥控-VR大礼包】-【沉浸版】【视听一体-可调节式耳机】-【送遥控-VR大礼包】-【科幻版】1【视听一体-可调节式耳机】-【送遥控-VR大礼包】-【黑金版】【视听一体-可调节式耳机】-【送遥控-VR大礼包】-【虚幻版】', 79, 15, 97, 469),
('565293390622', '机吸尘鼓风机办公设备家用清洁工具电脑复印机维修大功率吸吹风', 38, 'computer/office equipment/565293390622', 'no', '颜色分类:蓝色900w不可调速蓝色900w不可调速（12件礼）黄色900w不可调速（12件礼）黄色1000W6档调速（20件礼）蓝色1200W6档调速（20件礼）黄色1800W6档调速（26件礼）', 11, 4, 96, 470),
('568949646446', '新品【官网同价当天发送手柄】360N7全面屏手机360手机n7pro', 1699, 'phone/phone/568949646446', 'no', 'CCC证书编号:2018011606059439++CPU品牌:高通++CPU型号:骁龙660++上市时间:2018-5++产品名称:360手机N7++屏幕尺寸:5.99英寸++机身厚度:8.35mm++电池容量:5030mAh++品牌:360++型号:N7++网络类型:4G全网通++款式:直板++机身颜色:石墨黑【6+64G】现货石墨黑【6+128G】现货月岩白【6+128G】预售石墨黑【6+64G】送手柄石墨黑【6+128G】送手柄++套餐类型:官方标配套餐一套餐二套餐三套餐四套餐五++后置摄像头:1600万++操作系统:360OS++附加功能:光线感应双卡单模OTG重力感应反蓝光护眼电子罗盘距离感应WIFI上网GPS导航双卡双待高清视频GPRS上网手电筒++宝贝成色:全新++售后服务:全国联保++触摸屏类型:电容屏，多点触控++存储容量:64GB128GB++键盘类型:虚拟触屏键盘++手机类型:拍照手机音乐手机时尚手机智能手机4G手机商务手机++电池类型:不可拆卸式电池++摄像头类型:双摄像头（后双）++视频显示格式:1080P(全高清D5)++网络模式:双卡多模++核心数:八核++版本类型:中国大陆', 55, 5, 12, 471),
('546318311817', '360看店宝智能摄像机360度全景监控1080P高清夜视无线摄像头', 309, 'photography/video camera/546318311817', 'no', '保修期:12个月++品牌:360++型号:360KDB++生产企业:360摄像++颜色分类:官方标配看店宝+读卡器+送5M延长线【特惠】看店宝+送16G内存卡+送读卡器+送5M延长线看店宝+16G内存卡+送读卡器+送5M延长线看店宝+32G内存卡+送读卡器+送5M延长线看店宝+64G内存卡+送读卡器+送5M延长线官方标配看店宝2代+送读卡器+送5M延长线看店宝2代+16G内存卡+送读卡器+送5M延长线看店宝2代+32G内存卡+送读卡器+送5M延长线看店宝2代+64G内存卡+送读卡器+送5M延长线', 5, 9, 33, 472),
('552464679615', 'Philips/飞利浦SHB5850无线蓝牙跑步运动手机入耳式耳机耳塞耳麦', 99, 'entertainment/headset/552464679615', 'no', '产品名称：Philips/飞利浦SHB5850++保修期:12个月++兼容平台:ANDROIDWindowsPhoneiOS++套餐类型:官方标配++是否线控:是++灵敏度:107dB/mW++生产企业:飞利浦++频响范围:10-21000Hz++颜色分类:白色黑色++佩戴方式:入耳式++耳机类型:无线++有无麦克风:带麦++耳机售后服务:全国联保++插头直径:无++耳机插头类型:蓝牙++耳机输出音源:随身视听++耳机类别:HIFI耳机运动耳机++品牌:Philips/飞利浦++型号:SHB5850++防水性能:不支持防水++耳机左右腔体间连接方式:有线连接++耳机与播放设备连接方式:蓝牙连接', 19, 11, 97, 473),
('557486689564', '小宅z5vr眼镜一体机rv虚拟现实3d苹果华为ar眼睛4d手机专用头戴式', 149, 'smart device/smart glasses/557486689564', 'yes', '保修期:6个月++兼容平台:ANDROIDBlackberryMIUISymbianWindowsMobileiOS百度云OS++品牌:小宅++型号:小宅z5++屏幕类型:4k++测试项可不填:IVS++生产企业:深圳小宅科技有限公司++芯片品牌:高通++颜色分类:小宅z5青春版送蓝牙手柄小宅z5青春版送游戏手柄小宅z5青春版（黑色）送蓝牙手柄小宅z5青春版（黑色）送游戏手柄小宅z5青春版（蓝光护眼）送蓝牙手柄小宅z5青春版（蓝光护眼）送游戏手柄收藏加购送VR豪礼', 86, 15, 97, 474),
('567824051248', '新想超薄一体机电脑四核i3i5i7独显家用办公游戏主机台式整机全套', 1519, 'computer/whole machine/567824051248', 'no', '证书编号：2017010901982863++证书状态：有效++产品名称：多媒体一体机电脑++3C规格型号：XX19A、XX19B、XX19C、XX20A、XX20B、XX20C、XX22A、XX22B、XX...++产品名称：新想XX24C++型号:I5-2520++型号:XX24C++显卡型号:HD4400++台机CPU型号:酷睿i32100++内存容量:4GB++内存类型:1600MHzDDR3++硬盘容量:120GB++显卡类型:英特尔HDGraphics4400++型号:HD4400++显示器类型:LED++操作系统:Windows7', 100, 1, 29, 475),
('555310156410', '鬼咖金属机械鼠标加重MISS外设专业电竞游戏CF/LOL有线USB电脑', 98, 'computer/peripherals/555310156410', 'yes', '品牌:魔域男爵++型号:鬼咖升级合金版++套餐类型:官方标配++毛重:160～248g++颜色分类:升级版神秘灰-镜面款升级版魔幻白-镜面款升级版幽灵黑-磨砂款合金版神秘灰-镜面款合金版魔幻白-镜面款合金版幽灵黑-磨砂款++工作方式:光电++接口类型:USB++按键数:7个++光学分辨率:3200dpi++是否支持人体工程学:支持++成色:全新++售后服务:店铺三包', 30, 3, 27, 476),
('562421236052', 'GoProHERO6水下相机出租5租赁防水潜水运动相机摄像机gopro6', 2800, 'photography/video camera/562421236052', 'no', '传输类型:蓝牙传输++屏幕尺寸:2英寸++品牌:GoPro++型号:HERO6++存储介质:闪存式DV++数码像素:800万以上++成色:9成新++颜色分类:黑色版10元/天Gopro610元/天未拆封G630元/天++自带容量:其他/other++感光元件:CMOS++屏幕尺寸:2++售后服务:店铺三包++套餐类型:官方标配套餐一套餐二套餐三++传感器尺寸:其他/other++防抖性能:电子防抖++是否触摸屏:触摸屏++是否支持夜摄功能:支持++重量:100g及以下++适用场景:家用++摄像机类型:运动摄像机++附加功能:夜摄功能', 19, 9, 76, 477),
('568337805728', '监控摄像头无线wifi手机远程家用室外防水高清夜视网络监控器套装', 188, 'photography/video camera/568337805728', 'no', '内存容量:16GB32GB64GB无++呈像颜色:彩色++智能类型:其他++质保年限:3年++焦距:2.8mm4mm6mm8mm12mm++焦段:标准++清晰度:960P1080p3MP++感光面积:1/3英寸++同城服务:同城买家上门提货++有效距离:10(含)-30m(不含)', 42, 9, 11, 478),
('567266495596', '华为P20手机壳全包创意防摔保护套p20Pro磁吸指环软壳配件nova3e', 33, 'phone/accessories/567266495596', 'no', '保护套质地:塑料++款式:保护壳++颜色分类:p20指环款【黑】送膜p20指环款【蓝】送膜p20指环款【红】送膜p20指环款【黑】膜+车载p20pro指环款【黑】送膜p20pro指环款【蓝】送膜p20pro指环款【红】送膜P20pro指环款【黑】膜+车载p20lite指环款【黑】送膜p20lite指环款【蓝】送膜p20lite指环款【红】送膜p20lite【黑】膜+车载++风格:简约++适用手机机型:Huawei/华为++华为型号:华为P20手机壳++品牌:GGUU++型号:华为P20手机壳', 75, 6, 67, 479),
('569463092823', '花呗分期Apple/苹果iPhone7Plus苹果7plus美版国行三网7P手机', 3050, 'phone/phone/569463092823', 'yes', '', 100, 5, 85, 480),
('566725362473', '全新原装佳能80D18-135套机单机80D中端单反数码相机高清旅游', 4750, 'photography/SLR/566725362473', 'no', '产品名称:Canon/佳能EOS80D套机(18-135mm)++上市时间:2016-03-01++接口类型:佳能口++单反级别:中级++是否支持机身防抖:机身不防抖++屏幕尺寸:3英寸及以上++像素:2410万++储存介质:SD卡++成色:全新++电池类型:锂电池++售后服务:全国联保++颜色分类:【国行】80D单机不带镜头【国行】80D配18-200mmVC【国行】80D配18-55mmSTM【国行】80D配18-135mmUSM【国行】80D配18-200mmIS【国行】80D配50mmf1.8STM【港货】80D单机不带镜头【港货】80D配18-200mmVC【港货】80D配18-55mmSTM【港货】80D配18-135mmUSM【港货】80D配18-200mmIS【港货】80D配50mmf1.8STM【港货】80D配18-55+55-250IS++套餐:官方标配套餐一套餐二套餐三套餐四套餐五套餐六套餐七套餐八++单反画幅:APS画幅++感光元件类型:CMOS++取景器类型:光学取景器++是否支持外接闪光灯:支持++是否支持机身除尘:支持++是否支持机身马达:不支持++反光装置:五棱镜++传感器尺寸:22.3mmx14.9mm++品牌:Canon/佳能++佳能单反系列:EOS80D套机(18-135mm)', 66, 7, 50, 481),
('559709870663', 'VR眼镜rv虚拟现实3d手机专用ar一体机4d苹果4华为谷歌眼睛游戏5代', 328, 'smart device/smart glasses/559709870663', 'no', '兼容平台:MIUIiOS阿里巴巴云OS++品牌:ugp++颜色分类:调节式耳机-送遥控-标配版调节式耳机-送遥控-影视版调节式耳机-送遥控-畅玩版调节式耳机-送遥控-沉浸版调节式耳机-送遥控-科幻版调节式耳机-送遥控-黑金版123456', 34, 15, 68, 482),
('566189398586', 'Apple/苹果原装耳机iphone56sPlus7p8X手机线控七耳麦塞正品', 88, 'entertainment/headset/566189398586', 'yes', '产品名称：Apple/苹果MD827FE/A++佩戴方式:入耳式++保修期:12个月++兼容平台:iOS++套餐类型:套餐一官方标配++是否线控:是++生产企业:苹果++颜色分类:白色++线控耳机品牌:Apple/苹果++型号:MD827FE/A++线控耳机性质:原装', 13, 11, 77, 483),
('562962390677', '送显示器四核独显游戏组装电脑主机吃鸡电脑LOL主机台式全套整机', 1198, 'computer/whole machine/562962390677', 'yes', '品牌:MAINBOARD/科脑++CPU系列:INTELXEON++CPU型号:L5640++主板结构:ATX++主板芯片组类型:IntelP45++显卡系列:GTX750Ti++显存容量:2GB++内存容量:8GB16GB++硬盘类型:固态硬盘(SSD)++硬盘容量:500GB++电源功率:300W++电源80PLUS认证:白金++散热方式:风冷++光驱类型:无光驱++套餐类型:套餐一套餐二套餐三套餐四套餐五套餐六套餐七++显存位宽:128bit++显存类型:GDDR5++CPU主频:1.8GHz(含)-2.4GHz(不含)++内存类型:DDR3++CPU核心数:四核心++内存频率:1600MHz++显卡品牌:精影++主板品牌:MAINBOARD/科脑++内存品牌:Gowe/国惠++硬盘品牌:Colorful/七彩虹++电源品牌:BUBALUS/大水牛++机箱品牌:CORSAIR/海盗船++散热设备品牌:BUBALUS/大水牛++机箱结构:MicroATX++配置类型:网吧游戏型++显卡类型:独立显卡++独立显卡型号:其他/other', 100, 1, 64, 484),
('555427419484', '多功能苹果防尘塞遥控器苹果安卓手机红外线发射器遥控iphone配件', 24, 'phone/accessories/555427419484', 'no', '品牌:EK亿咔时尚++生产企业:国产++颜色分类:苹果专用-增强版遥控器【黑色】（送保护套）苹果专用-增强版遥控器【青色】（送保护套）安卓专用-增强版遥控器【红色】（送保护套）安卓专用-增强版遥控器【蓝色】（送保护套）++材质:合金++风格:水钻++适用对象:3.5MM耳机插孔', 8, 6, 49, 485),
('565080000925', '【现货】Samsung/三星GALAXYS9+三星S9s9+plus港版港行手机', 3758, 'phone/phone/565080000925', 'yes', '产品名称:Samsung/三星GALAXYS9+++CPU品牌:高通++CPU型号:骁龙845++上市时间:2018-02++屏幕尺寸:6.2英寸++机身厚度:8.5mm++电池容量:3500mAh++品牌:Samsung/三星++三星型号:GalaxyS9+++网络类型:3G全网通4G全网通++款式:直板++机身颜色:GalaxyS9+紫色（6.2）GalaxyS9+黑色（6.2）GalaxyS9+蓝色（6.2）GalaxyS9紫色（5.8）GalaxyS9黑色（5.8）GalaxyS9蓝色（5.8）++套餐类型:官方标配套餐一++后置摄像头:1200万++操作系统:Android/安卓++附加功能:不详++宝贝成色:全新++售后服务:店铺三包++触摸屏类型:电容屏，多点触控++运行内存RAM:6G++存储容量:64GB128GB256GB++键盘类型:虚拟触屏键盘++分辨率:2560x1536++手机类型:智能手机++电池类型:不可拆卸式电池++摄像头类型:双摄像头（前后）++视频显示格式:MP4/Ts/ASF/WMV/MKV/Webm/AVI/DivX/3gp/3g2++网络模式:双卡双模++核心数:八核（四大核1.5GHz+四小核1.2GHz）++版本类型:港澳台韩国美国亚太', 20, 5, 42, 486),
('36967955126', 'EARISE/雅兰仕Q8笔记本电脑音响家用台式小音箱迷你低音炮影响', 50, 'entertainment/speakers/36967955126', 'yes', '产品名称：EARISE/雅兰仕Q8++保修期:24个月++声道:2.1++成色:全新++毛重:1kg++生产企业:东莞市美之尊电子科技有限公司++电源方式:其他++箱体材质:塑料++采购地:中国大陆++颜色分类:炫酷黑典雅白激情红明亮黄蓝牙版（炫酷黑）蓝牙版（典雅白）蓝牙版（激情红）蓝牙版（明亮黄）++售后服务:全国联保++品牌:EARISE/雅兰仕++型号:Q8', 5, 12, 68, 487),
('556902158560', '金运X3全民k歌神器手机麦克风通用无线蓝牙话筒家用唱歌音响一体', 88, 'entertainment/microphone/556902158560', 'no', '产品名称：金运X3++使用方式:支撑式++供电方式:可换电池++保修期:12个月++品牌:金运++型号:X3++有无线:无线++生产企业:东莞市智而浦实业有限公司++颜色分类:收藏加购物车享30天免费试用+1年质保单唱版/金色1个/30天免费试用+1年质保单唱版/金色1个/送收纳盒一个+1年质保单唱版/玫瑰金1个/送收纳盒1个+1年质保变声版[玫瑰金]送AUX音频线1条+收纳盒变声版[土豪金]送AUX音频线1条+收纳盒变声版[玫瑰金]送AUX音频线1条+转接头变声版[土豪金]送AUX音频线1条+转接头++麦克风类型:电容式++声道:2++适用对象:手机舞台ktv专用家用++指向特征:全指向/无指向++套餐名称:官方标配', 100, 13, 27, 488),
('569582531526', '千幻魔镜6代vr眼镜一体机爱奇艺3d电影游戏头盔三星小米智能设备', 149, 'smart device/smart glasses/569582531526', 'yes', '兼容平台:ANDROIDiOS++品牌:千幻魔镜++颜色分类:千幻魔镜6代-标准版千幻魔镜6代-遥控版', 72, 15, 22, 489),
('43954480320', '林雷银行办公用扎把机捆钱机捆钞机Z3经典款', 1200, 'computer/office equipment/43954480320', 'no', '品牌:林雷++生产企业:林雷++接头类型:熔接式++捆扎机结构:手提捆扎机++使用方式:全自动', 6, 4, 97, 490),
('568034454391', '通用手机配件挂绳苹果丝巾缎带宽可拆卸环扣挂脖女款时尚个性创意', 11, 'phone/accessories/568034454391', 'no', '品牌:other/其他++型号:新款挂脖++挂件颜色:黑SUP宽挂脖红SUP宽挂脖白底双B宽挂脖黑色双B宽挂脖粉底CC宽挂脖黑色CC宽挂脖黑色双O宽挂脖粉色花朵宽挂脖豹纹宽挂脖藏蓝圆点宽挂脖红色老花宽挂脖粉底方格花朵宽挂脖绿色方格花朵宽挂脖新款GG花纹宽挂脖++材质:其他++货号:新款挂脖', 91, 6, 99, 491),
('555927452863', '360云台摄像头1080P高清夜视无线网络wifi家用监控全景智能摄像机', 189, 'photography/video camera/555927452863', 'yes', '保修期:12个月++兼容平台:ANDROIDiOS++品牌:360++型号:360智能云台摄像机++生产企业:360++颜色分类:【360云台版1080P版+读卡器+上墙包】领卷减30元360云台版1080P+4米线+读卡器+上墙包360云台版1080P+8G卡+4米线+读卡器+上墙包360云台版1080P+16G卡+4米线+读卡器+上墙包360云台版1080P+32G卡+4米线+读卡器+上墙包360云台版1080P+8G卡+读卡器+上墙包360云台版1080P+16G内存卡+读卡器+上墙包360云台版1080P+64G内存卡+读卡器+上墙包360云台版1080P+64G卡+4米线+读卡器+上墙包360云台版1080P版+读卡器+上墙包小水滴720P夜视版+16g卡+读卡器+上墙包小水滴1080P版+16g卡+读卡器+上墙包', 5, 9, 92, 492),
('547530638160', '金士顿HYPERXCloudRevolverS黑鹰头戴式电竞耳麦吃鸡游戏耳机', 1029, 'entertainment/headset/547530638160', 'yes', '产品名称：HYPERXCloudRevolverS++保修期:24个月++兼容平台:ANDROIDWindowsPhoneiOS++套餐类型:官方标配++是否线控:是++灵敏度:40dB/mW++生产企业:金士顿科技公司++适用音乐类型:摇滚金属重低音类型++阻抗:30Ω++频响范围:12-28000Hz++颜色分类:黑鹰s+圆底支架++佩戴方式:头戴护耳式++耳机类型:有线++有无麦克风:带麦++耳机售后服务:全国联保++插头直径:3.5mm++耳机插头类型:直插型++耳机输出音源:其他++缆线长度:1m+2m++耳机类别:游戏耳机普通耳机++品牌:HYPERX++型号:CloudRevolverS', 49, 11, 99, 493),
('566916879204', '儿童智能机器人玩具学习教育智能语音对话遥控高科技多功能早教机', 199, 'smart device/smart robot/566916879204', 'yes', 'CCC证书编号:2017010805981515++产地:中国大陆++品牌:other/其他++型号:Q3++玩具类型:电玩具++货号:Q3++适用年龄段:<14岁++遥控方式:声控++颜色分类:收藏加购送50G学习资源浅蓝色粉红色++适用年龄:2岁3岁4岁5岁6岁7岁8岁9岁10岁11岁12岁13岁14岁++套餐类型:送50学习资源+运费险送8G内存卡+读卡器+练字帖送16G内存卡+读卡器+24色彩画笔++材质:PVC', 85, 16, 33, 494),
('568505553592', '小米6x现货当天发Xiaomi/小米6X官网全面屏官方旗舰手机新8正品7', 1599, 'phone/phone/568505553592', 'yes', '证书编号：2017011606935410++证书状态：有效++产品名称：TD-LTE数字移动电话机++3C规格型号：MAE136（电源适配器：MDY-08-EV输出：5VDC2.0A）++产品名称：Xiaomi/小米6X++型号:6X++机身颜色:曜石黑流沙金赤焰红冰川蓝樱花粉++运行内存RAM:4GB6GB++存储容量:4+64GB6+64GB6+128GB++网络模式:双卡双待', 19, 5, 54, 495),
('567171497488', '先科广场舞音响音箱户外带无线话筒K歌家用拉杆移动便携式蓝牙', 269, 'entertainment/speakers/567171497488', 'no', '保修期:12个月++品牌:SAST/先科++型号:A99++生产企业:广州奋威音响器材有限公司++颜色分类:新12寸【送话筒】新12寸【送1支无线话筒+充电套装】新12寸【送1支无线话筒+16G】新12寸【送1支U段无线话筒】新12寸【送1支无线话筒+充电套装+16G】新12寸【送2支无线话筒】新12寸【送2支无线话筒+充电套装】新12寸【送2支无线话筒+充电套装+16G】新12寸【送1支无线话筒+1支U段话筒+充电+16G】12寸升级版【送U段话筒】12寸升级版【送2支U段话筒】12寸升级版【送1支U段话筒+1支耳麦】12寸旗舰版带伴唱【送U段话筒】12寸旗舰版带伴唱【送U段话筒+16G】12寸旗舰版带伴唱【送2支U段话筒】12寸旗舰版带伴唱【送2支U段话筒+16G】12寸旗舰版带伴唱【送1支U段话筒+1支耳麦】12寸升级版【送U段话筒+16G】12寸升级版【送2支U段话筒+16G】++音箱类型:重低音', 10, 12, 57, 496),
('566901091971', 'V8直播声卡套装电脑K歌快手喊麦通用安卓手机主播麦克风设备全套', 238, 'entertainment/microphone/566901091971', 'yes', '上市时间:2018-03-10++使用方式:悬挂式++供电方式:外接供电++品牌:新尼德兰++型号:V8++有无线:有线++颜色分类:套餐一（白银色）套餐一（宝蓝色）套餐一（黑银色）套餐一（粉红色）套餐一（土豪金）套餐二（白银色）套餐二（宝蓝色）套餐二（黑银色）套餐二（粉红色）套餐二（土豪金）标配套餐标配升级套餐单声卡新款MAX-730新款MAX-730【直播套装】++麦克风类型:电容式直播专用麦克风++声道:2++适用对象:手机电脑++指向特征:心型指向++喇叭单元:双喇叭', 51, 13, 72, 497),
('565961073780', 'Canon/佳能EOS700D套机18-55入门级家用旅游高清数码单反相机', 2218, 'photography/SLR/565961073780', 'yes', '产品名称:Canon/佳能700D套机(18-55mm)++单反级别:入门级++是否支持机身防抖:机身不防抖++屏幕尺寸:3英寸及以上++像素:1800万++储存介质:SD卡++成色:全新++电池类型:锂电池++售后服务:店铺三包++颜色分类:港版【单相机没镜头】不包邮港版700D【18-55III】家用镜头港版700D【18-55II】防抖镜头港版700D【18-55STM】防抖静音港版700D【18-135STM】原装镜头港版700D【50-1.8STM】原装镜头港版700D+18-55STM+75-300双镜头港版700D【腾龙18-200】VC镜头港版700D【18-200IS】中长焦镜头港版700D+18-55STM+501.8双镜头港版700D+501.8+75-300双镜头港版700D【55-250STM】中长焦港版700D【18-55+55-250】双镜头++套餐:官方标配套餐一套餐二套餐三套餐四套餐五套餐六套餐七套餐八++单反画幅:4/3画幅++感光元件类型:CMOS++对焦点数:9点++取景器类型:光学取景器++是否支持外接闪光灯:支持++是否支持机身除尘:支持++是否支持机身马达:支持++反光装置:五面镜++传感器尺寸:22.3mmx14.9mm++品牌:Canon/佳能++佳能单反系列:EOS700D++700D系列:700D套机(18-55mm)', 54, 7, 63, 498),
('567105415206', '20-27寸一体机电脑游戏独显酷睿i3i5i7办公家用台式整机主机全套', 1210, 'computer/whole machine/567105415206', 'no', 'CCC证书编号:2017010901982863++CPU类型:Core/酷睿i5++型号:i55250++产地:中国大陆++包装体积:610mm*510mm*195mm++品牌:新想++型号:XX22B++固态硬盘容量:120G++摄像头类型:单摄像头++显卡型号:HD5500++毛重:10公斤++能效备案号:一级节能++能效等级:一级++颜色分类:A1套餐19英寸A2套餐19英寸B1套餐22英寸B2套餐22英寸B3套餐22英寸B4套餐22英寸B5套餐22英寸B6套餐22英寸C1套餐24英寸C2套餐24英寸C3套餐24英寸C4套餐24英寸C5套餐24英寸D1套餐27英寸D2套餐27英寸D3套餐27英寸D4套餐27英寸D5套餐27英寸A3套餐19英寸++屏幕尺寸:21.5英寸++适用品牌:Intel/英特尔++台机CPU型号:其他/other++内存容量:4GB++内存类型:DDR3++硬盘容量:120GB++硬盘接口:SATA++硬盘转速:ssd++显卡接口:PCI-E++显卡类型:核芯显卡++型号:HD5500++显存容量:1GB及以上++芯片类型:HD5500++显示器类型:LED++光驱类型:无光驱++声卡类型:6.1++操作系统:Windows7++成色:全新++售后服务:全国联保++同城服务:同城卖家送货上门++台式机类型:高端家用++是否触摸屏:非触摸屏', 100, 1, 19, 499),
('534225397537', 'irocks艾芮克IK6H台式电脑笔记本背光WE游戏薄膜键盘有线电竞外设', 89, 'computer/peripherals/534225397537', 'no', '产品名称：I－RocksIK6++保修期:12个月++品牌:I－Rocks++型号:IK6++套餐类型:官方标配++是否机械键盘:非机械键盘++毛重:1.2kg++生产企业:北京爵维科技++颜色分类:IK6白色（无光版）IK6红白WE战队（无光版）IK6H黑色（背光版-火山口设计）IK6白蓝MISS签名（无光版）紫色限量版白金色-小智签名版紫黑色-若风签名版++是否支持即插即用:支持++连接方式:有线++是否有多媒体功能键:有++接口类型:USB++是否支持人体工程学:支持++有无手托:无++成色:全新++售后服务:全国联保', 58, 3, 45, 500),
('556666329280', '索尼VRPS4PSVR二代虚拟现实头盔3D眼镜VR国行港版日版套装2代', 1699, 'smart device/smart glasses/556666329280', 'yes', '品牌:Sony/索尼++型号:PlaystationVR++颜色分类:【美】全新美版VR1送游戏【美】VR1+摄像头+GT赛车【美】VR1+摄像头+GT+手柄X2【港】VR2+摄像头（港版送游戏）【港】VR2+摄像头+手柄X2【港】VR2+摄像头+手柄X2+光枪【日】VR2+摄像头【日】VR2+摄像头+手柄X2【日】VR2+摄像头+手柄X2+光枪【国行】VR2+摄像头【国行】VR2+摄像头+手柄X2【国行】VR2+摄像头+手柄X2+光枪【美】VR2+摄像头（送游戏）【美】VR2+摄像头+手柄X2【美】VR2+摄像头+手柄X2+光枪', 54, 15, 11, 501),
('564797362498', '千幻魔镜6代升级版vr眼镜一体机ar虚拟现实头盔手机专用3d眼睛7代', 148, 'smart device/smart glasses/564797362498', 'yes', '保修期:12个月++兼容平台:ANDROIDBlackberryMIUIWindowsMobileiOS百度云OS阿里巴巴云OS++品牌:VRSHINECON++型号:千幻魔镜7代++生产企业:东莞市千幻魔镜实业有限公司++颜色分类:【标配版】【蓝光护眼】送影视礼包【视听版】【蓝光护眼】送影视礼包+千幻遥控手柄【游戏版】【蓝光护眼】送影视礼包+王者游戏手柄先收藏和加入购物车↑↑↑以上版本再下单送影视礼包', 9, 15, 93, 502),
('566972586662', 'diy挂绳丝巾创意礼物挂脖手工制作diy工作证挂链绳抖音手机壳配件', 10, 'phone/accessories/566972586662', 'yes', '品牌:other/其他++型号:丝巾挂脖++挂件颜色:1号丝巾挂绳长2号丝巾挂绳长3号丝巾挂绳长4号丝巾挂绳长5号丝巾挂绳长6号丝巾挂绳长7号丝巾挂绳长8号丝巾挂绳长9号丝巾挂绳长10号丝巾挂绳长11号丝巾挂绳长12号丝巾挂绳长13号丝巾挂绳长14号丝巾挂绳长15号丝巾挂绳长16号丝巾挂绳长17号丝巾挂绳长18号丝巾挂绳长19号丝巾挂绳长20号丝巾挂绳长++材质:其他++货号:丝巾挂绳', 73, 6, 79, 503),
('558638145403', '五冠Apple/苹果iPhone6s国行苹果6s正品iPhone6sp手机4g全网通', 1350, 'phone/phone/558638145403', 'yes', '', 100, 5, 14, 504),
('561398821845', 'i7四核GTX1060独显8G游戏组装台式电脑吃鸡主机整机全套带显示器', 2588, 'computer/whole machine/561398821845', 'no', '品牌:Intel/英特尔++CPU系列:Intel/英特尔酷睿i7++CPU型号:850++主板结构:ATX++主板芯片组类型:IntelH55++显卡系列:GTX1050++显存容量:2GB++内存容量:8GB++硬盘类型:固态硬盘(SSD)++硬盘容量:120GB240GB320GB++电源功率:400W++电源80PLUS认证:不支持++散热方式:风冷++光驱类型:无光驱++套餐类型:套餐一套餐二套餐三套餐四套餐五++显存位宽:128bit++显存类型:GDDR3++CPU主频:2.8GHz(含)-3.0GHz(不含)++内存类型:DDR3++CPU核心数:四核心++内存频率:1600MHz++显卡品牌:翔升++主板品牌:Asus/华硕++内存品牌:tigo/金泰克++硬盘品牌:tigo/金泰克++电源品牌:BUBALUS/大水牛++机箱品牌:GoldenField/金河田++散热设备品牌:BUBALUS/大水牛++机箱结构:ATX++配置类型:疯狂游戏型++显卡类型:独立显卡++独立显卡型号:其他/other', 100, 1, 30, 505),
('568344679629', '小米游戏本15.6寸贴纸笔记本电脑外壳保护膜全套卡通配件炫彩贴膜', 39, 'computer/accessories/568344679629', 'no', '品牌:emotal/伊莫图++炫彩贴颜色:15.6游戏本8件套*留言图案15.6游戏本4件套*留言图案银河徽章6件套浴火凤凰6件套不死剑姬6件套赤红之斩6件套太空战队6件套星际争霸6件套异能世界6件套宇宙幽灵6件套质量效应6件套行星毁灭6件套尸鬼丧龙6件套巫师猎人6件套孤岛危机6件套杀戮地带6件套暗杀王者6件套暗黑神偷6件套堕落之王6件套迪亚菠萝6件套联合战线6件套海贼路飞6件套初号战机6件套爆燃火海6件套++生产企业:广州伊莫图++风格:卡通', 100, 2, 34, 506),
('535606592153', '小宅Z4vr游戏虚拟现实眼镜一体机手机专用头戴式头盔3d智能vr眼镜', 69, 'smart device/smart glasses/535606592153', 'no', '保修期:12个月++兼容平台:ANDROIDMIUIiOS百度云OS阿里巴巴云OS++品牌:小宅++型号:Z4++生产企业:深圳小宅科技有限公司++颜色分类:Z4mini白-不带耳机版Z4mini白含蓝牙手柄不带耳机Z4黑-非蓝光镜片版Z4白-蓝光镜片-蓝牙手柄版Z4黑-蓝光镜片-蓝牙手柄版Z4白-蓝光镜片-游戏手柄版Z4黑-蓝光镜片-游戏手柄版Z4黑经典豪华版', 26, 15, 83, 507),
('554505724611', '国行Sony/索尼DSC-RX100M5M4M3RX100V黑卡4代5代数码相机', 3600, 'photography/digital camera/554505724611', 'no', '产品名称:Sony/索尼DSC-RX100M5++传输类型:NFC传输++品牌:Sony/索尼++索尼型号:DSC-RX100M5++感光元件类型:CMOS++传感器尺寸:1英寸++特殊功能:光学防抖++像素:约2010万++光学变焦:约2.9倍++成色:全新++显示屏尺寸:3英寸++储存介质:microSD卡++电池类型:锂电池++售后服务:全国联保++颜色分类:黑卡RX100M5国行正品假一赔十黑卡RX100M4国行正品假一赔十黑卡RX100M3国行正品假一赔十++套餐:官方标配套餐一套餐二套餐三套餐四套餐五套餐六套餐七套餐八++屏幕类型:非触摸屏++有效像素:约2010万++防抖性能:光学防抖++高清摄像:全高清（1920x1080）++镜头类型:伸缩式++适用场景:专业旗舰++重量:201g(含)-300g(含)', 41, 10, 100, 508),
('544339705696', '台式电脑用耳机手机全民k歌头戴式耳麦录音专用带麦克风男女学生', 38, 'entertainment/headset/544339705696', 'yes', '套餐类型:官方标配++是否线控:是++阻抗:32Ω++频响范围:18-22000Hz++颜色分类:白色(电脑版-双插头）黑色(电脑版-双插头）白色(手机版-单插头）++佩戴方式:头戴护耳式++耳机类型:有线++有无麦克风:带麦++耳机售后服务:全国联保++插头直径:3.5mm++耳机插头类型:直插型++耳机输出音源:PC电脑++缆线长度:≥2.3M++耳机类别:普通耳机++品牌:danyin/电音++型号:DT', 37, 11, 16, 509),
('562308155128', '7号外设店H965游戏耳机头戴式电脑电竞耳麦克风重低音', 129, 'computer/peripherals/562308155128', 'yes', '套餐类型:官方标配++是否线控:是++颜色分类:黑色++佩戴方式:头戴护耳式++耳机类型:有线++有无麦克风:带麦++耳机售后服务:全国联保++插头直径:3.5mm++耳机插头类型:usb+3.5MM++耳机输出音源:PC电脑++耳机类别:主动降噪耳机游戏耳机++品牌:E－3LUE/宜博++型号:965', 13, 3, 34, 510),
('567787222284', '老徐外设店85006555游戏手机电脑吃鸡入耳式耳机带麦徐老师杂货铺', 99, 'computer/peripherals/567787222284', 'yes', '兼容平台:ANDROIDWindowsPhoneiOS++套餐类型:官方标配++是否线控:是++灵敏度:42dB/mW++耳机发声原理:动圈++适用音乐类型:通用++阻抗:16Ω++颜色分类:白色黑色++佩戴方式:入耳式++耳机类型:有线++有无麦克风:带麦++耳机售后服务:全国联保++插头直径:3.5mm++耳机插头类型:直插型++缆线长度:1.4米++耳机类别:游戏耳机手机线控耳机++品牌:other/其他++型号:E－3LUE/宜博EEP958', 74, 3, 49, 511),
('45672422828', '送显示器i7级六核/GTX1050Ti吃鸡电脑主机DIY组装机台式整机全套', 1588, 'computer/whole machine/45672422828', 'no', '品牌:Colorful/七彩虹++CPU系列:Intel/英特尔酷睿i7++CPU型号:X5550++主板结构:M-ATX++主板芯片组类型:IntelX58++显卡系列:GTX1050TI++显存容量:4GB++内存容量:4GBx2根16GB++硬盘类型:机械硬盘++硬盘容量:120GB270GB++机箱类型:中塔++电源功率:300W++电源80PLUS认证:不支持++散热方式:风冷++光驱类型:无光驱++声卡接口类型:其他++生产企业:塞博数码专营店++保修期:36个月', 100, 1, 60, 512),
('562625141894', '老七配件机布机布艺苹果手机X保护壳8简约7Plus防摔保护套亲肤', 78, 'phone/accessories/562625141894', 'yes', '保护套质地:布++颜色分类:五十度灰(X)六十度红(X)七十度黑(X)五十度灰(8P/7P)六十度红(8P/7P)七十度黑(8P/7P)五十度灰(8/7)六十度红(8/7)七十度黑(8/7)(8P尺寸开模，7P贴背膜不松)++风格:英伦++适用手机机型:Apple/苹果++型号:iPhoneX++品牌:老七贸易++型号:GiBoGi', 99, 6, 63, 513),
('37440398347', '得力823封箱器4.8CM胶带切割器封箱带切割器胶带打包器办公用品', 10, 'computer/office equipment/37440398347', 'no', '品牌:Deli/得力', 37, 4, 50, 514),
('542229986170', '西伯利亚k9电竞游戏耳机头戴式电脑7.1声道吃鸡耳麦台式带话筒', 139, 'entertainment/headset/542229986170', 'no', '产品名称：西伯利亚k9++保修期:12个月++兼容平台:ANDROIDWindowsPhone++套餐类型:官方标配++是否线控:否++灵敏度:106dB/mW++生产企业:东莞市德声实业有限公司++适用音乐类型:ACG动漫游戏控类型++阻抗:32Ω++频响范围:20-20000Hz++颜色分类:黑色（7.1声道）灰色(7.1声道)++佩戴方式:头戴护耳式++耳机类型:有线++有无麦克风:带麦++耳机售后服务:店铺三包++插头直径:USB++耳机插头类型:直插型++耳机输出音源:PC电脑++缆线长度:200+5%++耳机类别:游戏耳机++品牌:西伯利亚++型号:k9', 74, 11, 1, 515),
('570140704445', '三星s9+plus欧缔兰原装手机壳S8+毛绒面保护套全包防摔note8配件', 60, 'phone/accessories/570140704445', 'yes', '保护套质地:毛绒++款式:保护壳++颜色分类:5.8寸s9【黑色】5.8寸s9【红色】5.8寸s9【蓝色】5.8寸s9【灰色】6.2寸s9+plus【黑色】6.2寸s9+plus【红色】6.2寸s9+plus【蓝色】6.2寸s9+plus【灰色】5.8寸s8【黑色】5.8寸s8【灰色】5.8寸s8【蓝色】5.8寸s8【粉色】6.2寸s8+plus【黑色】6.2寸s8+plus【灰色】6.2寸s8+plus【蓝色】6.2寸s8+plus【粉色】note8【黑色】note8【黑灰色】note8【军绿色】note8【粉色】++风格:奢华++适用手机机型:Samsung/三星++三星型号:s9/s9+/S8/S8+/note8++品牌:Samsung/三星++型号:欧缔兰绒面手机壳', 93, 6, 54, 516),
('567444886542', '千幻ar眼镜6代虚拟现实游戏一体机vr智能3D吃鸡眼睛手机专用头盔', 168, 'smart device/smart glasses/567444886542', 'no', '上市时间:2018-3-28++兼容平台:ANDROIDBlackberryMIUISymbianWindowsMobileiOS++品牌:VRSHINECON++颜色分类:【AR原装6代】+影视版套餐【AR原装6代】+影视手柄套餐【AR原装6代】+单机小型游戏版【AR原装6代】+吃鸡大型手游版【AR原装6代】+科幻版套餐', 26, 15, 30, 517),
('526167711636', '数码摄像机高清专业家用旅游婚庆摄影dv录像机直播自拍美颜照相机', 358, 'photography/digital camera/526167711636', 'yes', '传输类型:有线传输++屏幕尺寸:3英寸++品牌:KOMERY++型号:FHD-K9++存储介质:闪存式DV++数码像素:2010万++成色:全新++颜色分类:黑色【触摸屏带遥控，质保3年】++自带容量:4GB及以下++感光元件:CMOS++屏幕尺寸:3++售后服务:店铺三包++套餐类型:官方标配套餐一套餐二套餐三套餐四套餐五++传感器尺寸:2/3英寸++防抖性能:双重防抖++是否触摸屏:触摸屏++是否支持夜摄功能:支持++重量:201g(含)-300g(含)++适用场景:家用++摄像机类型:专业摄像机++附加功能:摄像头功能', 57, 10, 50, 518),
('559370558427', 'GoProHERO6BLACK数码摄像机高清专业4k运动照相机水下gopro', 3397, 'photography/digital camera/559370558427', 'no', '产品名称：GoProHERO6BLACK++品牌:GoPro++型号:HERO6BLACK++存储介质:MicroSD卡++数码像素:800万以上++感光元件:CMOS++屏幕尺寸:2++传感器尺寸:0.393*0.393英寸++防抖性能:电子防抖++是否触摸屏:触摸屏++是否支持夜摄功能:支持++接口类型:USB-C++电池类型:锂电池', 89, 10, 43, 519),
('562990900839', '办公设备光敏印章机自动曝光激光电脑刻字雕刻刻印机曝光机通用', 475, 'computer/office equipment/562990900839', 'no', '品牌:见描述++型号:64115++最大进纸宽度:0.4m以下++最大刻刀压力:800g++最大刻绘宽度:0.4m以下++最快刻绘速度:1500mm/s以上', 13, 4, 38, 520),
('567925396518', '【89元限时特惠】天猫精灵方糖智能音箱蓝牙WiFi网络蓝牙音响', 89, 'entertainment/speakers/567925396518', 'no', '产品名称：天猫精灵方糖++供电方式:电源连接线++功能:语音互动，听歌听书,语音提示,遥控智能设备++品牌:天猫精灵++型号:方糖++套餐类型:官方标配++操作系统:AliGenie语音助手++生产企业:浙江天猫供应链管理有限公司++蓝牙版本:4.2++语言助手系统:AliGenie语音助手++音箱调节方式:按键|语音++颜色分类:白色红色++麦克风阵列:2++语言:简体中文++内容来源:蜻蜓fm', 77, 12, 33, 521),
('569103372600', '手机挂绳挂脖女款男吊绳子个性创意挂饰配件链钥匙手腕带宽u盘潮', 7, 'phone/accessories/569103372600', 'yes', '品牌:玄诺++型号:宽带挂绳++挂件颜色:潮牌宽绳-黑绳smile潮牌宽绳-黑绳黑白相间潮牌宽绳-黄绳笑脸潮牌宽绳-粉绳忙着赚钱潮牌宽绳-粉绳忙着可爱潮牌宽绳-粉绳笑脸潮牌宽绳-绿绳DF潮牌宽绳-黑绳十字潮牌宽绳-红绳三色脸怪潮牌宽绳-红绳发财狗潮牌宽绳-蓝绳小鸡潮牌宽绳-灰绳笑脸潮牌宽绳-灰黄挂绳潮牌宽绳-灰粉挂绳潮牌宽绳-黑绳小猪潮牌宽绳-红绳意中人潮牌宽绳-黄绳HO潮牌宽绳-黑绳BUTT潮牌宽绳-绿绳笑脸潮牌宽绳-红绳love潮牌宽绳-蓝绳kiss潮牌宽绳-蓝绳十字潮牌宽绳-黑绳彩字潮牌宽绳-黑绳小鸡++材质:其他++生产企业:华腾品塑胶模具制品厂++货号:潮牌挂绳', 84, 6, 6, 522),
('558672084354', '山水全民k歌神器手机麦克风通用无线蓝牙话筒家用唱歌吧音响一体', 89, 'entertainment/microphone/558672084354', 'no', '产品名称：Sansui/山水M56++使用方式:悬挂式++供电方式:可换电池++保修期:12个月++品牌:Sansui/山水++型号:M56++有无线:无线++生产企业:深圳市山水宏洋科技有限公司++颜色分类:玫瑰金土豪金中国红++麦克风类型:电容式++声道:2++适用对象:手机电脑++指向特征:心型指向++套餐名称:官方标配', 17, 13, 49, 523),
('556284106499', '冲量促销Canon/佳能单反EOS200D女生白色入门单反数码相机', 2898, 'photography/SLR/556284106499', 'yes', '产品名称:Canon/佳能EOS200D套机(18-55mm)++接口类型:佳能口++单反级别:入门级++是否支持机身防抖:机身不防抖++屏幕尺寸:3英寸++像素:2426万++储存介质:SD卡++成色:全新++电池类型:锂电池++售后服务:全国联保++颜色分类:国行白色18-55STM国行白色18-55STM+40mm双镜头国行黑色18-55STM国行黑色18-55STM+50MM1.8STM国行银色18-55STM国行黑色单机+腾龙18-200VC镜头国行黑色50MM1.8STM国行黑色单机带配件不带镜头港行黑色18-55STM港行黑色50MM1.8STM港行黑色单机+腾龙18-200VC镜头港行黑色18-55STM+50MM1.8STM日版白色18-55STM日版白色双套18-55STM+40MM日版白色单机不带镜头港版银色18-55STM++套餐:官方标配套餐一套餐二套餐三套餐四套餐五套餐六套餐七套餐八++单反画幅:APS-C画幅++感光元件类型:CMOS++对焦点数:9点++重量:401g(含)-500g(含)++取景器类型:光学取景器++是否支持外接闪光灯:支持++是否支持机身除尘:支持++是否支持机身马达:不支持++反光装置:五面镜++传感器尺寸:22.3mmx14.9mm++品牌:Canon/佳能++佳能单反系列:EOS200D套机(18-55mm)', 15, 7, 58, 524),
('566288701812', '曲面屏一体机电脑吃鸡游戏独显27寸家用i5i7台式主机整机迷你全套', 1548, 'computer/whole machine/566288701812', 'yes', 'CCC证书编号:2016010901884066++CPU类型:英特尔酷睿i5-8400++型号:八代酷睿i5-8400六核++产地:中国大陆++品牌:九极光++型号:KH20B++固态硬盘容量:120G++摄像头类型:无摄像头++显卡型号:GTX1050Ti++毛重:8kg++能效备案号:GB28380-2012++能效等级:一级++颜色分类:套餐一套餐二套餐三套餐四套餐五套餐六套餐七套餐八套餐九套餐十++屏幕尺寸:27英寸++适用品牌:Intel/英特尔++台机CPU型号:八代酷睿i5-8400六核++内存容量:8GB++内存类型:DDR3++硬盘容量:120GB++硬盘接口:SATA2++硬盘转速:ssd++显卡接口:其他/other++显卡类型:NVIDIAGeForceGTX1050Ti(Notebook)++型号:GTX1050Ti++显存容量:4GDDR5++芯片类型:GTX1050Ti++显示器类型:LED++光驱类型:DVD-ROM++声卡类型:6.1++操作系统:Windows7++成色:全新++售后服务:店铺三包++同城服务:同城买家上门自提++台式机类型:游戏发烧++是否触摸屏:非触摸屏', 100, 1, 79, 525),
('566966115533', 'Philips/飞利浦DLK38003直播设备全套全民K歌麦克风手机话筒神器声卡套装喊麦通用主播快手无线带电脑电容麦', 629, 'entertainment/microphone/566966115533', 'yes', '产品名称：Philips/飞利浦DLK38003++使用方式:手持++供电方式:内置锂电池++保修期:12个月++品牌:Philips/飞利浦++飞利浦型号:DLK38003++生产企业:沃科声（上海）商贸有限公司++颜色分类:湖水蓝钛金灰湖水蓝(主播力荐)畅销套餐钛金灰(主播力荐)畅销套餐蓝色麦+桌面支架+监听耳机+补光灯灰色麦+桌面支架+监听耳机+补光灯蓝色麦+落地k歌支架+监听耳机+补光灯灰色麦+落地k歌支架+监听耳机+补光灯蓝色麦+落地直播支架+监听耳机+补光灯灰色麦+落地直播支架+监听耳机+补光灯蓝色麦+落地直播支架+监听耳机+补光灯+便携铝箱灰色麦+落地直播支架+监听耳机+补光灯+便携铝箱++麦克风类型:电容式++声道:2++适用对象:手机电脑直播专用家用++指向特征:心型指向++套餐名称:官方标配', 8, 13, 92, 526),
('551619743077', '摩士奇8代vr眼镜4D头戴式一体机手机专用ar眼睛3D虚拟现实rv华为', 108, 'smart device/smart glasses/551619743077', 'no', '保修期:10年++兼容平台:ANDROIDBlackberryMIUISymbianWindowsMobileiOS百度云OS阿里巴巴云OS++品牌:MOSKII/摩士奇++型号:G04E++生产企业:东莞市千幻魔镜实业有限公司++颜色分类:【套餐一】-【高清镜片+送遥控+VR大礼包】-【畅玩版】【套餐二】-【蓝光护眼镜片+送遥控+VR大礼包】-【科幻版】【套餐三】-【蓝光护眼镜片+送游戏手柄+VR大礼包】-【梦幻版】【套餐四】-【纳米镀膜镜片+送王者手柄+VR大礼包】-【沉浸版】【套餐五】-【3层纳米镀膜+王者手柄+VR大礼包】-【炫幻版】【套餐六】-【3层纳米镀膜+王者手柄+AR枪+VR礼包】-【魔幻版】【套餐七】-【3层纳米镀膜+王者手柄+AR弓+VR礼包】-【虚幻版】【加购物车优先发货】【收藏宝贝优先发货】', 91, 15, 28, 527),
('541009664666', '小米Air12.513.3寸笔记本水晶保护壳电脑外壳贴纸配件散热支架', 38, 'computer/accessories/541009664666', 'yes', '炫彩贴颜色:12.5寸升级款带支架气质银13.3寸升级款带支架气质银12.5寸升级款带支架透明13.3寸升级款带支架透明12.5寸升级款带支架玫瑰金13.3寸升级款带支架玫瑰金++风格:简约', 100, 2, 31, 528),
('568019881971', '多腾智能机器人儿童伴读早教机语音对话高科技玩具小腾WiFi故事机', 398, 'smart device/smart robot/568019881971', 'yes', '保修期:12个月++兼容平台:ANDROIDiOS++品牌:多腾++型号:D9++型号:D6++尺寸:14x17x28cm++材质:PVC++生产企业:前海研创（深圳）物联科技有限公司++颜色分类:内存128M，有预存内容，一对一售后指导内存8G，有预存内容，一对一售后指导内存16G，有预存内容，一对一售后指导', 74, 16, 37, 529),
('563154830110', '言中家用手机远程监视摄像头无线高清套装wifi网络夜视视频监控器', 178, 'photography/video camera/563154830110', 'no', '内存容量:128GB16GB32GB64GB8GB++呈像颜色:彩色++品牌:言中++型号:YZ1026++智能类型:不支持智能++质保年限:2年++焦距:2.6mm++焦段:长焦++清晰度:960P1080p++感光面积:1/4英寸++同城服务:同城物流送货上门++有效距离:0m(不含)-10m(不含)++镜头大小规格:8mm', 50, 9, 36, 530),
('555960509249', 'macbook苹果笔记本pro13寸电脑air13.3保护壳Mac12外壳15寸套配件', 56, 'computer/accessories/555960509249', 'yes', '品牌:倍晶++炫彩贴颜色:窈窕淑女+透明键膜清雅大理石纹+透明键膜玉兰花开+透明键膜水墨艺术+透明键膜白色大理石纹+透明键膜喜马拉雅+透明键膜水墨粉彩+透明键膜炫彩人生+透明键膜深空木纹+透明键膜窈窕淑女+清雅灰透光键膜清雅大理石石纹+清雅灰透光键膜玉兰花开+宁静蓝透光键膜水墨艺术+宁静蓝透光键膜白色大理石纹+清雅灰透光键膜喜马拉雅+黑色透光键膜水墨粉彩+透光宁静蓝键膜炫彩人生+透光宁静蓝键膜深空木纹+透光深空灰键膜白色蒲公英+透光清雅灰键膜单身狗+透光黑色键膜++生产企业:深圳市驱宇科技有限公司++风格:中国风', 100, 2, 68, 531),
('554878554299', '麦咭智能机器人早教语音互动对话学习故事机金鹰卡通儿童麦吉玩具', 749, 'smart device/smart robot/554878554299', 'no', '保修期:12个月++兼容平台:ANDROIDiOS++品牌:麦咭++型号:MJ001++型号:MJ001++尺寸:14x14x23cm++材质:PVC++生产企业:福建麦凯智造婴童文化股份有限公司++颜色分类:送50g云端资源包+超值赠品套餐+专业技术指导', 80, 16, 10, 532),
('557156077822', 'Meizu/魅族魅蓝Note6双摄大屏幕大电池note5升级款学生智能手机', 899, 'phone/phone/557156077822', 'no', '证书编号：2017011606986361++证书状态：有效++产品名称：TD-LTE数字移动电话机++3C规格型号：M721Q(USB电源适配器：UP0830S输出:5.0VDC3A/8VDC3A/12...++产品名称：Meizu/魅族魅蓝Note6++CPU型号:骁龙625++魅族型号:魅蓝Note6++机身颜色:香槟金皓月银曜石黑孔雀青++运行内存RAM:3GB,4GB++存储容量:4GB+32GB32GB64GB++网络模式:双卡双待', 47, 5, 43, 533),
('537819991243', 'Nikon/尼康D3400套机18-55镜头单反相机入门级高清数码旅游照相机', 2599, 'photography/SLR/537819991243', 'no', '产品名称：Nikon/尼康D340018-55...++单反级别:入门级++屏幕尺寸:3英寸++像素:2416万++储存介质:SD卡++电池类型:锂电池++单反画幅:APS-C画幅++感光元件类型:CMOS++对焦点数:11点++是否支持外接闪光灯:支持++是否支持机身除尘:不支持++是否支持机身马达:不支持++传感器尺寸:23.5mmx15.6mm++品牌:Nikon/尼康++曝光模式:快门优先++影像处理类型:EXPEED4', 4, 7, 30, 534),
('570092651888', '吃鸡游戏耳机入耳式耳麦手机专用神器绝地求生听声辩位电竞通用女', 89, 'entertainment/headset/570092651888', 'no', '上市时间:2018-05-10++兼容平台:ANDROIDWindowsPhoneiOS++套餐类型:官方标配++是否线控:是++耳机发声原理:动圈++适用音乐类型:通用++阻抗:18Ω++频响范围:20-20000Hz++颜色分类:官方标配黑红色官方标配黑红色+苹果转接线++佩戴方式:入耳式++耳机类型:有线++有无麦克风:带麦++耳机售后服务:店铺三包++插头直径:其他++耳机插头类型:直插型++耳机输出音源:通讯设备++缆线长度:1.2M++耳机类别:安卓线控耳机手机线控耳机++品牌:Remax++型号:CJ101++防水性能:不支持防水++功能:主动降噪功能(ActiveNoiseCanceling)++防尘性能:IP3X++耳机左右腔体间连接方式:有线连接++耳机与播放设备连接方式:有线连接', 42, 11, 72, 535),
('560340515369', '花呗分期佳能EOS800D18-55mm套机入门单反相机高清数码', 3568, 'photography/SLR/560340515369', 'no', '是否支持机身防抖:机身不防抖++屏幕尺寸:3英寸及以上++像素:2410万++储存介质:SD卡++成色:全新++电池类型:锂电池++售后服务:店铺三包++颜色分类:国行800D（18-55STM）国行800D（18-135STM）国行800D（50mm1.8STM）国行800D（18-55+55-250）国行800D（腾龙18-200vc）国行800D单机标配港版800D（18-55STM）港版800D（18-135STM）港版800D（50mm1.8STM）港版800D（18-55+55-250）港版800D（腾龙18-200vc）港版800D单机标配++套餐:官方标配套餐一套餐二套餐三套餐四套餐五套餐六套餐七套餐八++单反画幅:APS画幅++感光元件类型:CMOS++是否支持机身除尘:支持++是否支持机身马达:不支持++传感器尺寸:22.3mmx14.9mm++品牌:Canon/佳能++佳能单反系列:EOS800D', 42, 7, 76, 536),
('558041656103', '昂台曲面屏一体机电脑新品台式主机全套家用游戏独显27英寸i5高配', 1599, 'computer/whole machine/558041656103', 'yes', '证书编号：2017010901937622++证书状态：有效++产品名称：一体机电脑++3C规格型号：AP23XXPYY(XX表示A-Za-z0-9或空格和横杠，YY表示0-9，P代表不同销售区域和...++产品名称：ONTAI/昂台AP23A-Q24++型号:AP23A-Q24++内存容量:4GB++内存类型:DDR3++硬盘容量:120GB++显卡类型:核芯显卡++型号:HDGraphics++显示器类型:LED++操作系统:其他/other', 100, 1, 7, 537),
('527989506701', '新盟机械蛇有线鼠标游戏电竞笔记本电脑加重宏编程网吧外设cflol', 39, 'computer/peripherals/527989506701', 'no', '产品名称：Technology/新盟XM-M32...++保修期:12个月++品牌:Technology/新盟++型号:XM-M326++套餐类型:官方标配++生产企业:深圳市福彩鑫电子有限公司++颜色分类:黑色(基础版)白色(基础版)黑色(加强版带宏编程)白色(加强版带宏编程)++工作方式:光电++接口类型:USB++按键数:6个++光学分辨率:4000dpi++是否支持人体工程学:支持++成色:全新++售后服务:全国联保', 56, 3, 71, 538),
('567544638526', '微型摄像头监控器高清套装家用夜视手机wifi远程无线网络摄像机', 238, 'photography/video camera/567544638526', 'no', '呈像颜色:黑白++品牌:警视卫++型号:M1++智能类型:其他++质保年限:2年++焦段:标准++感光面积:1/3英寸++同城服务:同城物流送货上门++有效距离:10(含)-30m(不含)++镜头大小规格:3.6mm', 23, 9, 44, 539),
('558487329326', '富士通vr眼镜vr一体机智能眼镜头盔2k游戏机3d虚拟现实ar影院wifi', 757, 'smart device/smart glasses/558487329326', 'no', '保修期:12个月++品牌:Fujitsu/富士通++型号:FV208++生产企业:富士通++颜色分类:套餐一主机+礼包+U盘(拍下发顺丰）套餐二主机+礼包+飞利浦指环扣(拍下发顺丰）套餐三主机+礼包+蓝牙耳机(拍下发顺丰）套餐四主机+礼包+蓝牙音箱(拍下发顺丰）套餐五主机+礼包+飞利浦充电宝(拍下发顺丰）套餐六主机+礼包+飞利浦耳机(拍下发顺丰）官方标配(拍下发顺丰）', 45, 15, 57, 540),
('563935223849', '山狗A8运动相机微型摄像机迷你高清4K潜水录像DV水下照相机', 399, 'photography/video camera/563935223849', 'yes', '产品名称：山狗A8++品牌:山狗++型号:A8++存储介质:闪存式DV++数码像素:2010万++感光元件:CMOS++屏幕尺寸:2++传感器尺寸:1/3英寸++防抖性能:电子防抖++是否触摸屏:非触摸屏++摄像机类型:4K摄像机++接口类型:HDMIUSB++电池类型:锂电池', 75, 9, 58, 541);
INSERT INTO `itcast_goods` (`gid`, `gname`, `price`, `thumb`, `status`, `description`, `stock`, `cid`, `sales`, `turn`) VALUES
('560464556693', '苹果电脑macbookpro转换器type-c扩展拓展坞USB转接头笔记本配件', 76, 'computer/accessories/560464556693', 'no', '品牌:泰克森++接口性质:USB扩展HUB++生产企业:宁波市鄞州索酷电子科技有限公司++长度:0.26m++颜色分类:USB3.0×4-银-不充电USB3.0×2+充电-银USB3.0×2+充电-金USB3.0×2+充电-玫瑰金USB×3+HDMI-银-不充电USB×3+HDMI-金-不充电USB×3+HDMI-灰-不充电USB×2+HDMI+充电-银USB×2+HDMI+充电-玫瑰金USB×2+HDMI+充电-灰USB×2+HDMI+充电-金USB3.0×2+读卡+充电-金USB3.0×2+读卡+充电-灰USB3.0×2+读卡+充电-银USB3.0×2+读卡+充电-玫瑰金USB3.0×3+读卡-不充电-金USB3.0×3+读卡-不充电-灰USB3.0×3+读卡-不充电-银USB3.0×3+读卡-不充电-玫瑰金USB×3+VGA+HDMI/4K不充电-银USB×3+VGA+HDMI/4K不充电-黑++是否外接电源:无外接电源++货号:Type-C转换器', 100, 2, 42, 542),
('567722874780', '智能手环多功能二合一蓝牙耳机苹果vivo华为OPPO男女运动通话手表', 248, 'smart device/smart bracelet/567722874780', 'yes', '上市时间:2018-01-01++保修期:36个月++兼容平台:ANDROIDiOS++功能:拍照智能提醒睡眠监测社交娱乐蓝牙通话计步遥控自拍防水++品牌:俊翼++型号:M8升级版++生产企业:深圳市美旭通科技有限公司++颜色分类:一体式扩音版（经典黑）一体式扩音版（极光银）分离式耳机版（经典黑）分离式耳机版（香槟金）分离式耳机版（极光银）++适用对象:android平台苹果iOS平台++无线距离:5m(含)-10m(含)', 88, 14, 20, 543),
('556158083669', '【1049起】Xiaomi/小米小米5X小米64G现货免息小米手机5X旗舰店', 1049, 'phone/phone/556158083669', 'yes', '证书编号：2017011606935410++证书状态：有效++产品名称：TD-LTE数字移动电话机++3C规格型号：MAE136（电源适配器：MDY-08-EV输出：5VDC2.0A）++产品名称：Xiaomi/小米小米5X++CPU型号:骁龙625++型号:小米5X++机身颜色:玫瑰金移动4G+版黑色移动4G+版金色红色黑色金色++运行内存RAM:4GB++存储容量:32GB64GB++网络模式:双卡多模', 78, 5, 62, 544),
('569365630979', '儿童人工智能机器人玩具语音对话早教男孩学习小胖高科技遥控教育', 798, 'smart device/smart robot/569365630979', 'yes', '证书编号：2017010805957791++证书状态：有效++产品名称：故事机（带音视频播放及存储功能）++3C规格型号：A1、A2、A3、A5、A6、A7、A8、A9、A10、A11、K1、K2、K3、K5、K6、K7、...++产地:中国大陆++品牌:可兰薇++型号:A1++玩具类型:塑胶玩具++货号:A1++适用年龄段:<14岁++遥控方式:声控++颜色分类:蓝色16G（送双话筒）粉色16G（送双话筒）蓝色32G（送双话筒）粉色32G（送双话筒）++适用年龄:2岁3岁4岁5岁6岁7岁8岁9岁10岁11岁12岁++套餐类型:官方标配++材质:塑料++是否有导购视频:无++是否含遥控:不含', 46, 16, 65, 545),
('569144471243', '国行联保Canon/佳能PowerShotSX720HS数码相机高清旅游长焦卡片机', 1750, 'photography/digital camera/569144471243', 'no', '产品名称:Canon/佳能PowerShotSX720HS++品牌:Canon/佳能++型号:PowerShotSX720HS++感光元件类型:CMOS++传感器尺寸:1/2.3英寸++特殊功能:光学防抖高清摄像++像素:2100万及以上++光学变焦:40倍++成色:全新++显示屏尺寸:3英寸++电池类型:锂电池++售后服务:全国联保++颜色分类:国行SX720黑色【联保带发票】国行SX720红色【联保带发票】++套餐:官方标配套餐一套餐二套餐三套餐四套餐五套餐六++屏幕类型:普屏++有效像素:2000万以上++防抖性能:光学防抖++高清摄像:全高清（1920x1080）++镜头类型:伸缩式++适用场景:轻薄时尚++重量:101g(含)-150g(含)', 98, 10, 19, 546),
('568478504023', '新款空调家用除尘器修鼓风机办公设备吹风吹吸两用电吹六档修', 63, 'computer/office equipment/568478504023', 'no', '品牌:见描述++型号:见描述h++颜色分类:蓝色900w不可调速蓝色900w不可调速（12件礼）黄色900w不可调速（12件礼）黄色1000W6档调速（20件礼）蓝色1200W6档调速（20件礼）黄色1800W6档调速（26件礼）', 63, 4, 66, 547),
('565101131008', '未来小七智能对话机器人儿童人工智能教育学习机器人玩具正品WiFi', 628, 'smart device/smart robot/565101131008', 'no', '保修期:12个月++兼容平台:ANDROIDiOS++品牌:未来小七++型号:未来小七++型号:未来小七++尺寸:18x16x15cm++材质:硅胶++生产企业:深圳市未来人工智能科技有限公司++颜色分类:蓝色微信粉红色微信版黄色微信蓝色微信版粉红色微信', 83, 16, 60, 548),
('530738094341', '【最高优惠100】Huawei/华为B3智能运动健康计步手环蓝牙通话', 899, 'smart device/smart bracelet/530738094341', 'yes', '保修期:12个月++兼容平台:ANDROID++功能:智能提醒睡眠监测蓝牙通话计步防水++品牌:Huawei/华为++品名:B3++生产企业:歌尔股份有限公司++颜色分类:商务版-静谧蓝运动款-韵律黑商务版-摩卡棕++适用对象:android平台苹果iOS平台++无线距离:蓝牙最大连接距离10m', 97, 14, 85, 549),
('566086018489', '【领券减20】vivoY69全网通4G大屏指纹智能正品手机vivoy69', 999, 'phone/phone/566086018489', 'yes', '证书编号：2017011606989056++证书状态：有效++产品名称：TD-LTE数字移动电话机++3C规格型号：vivoY69A（充电器：BBK-08ADUCNBK0624HKC0085016-1C输出：...++产品名称：vivoY69++CPU型号:MT6750++型号:Y69++机身颜色:磨砂黑金色++运行内存RAM:3GB++存储容量:3G+32G++网络模式:双卡双待', 88, 5, 78, 550),
('563596072930', '蒸汽复古朋克机械键盘黑轴青轴笔记本吃鸡游戏电脑有线MISS外设店', 109, 'computer/peripherals/563596072930', 'yes', '产品名称：狼途G100++保修期:12个月++品牌:狼途++型号:G100++套餐类型:官方标配++是否机械键盘:机械键盘++生产企业:狼途++颜色分类:黑色混光青轴白色混光青轴黑色混光黑轴黑色混光青轴-朋克版白色混光青轴-朋克版黑底混光青轴-水晶朋克版白色混光青轴-水晶朋克版黑色混光青轴朋克电镀版黑色混光黑轴朋克电镀版白色混光青轴朋克电镀版白色混光黑轴朋克电镀版++是否支持即插即用:支持++连接方式:有线++是否有多媒体功能键:有++接口类型:USB++是否支持人体工程学:支持++售后服务:全国联保', 44, 3, 74, 551),
('562931833132', '罗技G罗技G633游戏耳机电竞有线头戴式7.1耳麦绝地求生吃鸡', 699, 'entertainment/headset/562931833132', 'yes', '产品名称：罗技G罗技G633++保修期:24个月++兼容平台:ANDROIDWindowsPhoneiOS++套餐类型:官方标配++是否线控:是++灵敏度:107dB/mW++生产企业:罗技（苏州）科技有限公司++适用音乐类型:ACG动漫游戏控类型++阻抗:32Ω++频响范围:20-20Hz++颜色分类:罗技G633G633+G610青轴+G502G633+G610红轴+G502G633+G610茶轴+G502G633+G910+G502G633+G102黑色罗技G633+游戏大桌垫G633+G502G633G633+小垫++佩戴方式:头戴护耳式++耳机类型:有线++有无麦克风:带麦++插头直径:USB++耳机插头类型:USB++耳机输出音源:PC电脑++耳机类别:游戏耳机++品牌:罗技G++型号:罗技G633', 25, 11, 9, 552),
('41249677927', 'ZKTECO/中控智慧iface10305070系列考勤机办公设备后备锂电池', 100, 'computer/office equipment/41249677927', 'no', '品牌:Zkteco++生产企业:中控智慧', 66, 4, 64, 553),
('569478912560', '智能手环华为小米通用大彩屏运动测心率血压防水计步器男睡眠手表', 158, 'smart device/smart bracelet/569478912560', 'yes', '上市时间:2018-05-01++保修期:36个月++兼容平台:ANDROIDMIUIiOS百度云OS阿里巴巴云OS++功能:心率监测智能提醒睡眠监测计步遥控自拍防水++品牌:欧泽++型号:sp008++生产企业:欧泽++颜色分类:商务金深蓝银睿智黑++无线距离:10m及以上', 34, 14, 35, 554),
('554559317419', '雅兰仕F1全民k歌神器手机麦克风话筒直播设备全套全名唱歌带声卡套装喊麦电容迷你安卓vivo苹果oppo通用专用', 70, 'entertainment/microphone/554559317419', 'no', '产品名称：EARISE/雅兰仕F1++使用方式:支撑式++供电方式:内置锂电池++保修期:12个月++品牌:EARISE/雅兰仕++型号:F1++有无线:有线++生产企业:东莞市美之尊电子科技有限公司++颜色分类:玫瑰金【双手机直播,送耳机+防喷绵X3】土豪金【双手机直播,送耳机+防喷绵X3】铅灰色【双手机直播,送耳机+防喷绵X3】中国红【双手机直播,送耳机+防喷绵X3】可爱粉【双手机直播,送耳机+防喷绵X3】冰晶蓝【双手机直播,送耳机+防喷绵X3】玫瑰金【双手机直播,送耳机+防喷绵X3+支架】土豪金【双手机直播,送耳机+防喷绵X3+支架】铅灰色【双手机直播,送耳机+防喷绵X3+支架】中国红【双手机直播,送耳机+防喷绵X3+支架】可爱粉【双手机直播,送耳机+防喷绵X3+支架】冰晶蓝【双手机直播,送耳机+防喷绵X3+支架】玫瑰金【双手机直播,送耳机+防喷绵X3+K歌支架】土豪金【双手机直播,送耳机+防喷绵X3+K歌支架】铅灰色【双手机直播,送耳机+防喷绵X3+K歌支架】冰晶蓝【双手机直播,送耳机+防喷绵X3+K歌支架】中国红【双手机直播,送耳机+防喷绵X3+K歌支架】可爱粉【双手机直播,送耳机+防喷绵X3+K歌支架】++麦克风类型:手机K歌麦克风++声道:2++适用对象:手机++指向特征:全指向/无指向++套餐名称:官方标配', 20, 13, 66, 555),
('43147084410', '1MORE/万魔1more活塞耳机入耳式小米苹果手机通用耳麦线控重低音', 99, 'entertainment/headset/43147084410', 'yes', '产品名称：1MORE/万魔1more活塞耳机...++保修期:12个月++兼容平台:ANDROIDiOS++套餐类型:官方标配++是否线控:是++灵敏度:97dB/mW++生产企业:加一万摩声学科技（深圳）有限公司++耳机发声原理:动圈++适用音乐类型:人声女声流行风类型++阻抗:32Ω++频响范围:20-20000Hz++颜色分类:星空钛白金色++佩戴方式:入耳式++耳机类型:有线++有无麦克风:带麦++耳机售后服务:全国联保++插头直径:3.5mm++耳机插头类型:直插型++耳机输出音源:随身视听++缆线长度:1.2M++耳机类别:普通耳机手机线控耳机++品牌:1MORE/万魔++型号:1more活塞耳机入耳式++耳机左右腔体间连接方式:有线连接++耳机与播放设备连接方式:有线连接', 9, 11, 5, 556),
('566911983229', 'vr眼镜3d虚拟现实头戴式六代手机游戏头盔智能眼睛苹果一体机ar', 108, 'smart device/smart glasses/566911983229', 'no', '保修期:12个月++兼容平台:ANDROIDBlackberryMIUISymbianWindowsMobileiOS百度云OS阿里巴巴云OS++品牌:VRSHINECON++型号:六代++生产企业:东莞市千幻魔镜实业有限公司++颜色分类:【视听一体-可拆卸式耳机】【非遥控-VR大礼包】【影视版】【视听一体-可拆卸式耳机】【送遥控-VR大礼包】【畅玩版】【视听一体-可拆卸式耳机】【送遥控-VR大礼包】【沉浸版】【视听一体-可拆卸式耳机】【送游戏手柄-VR大礼包】【科幻版】【视听一体-可拆卸式耳机】【送游戏手柄-VR大礼包】【酷炫版】【视听一体-可拆卸式耳机】【送游戏手柄-VR大礼包】【虚幻版】【视听一体-可拆卸式耳机】【送游戏手柄-VR大礼包】【魔幻版】', 22, 15, 35, 557),
('532012389820', '华为B3智能运动手环男手表女蓝牙耳机通话电话多功能荣耀腕带苹果', 899, 'smart device/smart bracelet/532012389820', 'no', '保修期:12个月++兼容平台:ANDROID++功能:智能提醒睡眠监测蓝牙通话计步遥控自拍防水++品牌:Huawei/华为++品名:华为智能手环B3++生产企业:华为技术有限公司++颜色分类:韵律黑+全国包邮全国联保下单送礼包商务版摩卡棕全国包邮全国联保下单送礼包摩卡棕+土豪金刚表带（定制版）全国联保下单送礼包商务版静谧蓝全国包邮全国联保下单送礼包【稀缺现货】商务版浅沙棕全国联保下单送礼包悦动白全国联保下单送礼包日常时尚版钛金灰全国包邮全国联保下单送礼包静谧蓝+土豪金刚表带（定制版）全国联保下单送礼包运动黑+时尚黑钢表带（定制版）全国联保下单送礼包++适用对象:android平台苹果iOS平台++无线距离:10m及以上', 64, 14, 68, 558),
('534311535852', 'GUSGU懒人手机支架手机通用指环创意卡扣粘贴式全金属卡通配件', 15, 'phone/accessories/534311535852', 'no', '品牌:GUSGU/古尚古++适用场景:桌面++颜色分类:极光银【金属升级版小熊指环支架】玫瑰金【金属升级版小熊指环支架】土豪金【金属升级版小熊指环支架】++货号:金属指环支架小熊', 99, 6, 50, 559),
('567332753408', '【618狂欢】华为honor/荣耀荣耀10智能拍照AI商务手机官方旗舰店', 2599, 'phone/phone/567332753408', 'yes', '证书编号：2018011606057572++证书状态：有效++产品名称：TD-LTE数字移动电话机++3C规格型号：COL-AL10（电源适配器：HW-050450C00，输出：5VDC2A，5VDC4.5A...++产品名称：honor/荣耀荣耀10++型号:荣耀10++机身颜色:海鸥灰幻夜黑幻影蓝幻影紫++运行内存RAM:6G++存储容量:6+64GB6+128GB++网络模式:双卡双待', 40, 5, 74, 560),
('566939490218', '米蕉运动智能手环蓝牙耳机二合一可通话小米vivo手表华为苹果OPPO', 218, 'smart device/smart bracelet/566939490218', 'yes', '上市时间:2018-03-31++保修期:12个月++兼容平台:ANDROIDiOS++功能:智能提醒睡眠监测蓝牙通话计步++品牌:米蕉++型号:X3-2.0++生产企业:米蕉数码科技++颜色分类:炫酷黑皓月银土豪金++适用对象:android平台苹果iOS平台', 34, 14, 63, 561),
('19005449325', '特价炫歌I5标准版数码传真机全新无纸办公设备USB传真猫脱机接收', 295, 'computer/office equipment/19005449325', 'no', '产地:亚太++品牌:炫歌++型号:XG-I5++款式:桌上型++能效等级:无++产品定位:办公++适用对象:普通纸++售后服务:全国联保++传真机类型:激光++传真机传输速度:18秒/页', 97, 4, 46, 562),
('569696881030', 'vr眼镜4d虚拟现实智能手机游戏3d电影通用ar头戴式rv眼睛专用头盔', 148, 'smart device/smart glasses/569696881030', 'no', '兼容平台:ANDROIDBlackberryMIUISymbianWindowsMobileiOS百度云OS阿里巴巴云OS++品牌:千幻魔镜++颜色分类:【送VR礼包】高清标准版【送遥控】蓝光影视版【送王者手柄】蓝光游戏版【送王者手柄AR枪】纳米尊享版', 31, 15, 9, 563),
('538809256520', '小米手环2二代防水智能运动手表3男女跑步心率记计步器腕带苹果', 129, 'smart device/smart bracelet/538809256520', 'yes', '保修期:12个月++兼容平台:ANDROID++功能:心率监测智能提醒睡眠监测社交娱乐计步防水++品牌:Xiaomi/小米++型号:小米手环++生产企业:安徽华米信息科技有限公司++颜色分类:1+黑白腕+蓝白腕+银金属腕+金色金属腕+黑皮腕2+白皮腕+红皮腕现货标配小米手环3小米手环三+备用充电线567现货89+蓝腕+白腕+黑金属腕10+臂包1112+军绿白腕+橙腕+黑腕+棕皮腕+粉腕+黑红腕13141516+红白腕1718192021222324252627282930现货顺丰313233343536373839纽扣雕刻主体雕刻主体+纽扣雕刻40++适用对象:android平台苹果iOS平台++无线距离:5m(含)-10m(含)', 26, 14, 11, 564),
('549869792542', '机器人玩具智能对话男孩会跳舞机械战警儿童早教电动遥控机器人', 138, 'smart device/smart robot/549869792542', 'yes', '证书编号：2014152202010845++证书状态：有效++申请人名称：汕头市澄海区振成塑料玩具厂++制造商名称：汕头市澄海区振成塑料玩具厂++产品名称：产品类别：电动玩具++3C产品型号：遥控对战玩具：333-VS01、333-VS02、333-VS03、333-VS04、333-VS0...++3C规格型号：遥控对战玩具：333-VS01、333-VS02、333-VS03、333-VS04、333-VS0...++产地:中国大陆++品牌:JJR／C++型号:333-VS12++玩具类型:电玩具++货号:机甲战警++适用年龄段:<14岁++遥控方式:手柄++颜色分类:超大号机甲战警【蓝色】超大号机甲战警【橘色】升级版超大号可感应可触摸可遥控三重操作凯迪威尔【蓝色】升级版超大号可感应可触摸可遥控三重操作凯迪威尔【红色】++适用年龄:3岁4岁5岁6岁7岁8岁9岁10岁11岁12岁13岁14岁14岁以上++套餐类型:收藏和加购物车享受优先发货，30天无理由退换货官方标配26项功能充电版+收藏加购送遥控器电池+螺丝刀+一年保修含2组电池26项功能充电版+收藏加购送遥控器电池+螺丝刀+1年保修++材质:塑料++是否有导购视频:有++是否含遥控:含', 93, 16, 46, 565),
('558233586433', '森然（家电）播吧二代声卡套装手机喊麦通用麦克风直播设备全套', 598, 'entertainment/microphone/558233586433', 'yes', '产品名称：森然（家电）播吧二代++使用方式:悬挂式++供电方式:外接供电++保修期:12个月++品牌:森然（家电）++型号:播吧二代++有无线:有线++生产企业:深圳市超越自然多媒体有限公司++颜色分类:森然播吧二代电音版（中国红）森然播吧二代电音版（神秘黑）全能级套装红色棒棒糖+二代声卡套餐创作级套装播音BOYI+二代声卡套餐实力派套装SR-9PRO+二代声卡套装动圈喊麦套装SR-7PRO+二代声卡套餐森然黑炮多特效多音效大振膜麦克风通用级套装播乐+二代声卡套装导师级套装播麦BOMIC+二代声卡套装甜美女生套装SR-7SOLO+二代声卡套餐磁性声线套装SR-7V+二代声卡套餐棒棒糖（灰色）+二代声卡套装棒棒糖（黑色）+二代声卡套装歌手级套装播吧二代+GD麦克风（朱砂黑）歌手级套装播吧二代+GD麦克风（朱砂银）++麦克风类型:电容式++声道:2++适用对象:手机++套餐名称:套餐一', 49, 13, 76, 566),
('533667025455', 'ROCK苹果红外遥控器6手机防尘塞发射器头iPhone配件空调遥控精灵', 20, 'phone/accessories/533667025455', 'no', '品牌:ROCK/洛克++生产企业:深圳市仁清科技有限公司++颜色分类:【易控1代】白色【苹果专用】【遥控距离5~10米】【易控2代】白色【苹果专用】【遥控距离8~15米】【易控2代】粉色【苹果专用】【遥控距离8~15米】++材质:合金++适用对象:3.5MM耳机插孔', 45, 6, 12, 567),
('561148508434', '现货新品索尼ILCE-7RIIIA7RM3A7R3全画幅微单相机机身', 15500, 'photography/micro-camera/561148508434', 'yes', '产品名称:Sony/索尼ILCE-7RM3++传输类型:NFC传输++单反画幅:全画幅++屏幕尺寸:3英寸++级别:高级++品牌:Sony/索尼++索尼单电系列:ILCE-7RM3++像素:约4240万++显示屏类型:触摸屏++液晶屏尺寸:3.0英寸++颜色分类:旗舰ILCE-7RM3国行单机身送豪礼A7RM3+(蔡司55F1.8)国行套机A7RM3+(蔡司24-70F4)国行套机A7RM3+(蔡司16-35F4)国行套机A7RM3+(24-240)国行套机A7RM3+(蔡司35F1.4)国行套机A7RM3+(24-70F2.8大师)国行套机A7RM3+(16-35F2.8大师)国行套机A7RM3+(85F1.4大师)国行套机A7RM3+(24-105G国行)国行套机A7RM3+全画幅老蛙超广角12F2.8A7RM3裸机身(不含标配附件)预售A7RM3+适马MC11+适马24-70F2.8A7RM3+适马E50F1.4国行套机A7RM3+适马E85F1.4国行套机++成色:全新++售后服务:全国联保++套餐类型:官方标配套餐一套餐二套餐三套餐四套餐五套餐六套餐七++单电套装类型:机身++传感器尺寸:35mm全画幅++感光元件类型:CMOS++重量:601g(含)-700g(含)', 94, 8, 75, 568),
('564336193447', '苹果电脑macbookpro保护壳air笔记本13寸13.3外壳15套12配件mac', 43, 'computer/accessories/564336193447', 'no', '品牌:BESTCHOI/贝思·乔++炫彩贴颜色:透明滢+透光键盘膜睿智黑+透光键盘膜蔷薇粉+透光键盘膜酒红色+透光键盘膜军绿色+透光键盘膜樱花粉+透光键盘膜天青蓝+透光键盘膜透明滢-同色键盘膜睿智黑-同色键盘膜蔷薇粉-同色键盘膜酒红色-同色键盘膜军绿色-同色键盘膜樱花粉-同色键盘膜天青蓝-同色键盘膜蔷薇粉-快捷功能键盘膜下订单留言型号！不支持带光驱Pro（A1278和A1286）【选项勿拍】++生产企业:深圳儒商科技发展有限公司++风格:简约', 100, 2, 66, 569),
('546304461331', 'Polaroid/宝丽来立拍立得相机SNAPTOUCH相纸数码像机一次成像', 1399, 'photography/digital camera/546304461331', 'yes', '产品名称：Polaroid/宝丽来SNAPTOU...++保修期:12个月++品牌:Polaroid/宝丽来++型号:SNAPTOUCH++套餐类型:官方标配套餐一套餐二套餐三套餐四套餐五++生产企业:C&AMarketing,Inc++颜色分类:粉色白色红色紫色蓝色黑色++有无闪光灯:有++相纸尺寸:3寸++图像尺寸:3寸', 66, 10, 74, 570),
('552567738711', 'dido智能手环测心率血压男女防水运动手表oppo健康华为记计步器适用小米3代苹果通用', 199, 'smart device/smart bracelet/552567738711', 'yes', '保修期:12个月++兼容平台:ANDROID++功能:心率监测智能提醒睡眠监测社交娱乐计步防水++品牌:DiDo++型号:F9++生产企业:第一度科技有限公司++颜色分类:琥珀青象牙白深湖蓝睿智黑罗兰紫玫瑰粉++适用对象:android平台苹果iOS平台++无线距离:5m(含)-10m(含)', 22, 14, 86, 571),
('566046384901', '爱国者有线键盘台式笔记本电脑外设家用办公游戏电竞吃鸡USB键盘', 30, 'computer/peripherals/566046384901', 'no', '产品名称：Aigo/爱国者w910++保修期:36个月++品牌:Aigo/爱国者++爱国者型号:w910++套餐类型:官方标配++是否机械键盘:非机械键盘++生产企业:上海华旗讯拓国际贸易有限公司++颜色分类:黑色休闲版圆口（台式机专用）商务版usb口（通用型）商务版圆口（台式机专用）++是否支持即插即用:支持++连接方式:有线++是否有多媒体功能键:无++接口类型:USBPS/2++是否支持人体工程学:支持++有无手托:有++成色:全新++售后服务:店铺三包', 48, 3, 86, 572),
('14244592178', '百嘉装订机打孔2013全自动BJ-5000办公设备新品特价热卖', 1300, 'computer/office equipment/14244592178', 'yes', '装订机品牌:百嘉装订机++型号:BJ-5000', 52, 4, 37, 573),
('551045443642', 'Pico小怪兽vr眼镜一体机头戴式虚拟现实3d游戏4k电影ar头盔眼睛', 1749, 'smart device/smart glasses/551045443642', 'no', '保修期:12个月++兼容平台:ANDROID++品牌:Pico/小鸟看看++型号:pico小怪兽vr一体机++屏幕类型:2.5K++生产企业:歌尔股份有限公司++芯片品牌:高通++颜色分类:PICO小怪兽vr一体机游戏套装【支持7天无理由退货】12期免息PICO小怪兽vr一体机标配版【支持7天无理由退货】12期免息', 98, 15, 100, 574),
('560942203557', '现货新品索尼ILCE-7RIIIA7RM3A7R3全幅微单相机机身', 17561, 'photography/micro-camera/560942203557', 'no', '产品名称:Sony/索尼ILCE-7RM3++传输类型:NFC传输++单反画幅:全画幅++屏幕尺寸:3英寸++级别:高级++品牌:Sony/索尼++索尼单电系列:ILCE-7RM3++像素:约4240万++显示屏类型:触摸屏++液晶屏尺寸:3.0英寸++颜色分类:现货新品国行A7R3机身国行A7R3+16-35GM镜头国行A7R3+24-70GM镜头国行A7R3+85F1.4GM镜头国行A7R3+24-70F4镜头国行A7R3+16-35F4镜头国行A7R3+55F1.8镜头国行A7R3+24-105F4镜头国行A7R3+35F1.4镜头国行A7R3+24-240镜头指定花呗分期A7R3++成色:全新++售后服务:全国联保++套餐类型:官方标配套餐一套餐二套餐三套餐四套餐五套餐六套餐七套餐八++单电套装类型:机身++传感器尺寸:35mm全画幅++感光元件类型:CMOS++重量:601g(含)-700g(含)', 39, 8, 35, 575),
('552330780801', '西伯利亚S21游戏耳机吃鸡电脑头戴式电竞耳麦7.1声道USB绝地求生', 269, 'entertainment/headset/552330780801', 'yes', '产品名称：西伯利亚S21++保修期:12个月++套餐类型:官方标配++是否线控:是++灵敏度:105dB/mW++生产企业:东莞市德声实业有限公司++耳机发声原理:动圈++适用音乐类型:摇滚金属重低音及人声类型++阻抗:32Ω++频响范围:20-20000Hz++颜色分类:科技灰++佩戴方式:头戴护耳式++耳机类型:有线++有无麦克风:带麦++耳机售后服务:全国联保++插头直径:USB++耳机插头类型:USB++耳机输出音源:PC电脑++缆线长度:2M++耳机类别:普通耳机HIFI耳机运动耳机++品牌:西伯利亚++型号:S21++功能:主动降噪功能(ActiveNoiseCanceling)++耳机左右腔体间连接方式:有线连接++耳机与播放设备连接方式:有线连接', 66, 11, 13, 576),
('550063483951', 'BOSESoundlinkRevolve+无线蓝牙音箱360度环绕防水', 2099, 'entertainment/speakers/550063483951', 'no', '产品名称：BOSESoundlinkRevolve+++供电方式:内置锂电池++保修期:12个月++功能:NFC功能语音提示通话功能防尘防摔防水++套餐类型:官方标配++尺寸:104x104x184mm++播放时长:16小时++是否支持APP:是++生产企业:Bose++连接方式:USB蓝牙连接++适用人群:通用++重量:990g++颜色分类:黑色灰色++外壳材质:金属++品牌:BOSE++型号:SoundlinkRevolve+', 87, 12, 10, 577),
('567375253710', 'STWS6全民k歌手机麦克风电容话筒户外通用直播自带声卡支架设备', 69, 'entertainment/microphone/567375253710', 'yes', '产品名称：STWS6-9061++使用方式:手持++供电方式:内置锂电池++保修期:36个月++品牌:STW++型号:S6-9061++生产企业:stw三鑫天威++颜色分类:土豪金玫瑰金土豪金+单手机麦克风支架玫瑰金+单手机麦克风支架土豪金+双手机麦克风支架玫瑰金+双手机麦克风支架9096土豪金9096玫瑰金++麦克风类型:电容式专业录音麦克风手机K歌麦克风直播专用麦克风++声道:2++适用对象:手机游戏语音电脑直播专用录音专用家用乐器其他/other++指向特征:心型指向++套餐名称:官方标配', 98, 13, 21, 578),
('558760911386', '【限量低至5338元抢】Apple/苹果iPhone8Plus64G全网通4G手机', 5488, 'phone/phone/558760911386', 'yes', '证书编号：2017011606002397++证书状态：有效++产品名称：TD-LTE数字移动电话机++3C规格型号：A1864(电源适配器可选：A1443输出：5.0VDC1A)++产品名称：Apple/苹果iPhone8Plu...++Apple型号:iPhone8Plus++机身颜色:银色金色深空灰色++存储容量:64GB', 84, 5, 61, 579),
('538845692966', '领券下单]Fujifilm/富士X-A3套机自拍复古微单反相机富士xa3', 3199, 'photography/micro-camera/538845692966', 'yes', '产品名称：Fujifilm/富士X-A3套机...++品牌:Fujifilm/富士++像素:2430万++传感器尺寸:23.5mmx15.7mm++感光元件类型:CMOS++存储类型:SD卡++闪光灯及附件类型:内置闪光灯++快门类型:电子快门', 49, 8, 95, 580),
('569340036743', 'ZIB智伴智能机器人儿童对话早教机高科技小智伴学习机家庭故事机', 858, 'smart device/smart robot/569340036743', 'no', '上市时间:2016-12-15++兼容平台:ANDROIDiOS其他++品牌:ZIB/智伴++型号:ZIB/智伴S1++尺寸:16x15x18cm++颜色分类:白色', 99, 16, 63, 581),
('569606426340', '官方正品【带联保凭证+豪礼】Nokia/诺基亚X6全面屏手机诺基亚X', 1299, 'phone/phone/569606426340', 'yes', '', 44, 5, 46, 582),
('566404230282', '苹果电脑转换器MacBookPro拓展USB转接头hub配件type-c扩展坞', 69, 'computer/accessories/566404230282', 'yes', '品牌:贝视特++接口性质:USB扩展HUB++生产企业:深圳市发光科技有限公司++长度:0m++颜色分类:深空灰【音频+USB】2合1深空灰【HDMI+2个USB+2个读卡器】5合1不可充电深空灰【HDMI+2个USB+2个读卡器+type-c口】6合1深空灰【HDMI+2个USB+2个读卡器+type-c数据口+充电口】7合1太空银【HDMI+2个USB+2个读卡器+type-c数据口+充电口】7合1++是否外接电源:无外接电源++货号:BC无线', 100, 2, 24, 583),
('566107797788', 'ZIB智伴智能机器人儿童对话高科技家庭陪伴早教小智伴学习机正品', 858, 'smart device/smart robot/566107797788', 'no', '兼容平台:ANDROIDiOS其他++品牌:ZIB/智伴++型号:智伴1s++尺寸:16x15x18cm++颜色分类:浅灰色深灰色白色', 50, 16, 83, 584),
('540289154652', '小苍外设店黑爵AJ52鼠标宏鼠标电竞游戏电脑有线USB守望先锋LOL', 69, 'computer/peripherals/540289154652', 'no', '产品名称:Ajazz/黑爵AJ52++品牌:Ajazz/黑爵++型号:aj52++套餐类型:官方标配++颜色分类:黑色竞技白色竞技黑色星辰白色星辰++工作方式:光电++接口类型:USB++按键数:7个++光学分辨率:2400dpi++是否支持人体工程学:支持++成色:全新', 17, 3, 84, 585),
('569440409865', 'Panasonic松下DC-GF10K4K美颜自拍微单高清数码照相机女友10号', 3698, 'photography/digital camera/569440409865', 'yes', '产品名称：Panasonic/松下DC-GF10...++品牌:Panasonic/松下++像素:1684万++传感器尺寸:17.3mmx13mm++存储类型:TF(microSD)卡++闪光灯及附件类型:内置闪光灯++快门类型:电子快门', 64, 10, 17, 586),
('568802263402', '智能摄像头手机家用监控器无线WiFi网络远程高清摄像机蓝牙音响', 479, 'photography/video camera/568802263402', 'yes', '内存容量:128GB16GB32GB64GB8GB无++呈像颜色:彩色++品牌:微筱型++型号:M8++质保年限:1年++焦距:2.8mm++焦段:广角++清晰度:1080p++镜头大小规格:2.8mm', 22, 9, 1, 587),
('568403369863', '小米智能血压手环男女款测多功能心率计步器3代健康防水运动手表', 178, 'smart device/smart bracelet/568403369863', 'yes', '兼容平台:ANDROIDiOS++功能:心率监测拍照智能提醒睡眠监测社交娱乐计步遥控自拍防水++品牌:硕迪科++颜色分类:绅士黑魅力红优雅蓝++适用对象:android平台苹果iOS平台', 14, 14, 28, 588),
('559071456470', 'macbook保护壳pro苹果笔记本air外壳12寸13.3电脑15配件13薄套mac', 55, 'computer/accessories/559071456470', 'yes', '品牌:以诺++炫彩贴颜色:磨砂透黑【新款pro13.3】磨砂透白【新款pro13.3】磨砂透黑【Air13.3】磨砂透白【Air13.3】磨砂透黑【proretina13.3】磨砂透白【proretina13.3】磨砂透黑【Macbook12寸】磨砂透白【Macbook12寸】磨砂透黑【新款pro15.4】磨砂透白【新款pro15.4】磨砂透黑【proretina15.4】磨砂透白【proretina15.4】磨砂透黑【Air11.6】磨砂透白【Air11.6】磨砂透黑【老款pro13】磨砂透白【老款pro13】磨砂透黑【老款pro15】磨砂透白【老款pro15】收藏+购物车拍下享受闪电发货+送3重大礼包++生产企业:广州锋邦电子科技有限公司++风格:简约', 100, 2, 97, 589),
('566672880706', '老徐外设店徐老师杂货铺机械牧马人有线游戏电脑吃鸡鼠标绝地求生', 89, 'computer/peripherals/566672880706', 'yes', '上市时间:2018-04-01++品牌:金钢甲++型号:G560++套餐类型:官方标配++毛重:168g++颜色分类:枪色吃鸡版+宏编程零点之约牌枪色吃鸡版+宏编程白色宏编程适合LOL逆战CF等黑色宏编程适合LOL逆战CF等白色吃鸡版+宏编程零点之约牌黑色吃鸡防手汗+编程零点之约牌++工作方式:光电++接口类型:USB++按键数:7个++光学分辨率:4000dpi++是否支持人体工程学:支持++成色:全新++售后服务:店铺三包', 29, 3, 57, 590),
('566605082411', '【618享6期免息】Huawei/华为P20Pro全面屏徕卡三摄4G手机', 4988, 'phone/phone/566605082411', 'no', '证书编号：2018011606049290++证书状态：有效++产品名称：TD-LTE数字移动电话机++3C规格型号：CLT-AL00（开关电源适配器：HW-050450C00输出：5VDC,2A或4.5V...++产品名称：Huawei/华为P20pro++华为型号:P20Pro++机身颜色:宝石蓝渐变极光色渐变樱粉金亮黑色++运行内存RAM:6GB++存储容量:64GB128GB256GB++网络模式:双卡双待单通，主副卡不区分卡槽，NanoSIM', 81, 5, 31, 591),
('566520144008', 'Canon/佳能EOSM615-45自拍迷你单反高清旅游入门级微单数码相机', 2978, 'photography/micro-camera/566520144008', 'yes', '产品名称:Canon/佳能EOSM6套机(15-45mm)++屏幕尺寸:3英寸++品牌:Canon/佳能++佳能系列:EOSM6套机(15-45mm)++像素:2420万++显示屏类型:触摸屏++液晶屏尺寸:3.0英寸++颜色分类:国行银色15-45日常镜头国行黑色15-45日常镜头银色15-45+25/1.8人像双镜头黑色15-45+25/1.8人像双镜头银色15-45+55/1.4大光圈镜头黑色15-45+55/1.4大光圈镜头国行银色18-150STM一镜走天下国行黑色18-150STM一镜走天下国行银色15-4555-200STM双镜头国行黑色15-4555-200STM双镜头国行银色M6单机不带镜头国行黑色M6单机不带镜头++成色:全新++售后服务:全国联保++套餐类型:官方标配套餐一套餐二套餐三套餐四套餐五套餐六套餐七套餐八++单电套装类型:变焦套装++传感器尺寸:22.3mmx14.9mm++感光元件类型:CMOS++重量:301g(含)-400g(含)', 88, 8, 48, 592),
('542022040038', 'Canon/佳能700D18-55套机入门级单反数码相机家用单反相机', 2249, 'photography/SLR/542022040038', 'no', '产品名称:Canon/佳能700D套机(18-55,55-250mm)++单反级别:入门级++是否支持机身防抖:机身不防抖++屏幕尺寸:3英寸及以上++像素:1800万++储存介质:SD卡++成色:全新++电池类型:锂电池++售后服务:店铺三包++颜色分类:单机配置带配件不带镜头佳能18-55STM镜头佳能501.8STM镜头拍人像必备佳能18-135STM原装镜头腾龙18-200VC镜头佳能18-55STM+55-250STM双头套机佳能18-55STM+501.8STM双头套机套餐六免费升级套餐八++套餐:官方标配套餐一套餐二套餐三套餐四套餐五套餐六套餐七套餐八++单反画幅:APS画幅++感光元件类型:CMOS++对焦点数:9点++重量:301g(含)-400g(含)++取景器类型:光学取景器++是否支持外接闪光灯:支持++是否支持机身除尘:支持++是否支持机身马达:支持++反光装置:五面镜++传感器尺寸:22.3mmx14.9mm++品牌:Canon/佳能++佳能单反系列:EOS700D++700D系列:700D套机(18-55,55-250mm)', 81, 7, 3, 593),
('554135036925', 'Insta360ONE全景相机360高清4k运动相机摄像头相机抖音全景相机', 1888, 'photography/video camera/554135036925', 'no', '保修期:12个月++兼容平台:iOS++品牌:Insta360++型号:one++生产企业:深圳岚锋创视网络科技有限公司++颜色分类:标准套餐ONE+自拍杆（无蓝牙控制器）ONE+自拍杆+蓝牙控制器ONE+防水壳+自拍杆（无蓝牙控制器）ONE+防水壳+自拍杆+蓝牙控制器ONE+Micro-USB安卓转接器ONE+Type-C安卓转接器ONE+Micro-USB转接器+自拍杆ONE+Type-C转接器+自拍杆ONE+Micro-USB转接器+自拍杆+防水壳ONE+Type-C转接器+自拍杆+防水壳ONE配件套餐（ONE+防水壳+自拍杆+蓝牙控制器+三脚架）ONE+蓝牙控制器ONE豪华配件套餐（ONE+子弹时间套餐+蓝牙控制器+防水壳+三脚架）', 87, 9, 50, 594),
('562375824287', 'Type-C扩展坞拓展器usb转接头hdmi/vga华为MacBookPro苹果电脑转换器配件多接口HUB转换器3.0集线器分线器', 100, 'computer/accessories/562375824287', 'no', '品牌:Philips/飞利浦++接口性质:USB扩展HUB++生产企业:沃科声（上海）商贸有限公司++长度:0.15m++颜色分类:太空灰-四合一接口【Type-c转SD卡槽×1+TF卡槽×1+USB2.0×2】太空灰-三合一接口【Type-c转HDMI×1+USB3.0×1+USB2.0×1】太空灰-二合一接口【Type-c转HDMI×1+VGA×1】太空灰-三合一接口【Type-c转VGA×1+USB3.0×1+USB2.0×1】太空灰-四合一接口【Type-c转HDMI×1+USB3.0×2+Pd充电×1】太空灰【Type-c转USB3.0×4一转四HUB】高速传输太空灰【Type-c转USB3.0×3+百兆网口×1】高速传输太空银【USB转USB3.0×4一转四HUB】全面兼容-高速传输太空银【USB转USB3.0×3+百兆网口】全面兼容-正品行货玫瑰金【USB转USB3.0×4一转四HUB】全面兼容-高速传输玫瑰金【USB转USB3.0×3+百兆网口】全面兼容-正品行货++是否外接电源:无外接电源++货号:SWR1655', 100, 2, 85, 595),
('570046825403', '无线摄像头wifi智能网络远程手机高清300万家用探头监控器套装', 178, 'photography/video camera/570046825403', 'no', '内存容量:64GB++呈像颜色:彩色++品牌:蓝天威视++型号:LT289++智能类型:其他++质保年限:1年++焦距:2.8mm3.6mm4mm6mm8mm12mm16mm25mm++焦段:标准++清晰度:1080p3MP++感光面积:1/4英寸++同城服务:同城物流送货上门++有效距离:30m及以上++镜头大小规格:2.8mm', 8, 9, 32, 596),
('567679236534', 'Xiaomi/小米6X新品手机智能双摄骁龙660处理器官网时尚拍照手机', 1599, 'phone/phone/567679236534', 'no', '证书编号：2018011606056750++证书状态：有效++产品名称：TD-LTE数字移动电话机++3C规格型号：M1804D2SE、M1804D2ST、M1804D2SC（电源适配器：MDY-08-EV输出：5...++产品名称：Xiaomi/小米6X++型号:6X++机身颜色:曜石黑流沙金赤焰红冰川蓝樱花粉++运行内存RAM:4GB6GB++存储容量:4+64GB6+64GB6+128GB++网络模式:双卡双待', 44, 5, 97, 597),
('570868346576', '机吸尘鼓风机办公设备家用清洁工具电脑复印机维修大功率吸吹风', 40, 'computer/office equipment/570868346576', 'no', '品牌:见描述++型号:其它型号++颜色分类:蓝色900w不可调速（12件礼）黄色900w不可调速（12件礼）蓝色1200W6档调速（20件礼）蓝色900w不可调速黄色1800W6档调速（26件礼）黄色1000W6档调速（20件礼）', 28, 4, 89, 598),
('523887144458', '热门直播手机桌面支架苹果金属环指环扣多功能懒人随手贴通用配件', 9, 'phone/accessories/523887144458', 'yes', '品牌:卡丹仕++生产企业:广州羽航贸易有限公司++适用场景:桌面++颜色分类:需要三星，乐视，魅族等产品的客户请联系客服【苹果】玫瑰金【苹果】深空灰【苹果】幻夜黑【苹果】睿智银【苹果】土豪金【华为】土豪金【华为】玫瑰金【华为】珍珠白【华为】睿智银【通用】幸运红【通用】土豪金【通用】珍珠白【通用】玫瑰金【通用】睿智银【OPPO】土豪金【OPPO】玫瑰金【OPPO】睿智银【VIVO】玫瑰金【VIVO】土豪金【VIVO】睿智银【小米】土豪金【小米】睿智银【小米】玫瑰金++货号:指环支架', 30, 6, 92, 599),
('531753987055', '苹果安卓手机遥控器头6s红外线发射器iphone6空调7万能8x精灵配件', 18, 'phone/accessories/531753987055', 'yes', '品牌:ROCK/洛克++生产企业:深圳市仁清卓越投资有限公司++颜色分类:【收藏+购物车】365天只换不修，推荐App：遥控精灵一代－送钥匙扣【白色】☆苹果专用二代升级－送钥匙扣【白色】☆距离增强！苹果专用二代升级－送钥匙扣【粉色】☆距离增强！苹果专用三代◆苹果专用接口【红色】7/8/X及以下机型均可使用三代◆苹果专用接口【黑色】7/8/X及以下机型均可使用三代-安卓接口专用☆需支持OTG【红色】◆新增学习功能三代-安卓接口专用☆需支持OTG【黑色】◆新增学习功能三代-type-c接口专用☆需支持OTG【黑色】◆新增学习功能三代-type-c接口专用☆需支持OTG【红色】◆新增学习功能不清楚自己手机端口或者不会操作的亲可联系客服咨询哦~购买前下载遥控精灵看下家电设备在不在APP内1231145++材质:合金++风格:金属++适用对象:3.5MM耳机插孔', 46, 6, 64, 600),
('563826623440', '陈子豪外设店入耳式吃鸡耳机带麦电脑游戏E－3LUE/宜博EEP958', 98, 'computer/peripherals/563826623440', 'yes', '产品名称：E－3LUE/宜博EEP958++保修期:12个月++兼容平台:ANDROIDWindowsPhoneiOS++套餐类型:官方标配++是否线控:是++灵敏度:42dB/mW++生产企业:深圳市宜博时尚有限科技公司++耳机发声原理:动圈++适用音乐类型:通用++阻抗:16Ω++颜色分类:黑红色黑红色-加长版黑红色-USB声卡版蓝白色蓝白色-加长版蓝白色-USB声卡版++佩戴方式:入耳式++耳机类型:有线++有无麦克风:带麦++耳机售后服务:全国联保++插头直径:3.5mm++耳机插头类型:直插型++缆线长度:1.4米++耳机类别:IOS线控耳机游戏耳机手机线控耳机HIFI耳机运动耳机++品牌:E－3LUE/宜博++型号:EEP958++防水性能:不支持防水++耳机左右腔体间连接方式:有线连接++耳机与播放设备连接方式:有线连接', 71, 3, 37, 601),
('565082476222', '佳能EOS550D600D500D650D高清二手入门级单反相机数码旅游', 863, 'photography/digital camera/565082476222', 'yes', '产品名称:Canon/佳能550D套机(18-55mm)++接口类型:佳能口++单反级别:入门级++是否支持机身防抖:机身不防抖++屏幕尺寸:3英寸及以上++像素:1800万++储存介质:SD卡++成色:9.9成新++电池类型:锂电池++售后服务:店铺三包++颜色分类:佳能550D+18-55满足日常95佳能500D+18-55满足日常95佳能650D+18-55II满足日常95佳能650D+18-135中长焦95佳能550D+501.8人像大光圈95新佳能650D+18-55STM静音防抖95佳能650D+501.8STM静音人像95佳能600D+18-55II满足日常95新佳能550D+18-55满足日常9成新佳能600D+501.8人像大光圈95新500D单机特价5成新++套餐:官方标配套餐一套餐二套餐三套餐四套餐五++单反画幅:APS-C画幅++感光元件类型:CMOS++对焦点数:9区++重量:151g(含)-200g(含)++取景器类型:光学取景器++是否支持外接闪光灯:支持++是否支持机身除尘:不支持++是否支持机身马达:支持++反光装置:其他++传感器尺寸:23.6mmx15.6mm++品牌:Canon/佳能++佳能单反系列:EOS550D++550D型号:550D套机(18-55mm)', 44, 10, 45, 602),
('546368872278', '华为WATCH2代Pro3智能手表4G插卡蓝牙通电话防水运动手环安卓iOS', 1538, 'smart device/smart bracelet/546368872278', 'no', '证书编号：2017011606940037++证书状态：有效++产品名称：TD-LTE无线数据终端++3C规格型号：LEO-DLXX；5VDC1A(开关电源适配器：HW-050100C01输出：5.0VDC1A...++产品名称：Huawei/华为watch2++保修期:12个月++生产企业:华为技术有限公司++品牌:Huawei/华为++型号:watch2++表系列:【蓝牙版】-星空灰【插卡4G版】-碳晶黑【蓝牙版】-碳晶黑【插卡4G版】-活力橙【4G版esim卡】WATCH2Pro钛银灰HUAWEISmartwatch|PORSCHEDESIGN++存储容量(RAM):4GB++屏幕尺寸:1.2英寸++屏幕分辨率:390x390像素++电池容量:420mAh++表盘形状:圆形++兼容平台:iOSANDROID++功能:运动指导评估；音乐控制；信息助手；语音助手；支持丰富APPS心率监测防水', 84, 14, 31, 603),
('563022221045', 'Sony索尼微单反a5000迷你旅游入门级a5100二手a6000高清数码相机', 1088, 'photography/micro-camera/563022221045', 'no', '屏幕尺寸:3英寸++品牌:Sony/索尼++索尼单电系列:二手索尼微单系列++显示屏类型:非触摸式屏显++液晶屏尺寸:3.0英寸++颜色分类:99新A5000含16-50镜头黑白粉色95新A5000含16-50镜头黑白粉色99新NEX-5R含16-50镜头黑白色95新NEX-5R含16-50镜头黑白色99新NEX-5T含16-50镜头黑白色95新NEX-5T含16-50镜头黑白色99新A5100含16-50镜头黑白色95新A5100含16-50镜头黑白色99新A6000含16-50镜头黑白色95新A6000含16-50镜头黑白色99新A5000含16-50+七工匠25-1895新A5000含16-50+七工匠25-1899新A6000含16-50+七工匠25-1895新A6000含16-50+七工匠25-1899新A5000含16-50+七工匠55-1495新A5000含16-50+七工匠55-1499新A6000含16-50+七工匠55-1495新A6000含16-50+七工匠55-1499新A5100含16-50+七工匠25-1895新A5100含16-50+七工匠25-1899新A5100含16-50+七工匠55-1495新A5100含16-50+七工匠55-14索尼NEX-5R95新单机不带镜头++成色:99新及展示机++售后服务:店铺三包++套餐类型:官方标配套餐一套餐二套餐三套餐四套餐五++单电套装类型:变焦套装++重量:201g(含)-300g(含)', 53, 8, 19, 604),
('566986348675', '运动智能手环oppo苹果小米vivo通用计步器心率手表多功能男女防水', 218, 'smart device/smart bracelet/566986348675', 'yes', '上市时间:2018-3-2++兼容平台:ANDROIDiOS++功能:心率监测智能提醒睡眠监测计步遥控自拍防水++品牌:钛崎++颜色分类:钢带黑色钢带银色钢带金色皮带黑色皮带银色皮带棕色++适用对象:android平台苹果iOS平台++无线距离:5m及以下', 26, 14, 9, 605),
('564670431299', '小蚁智能摄像头机1080P云台家用360度监控高清夜视无线WiFi', 199, 'photography/video camera/564670431299', 'no', '保修期:12个月++兼容平台:ANDROIDMIUIiOS阿里巴巴云OS++品牌:yi++型号:Y19++生产企业:上海小蚁++颜色分类:标配1080P标配1080P+16G+送读卡器标配1080P+32G+送读卡器标配1080P+4.5米加长电源线标配1080P+16G+送读卡器+4.5米加长电源线标配1080P+32G+送读卡器+4.5米加长电源线+乐心手环标配1080P+64G+送读卡器标配1080P+64G+送读卡器+4.5米加长电源线', 40, 9, 37, 606),
('528512517731', '佳能EOS200D18-55入门级白色单反家用旅游高清数码照相机', 2888, 'photography/SLR/528512517731', 'yes', '传输类型:NFC传输++接口类型:佳能口++单反级别:入门级++是否支持机身防抖:机身不防抖++屏幕尺寸:3英寸及以上++储存介质:SD卡++成色:全新++电池类型:锂电池++售后服务:店铺三包++颜色分类:港版黑色不带镜头不带配件港版黑色+18-55STM防抖镜头港版黑色+50-1.8STM人像定焦镜头港版黑色+18-200VC腾龙长焦镜头港版黑色+18-135STM中长焦镜头港版黑色+18-55/50-1.8STM双镜头国行白色+18-55STM防抖镜头国行黑色+18-55STM防抖镜头国行黑色+50-1.8STM人像定焦镜头国行黑色+18-200VC腾龙长焦镜头国行黑色+18-55/50-1.8STM双镜头国行白色+18-55/40mm双镜头国行黑色+18-55/75-300双镜头日版白色+18-55STM防抖镜头日版白色+40MM定焦人像镜头日版白色+18-55/40MM双镜头国行银色+18-55STM防抖镜头国行银色+18-55/40MM双镜头港版银色+18-55STM防抖镜头港版银色+18-55STM/40MM双镜头++套餐:官方标配套餐一套餐二套餐三套餐四套餐五套餐六套餐七套餐八++单反画幅:APS-C画幅++感光元件类型:CMOS++对焦点数:9点++重量:301g(含)-400g(含)++取景器类型:光学取景器++是否支持外接闪光灯:支持++是否支持机身除尘:支持++是否支持机身马达:不支持++反光装置:五面镜++传感器尺寸:22.3mmx14.9mm++品牌:Canon/佳能++佳能单反系列:200D18-55', 17, 7, 70, 607),
('534056937447', '黑爵GT机械有线游戏鼠标lol/cf守望先锋电竞电脑鼠标小苍外设', 89, 'computer/peripherals/534056937447', 'no', '产品名称：Ajazz/黑爵GT++品牌:Ajazz/黑爵++型号:GT++套餐类型:官方标配++生产企业:黑爵++颜色分类:白色竞技版黑色竞技版白色裂纹版黑色裂纹版RGB小苍定制版黑色RGB小苍定制版白色RGB流光黑色RGB流光白色版++工作方式:光电++接口类型:USB++按键数:9个++光学分辨率:4000dpi++是否支持人体工程学:支持++成色:全新', 37, 3, 20, 608),
('567750668308', '机器人玩具智能对话高科技语音大小男女孩遥控儿童教育学习早教机', 199, 'smart device/smart robot/567750668308', 'yes', '证书编号：2017010805981515++证书状态：有效++产品名称：智能故事机(故事机，带存储介质音频播放器)++3C规格型号：Q1、Q2、Q3、Q4、Q5、Q6、Q7、Q8、Q9、Q10、Q12、Q13、Q14、Q15、Q16...++产地:中国大陆++品牌:漫游宝宝++型号:Q3++玩具类型:电玩具++货号:Q3++适用年龄段:<14岁++遥控方式:声控++颜色分类:蓝色粉红色收藏加购优先发货（请勿拍））++适用年龄:2岁3岁4岁5岁6岁7岁8岁9岁10岁11岁12岁13岁14岁++套餐类型:送128M内存卡+读卡器+儿童电子手表+50G资源送8G内存卡+读卡器+儿童电子手表+50G资源送16G内存卡+读卡器+儿童电子手表+50G资源++材质:PVC++是否有导购视频:无++是否含遥控:不含', 18, 16, 39, 609),
('566834989642', '20-27寸超薄一体机电脑四核办公游戏独显家用台式主装机全套i5i7', 1118, 'computer/whole machine/566834989642', 'no', 'CCC证书编号:2016010901895325++CPU类型:(Maconly)英特尔酷睿i5双核处理器++型号:2520++产地:中国大陆++品牌:heovose/瀚想++型号:pc22j19A++固态硬盘容量:120G++摄像头类型:单摄像头++能效等级:三级++颜色分类:A1款入门A2款B1款B2款B3款B4款B5款C1款C2款C3款C4款C5款C6款D1款D2款D3款D4款D5款D6款++屏幕尺寸:21.5英寸++内存容量:8GB++硬盘容量:120GB++硬盘接口:SATA2++硬盘转速:ssd++显存容量:1GB及以上++显示器类型:LED++光驱类型:无光驱++声卡类型:2.1++操作系统:Windows7++成色:全新++售后服务:店铺三包++同城服务:同城物流送货上门', 100, 1, 8, 610),
('569827998789', 'Lenovo/联想um6全民k歌手机麦克风K歌神器苹果安卓专用电脑话筒', 248, 'entertainment/microphone/569827998789', 'no', '产品名称：Lenovo/联想um6++使用方式:悬挂式++供电方式:内置锂电池++保修期:36个月++品牌:Lenovo/联想++型号:um6++生产企业:联想（北京）有限公司++颜色分类:星空黑套餐一套餐二麦克风+桌面支架套餐三套餐四套餐五套餐六++麦克风类型:电容式++声道:2++适用对象:手机直播专用++指向特征:心型指向++喇叭单元:无喇叭++套餐名称:官方标配', 2, 13, 38, 611),
('545197982003', 'Philips/飞利浦DLK38001全民k歌手机麦克风话筒直播全名唱歌神器', 329, 'entertainment/microphone/545197982003', 'yes', '产品名称：Philips/飞利浦DLK38001++使用方式:悬挂式++供电方式:外接供电++保修期:12个月++品牌:Philips/飞利浦++飞利浦型号:DLK38001++有无线:有线++生产企业:沃科声（上海）商贸有限公司++颜色分类:高端灰土豪金玫瑰金高端灰【人气畅销套餐】土豪金【人气畅销套餐】玫瑰金【人气畅销套餐】高端灰+桌面三角架+耳机土豪金+桌面三角架+耳机玫瑰金+桌面三角架+耳机高端灰+桌面支架+hifi监听耳机土豪金+桌面支架+hifi监听耳机玫瑰金+桌面支架+hifi监听耳机高端灰+K歌支架+监听耳机+美颜补光灯土豪金+K歌支架+监听耳机+美颜补光灯玫瑰金+K歌支架+监听耳机+美颜补光灯高端灰+直播支架+监听耳机+美颜补光灯土豪金+直播支架+监听耳机+美颜补光灯玫瑰金+直播支架+监听耳机+美颜补光灯高端灰+X7手机声卡+广角补光灯+耳机+支架土豪金+X7手机声卡+监听耳机+美颜补光灯玫瑰金+X7手机声卡+监听耳机+美颜补光灯高端灰+S300手机声卡+监听耳机+美颜补光灯土豪金+S300手机声卡+监听耳机+美颜补光灯玫瑰金+S300手机声卡+监听耳机+美颜补光灯++麦克风类型:电容式++声道:2++适用对象:家用++指向特征:心型指向++套餐名称:官方标配', 65, 13, 55, 612),
('562807777009', '千幻魔镜7代vr眼镜智能手机专用虚拟现实3d游戏ar眼睛一体机苹果', 268, 'smart device/smart glasses/562807777009', 'yes', '保修期:10年++兼容平台:ANDROIDBlackberryMIUISymbianWindowsMobileiOS百度云OS阿里巴巴云OS++品牌:千幻魔镜++型号:G02EF++生产企业:东莞市千幻魔镜实业有限公司++颜色分类:【千幻魔镜视听一体VR-蓝牙手柄】-【高清影视版】【千幻魔镜视听一体VR-蓝牙手柄】-【蓝光护眼畅玩版】【千幻魔镜视听一体VR-王者手柄】-【纳米镀膜沉浸版】【千幻魔镜视听一体VR-王者手柄+AR枪】-【纳米镀膜魔幻版】', 27, 15, 53, 613),
('563997918178', '乐彤l3s蓝牙耳机头戴式手机电脑通用音乐无线耳麦男女游戏重低音', 89, 'entertainment/headset/563997918178', 'no', '产品名称：乐彤l3s++保修期:12个月++兼容平台:ANDROIDWindowsPhoneiOS++套餐类型:官方标配++是否线控:否++灵敏度:108dB/mW++生产企业:博罗县帝度电子有限公司++耳机发声原理:动圈++适用音乐类型:摇滚金属重低音及人声类型++阻抗:32Ω++频响范围:20-20000Hz++颜色分类:红黑色黑红色黑色++佩戴方式:头戴护耳式++耳机类型:无线++有无麦克风:带麦++耳机售后服务:全国联保++插头直径:无线++耳机插头类型:蓝牙++耳机输出音源:随身视听++缆线长度:1米++耳机类别:无线耳机游戏耳机普通耳机手机线控耳机HIFI耳机++品牌:乐彤++型号:l3s', 96, 11, 97, 614),
('569525629604', '抖音神网红伸缩手机配件器可爱蓝光气囊支架指环扣自拍照通用道具', 10, 'phone/accessories/569525629604', 'yes', '品牌:以诺++生产企业:深圳市诚一贸易有限公司++颜色分类:蓝底光白爱心支架蓝光涂鸦心支架蓝光粉心支架蓝光底NCO爱心支架蓝光白底NCO爱心支架蓝光白底笑脸蓝光黄底笑脸蓝底蓝笑脸支架蓝光三只猫支架蓝光猫狗爪支架蓝光牛奶男支架蓝光牛奶妹支架++货号:蓝底光白爱心支架', 93, 6, 9, 615),
('552681922777', '乐彤L3无线蓝牙耳机头戴式游戏耳麦手机电脑通用运动音乐重低音', 60, 'entertainment/headset/552681922777', 'yes', '产品名称：乐彤L3++保修期:12个月++兼容平台:ANDROIDWindowsPhoneiOS++套餐类型:官方标配++是否线控:否++灵敏度:108dB/mW++生产企业:博罗县帝度电子有限公司++耳机发声原理:动圈++适用音乐类型:摇滚金属重低音及人声类型++阻抗:32Ω++频响范围:20-20000Hz++颜色分类:黑蓝色黑红色黑色白色++佩戴方式:头戴护耳式++耳机类型:无线++有无麦克风:带麦++耳机售后服务:全国联保++插头直径:无线++耳机插头类型:蓝牙++耳机输出音源:随身视听++缆线长度:1米++耳机类别:无线耳机++品牌:乐彤++型号:L3++耳机左右腔体间连接方式:有线连接++耳机与播放设备连接方式:蓝牙连接', 40, 11, 70, 616),
('19621060143', 'Edifier/漫步者K550电脑耳机头戴式语音耳机耳麦带麦克风话筒K歌', 54, 'entertainment/headset/19621060143', 'no', '产品名称：Edifier/漫步者K550++保修期:12个月++套餐类型:套餐一官方标配++是否线控:是++灵敏度:91dB/mW++生产企业:北京爱德发科技有限公司++阻抗:32Ω++频响范围:20-20000Hz++颜色分类:典雅黑时尚白中国红++佩戴方式:头戴护耳式++耳机类型:有线++有无麦克风:带麦++耳机售后服务:全国联保++插头直径:3.5mm++耳机插头类型:直插型++耳机输出音源:PC电脑++缆线长度:2m++耳机类别:普通耳机++品牌:Edifier/漫步者++漫步者耳机型号:K550', 44, 11, 17, 617),
('569192902752', '全面屏手机1000元以下前置指纹智能全网通4G超薄一体惠族HUIZUUX', 648, 'phone/phone/569192902752', 'no', '', 53, 5, 13, 618),
('564936403045', 'Fujifilm/富士X-A5套机单电复古xa5微单相机x-a3升级入门级无反', 3888, 'photography/micro-camera/564936403045', 'no', '产品名称：Fujifilm/富士X-A5套机...++品牌:Fujifilm/富士++像素:2420万像素++传感器尺寸:23.5mmx15.7mm++感光元件类型:CMOS++存储类型:SD卡++闪光灯及附件类型:内置闪光灯++快门类型:电子快门', 44, 8, 36, 619),
('570620782868', 'VR眼镜rv虚拟现实3d手机专用ar一体机4d苹果眼睛头戴式游戏机头盔', 698, 'smart device/smart glasses/570620782868', 'yes', '兼容平台:MIUIiOS百度云OS阿里巴巴云OS++品牌:ugp++颜色分类:【可调节送遥控】-【标配版】【可调节送遥控】-【影视版】【可调节送遥控】-【畅玩版】【可调节送遥控】-【沉浸版】【可调节送遥控】-【科幻版】', 20, 15, 11, 620),
('561217344430', '可移动CD胆机脚架子音响设备器材功放架办公打印机架子置物架', 88, 'computer/office equipment/561217344430', 'no', '品牌:艾茉茜++型号:0008++颜色分类:A款C型白架子+板面颜色备注A款C型黑架子+板面颜色备注B款口型白架子+板面颜色备注B款口型黑架子+板面颜色备注C款日型白架子+板面颜色备注C款日型黑架子+板面颜色备注D款E型白架子+板面颜色备注D款E型黑架子+板面颜色备注E款居中白架子+板面颜色备注E款居中黑架子+板面颜色备注F款目型白架子+板面颜色备注F款目型黑架子+板面颜色备注G款居中白架子+板面颜色备注G款居中黑架子+板面颜色备注定做专拍拍下改价++隔板形状:特殊造型++风格:简约现代++材质:人造板++人造板种类:刨花板/三聚氰胺板++是否可定制:是++适用对象:成人', 81, 4, 10, 621),
('569571750892', '华为荣耀magicbook贴膜笔记本贴纸电脑外壳保护套机身配件14英寸', 23, 'computer/accessories/569571750892', 'no', '品牌:Yadi/水之镜++炫彩贴颜色:冰河银一件套冰河银两件套冰河银三件套冰河银四件套冰河银六件套透明磨砂一件套透明磨砂两件套透明磨砂三件套透明磨砂四件套透明磨砂六件套深空灰一件套深空灰两件套深空灰三件套深空灰四件套深空灰六件套玫瑰金一件套玫瑰金两件套玫瑰金三件套玫瑰金四件套玫瑰金六件套香槟金两件套香槟金三件套香槟金四件套香槟金六件套++生产企业:深圳市百润祥电子有限公司++风格:简约', 100, 2, 6, 622),
('562122122966', '懒人手机支架桌面视频直播手机架平板苹果创意配件ipad通用展示架', 10, 'phone/accessories/562122122966', 'yes', '品牌:X＆X++生产企业:深圳标尔科技有限公司++适用场景:桌面++颜色分类:绅士黑--三脚桌面支架纯洁白-三脚桌面支架清新黄--三脚桌面支架时尚粉红--三脚桌面支架++货号:ZM0808', 1, 6, 84, 623),
('534198541379', '电话机座机录音设备办公录音SD卡存储独立录音盒阿尔铁克AR120', 390, 'computer/office equipment/534198541379', 'yes', '产地:亚太++品牌:阿尔铁克++型号:AR120M', 53, 4, 41, 624),
('560080415565', 'vr眼镜rv虚拟现实头盔3d全景电影游戏手机专用风扇一体机智能设备', 158, 'smart device/smart glasses/560080415565', 'no', '上市时间:2017-12-31++保修期:12个月++兼容平台:ANDROIDBlackberryMIUISymbianWindowsMobileiOS百度云OS阿里巴巴云OS++品牌:FiiTVR++型号:5F++生产企业:深圳二愣子科技++颜色分类:5Fmini标准版无耳机5Fmini蓝光版无耳机5F视听一体机基础版TYPE-C接口联系客服赠送风扇版高清VR眼镜+自拍手柄(高清自拍版）风扇版蓝光VR眼镜+自拍手柄(蓝光自拍版）5F视听一体+观影手柄【标准观影版】5F视听一体机+游戏手柄【标准游戏版】5F视听一体蓝光版+观影手柄（蓝光观影版）5F视听一体+游戏手柄【蓝光畅玩版】5F视听一体+观影手柄+游戏手柄【蓝光尊享版】', 97, 15, 60, 625),
('45557281557', '360小水滴摄像头无线家用监控智能摄像机1080P高清夜视手机wifi', 99, 'photography/video camera/45557281557', 'yes', '保修期:12个月++兼容平台:ANDROIDiOS++品牌:360++型号:360摄像头++生产企业:360++颜色分类:【推荐1080P版+读卡器+上墙包】【推荐1080P版+16G卡+4米线+读卡器+上墙包】【1080p版+32G卡+4米线+读卡器+上墙包】1080P版+64G卡+4米线+读卡器+上墙包*大众版+上墙包大众版+16G卡+读卡器+上墙包大众版+8G卡+读卡器+上墙包大众版+32G卡+读卡器+上墙包夜视版+上墙包夜视版+16G卡+读卡器+上墙包夜视版+16G卡+4米线+读卡器+上墙包夜视版+32G卡+读卡器+上墙包夜视版+32G卡+4米线+读卡器+上墙包夜视版+64G+4米线+读卡器+上墙包1080P版+32G卡+读卡器+上墙包1080P版+64G卡+读卡器+上墙包【推荐1080P版+16G卡+读卡器+上墙包】大众版+上墙包【请勿拍】*1080P版+16g卡+4米线+读卡器+上墙包', 35, 9, 40, 626),
('565571765200', '现货Samsung/三星GALAXYS8SM-G9500港版S8+plus全网通曲屏手机', 2347, 'phone/phone/565571765200', 'no', '', 37, 5, 29, 627),
('568073858289', '机吸尘设备家用维修大功具电脑率吸复印机风吹洁工机办公鼓风清', 63, 'computer/office equipment/568073858289', 'yes', '颜色分类:蓝色900w不可调速蓝色900w不可调速（12件礼）黄色900w不可调速（12件礼）黄色1000W6档调速（20件礼）蓝色1200W6档调速（20件礼）黄色1800W6档调速（26件礼）', 29, 4, 60, 628),
('537053661486', '一体机电脑四核台式主机整机i3i5i7吃鸡游戏独显27寸家用网吧全套', 1220, 'computer/whole machine/537053661486', 'no', 'CCC证书编号:2016010901884066++CPU类型:英特尔酷睿i7-2635QM++型号:酷睿i72635四核++产地:中国大陆++包装体积:610mm*510mm*195mm++品牌:九极光++型号:KH20A++固态硬盘容量:120G++摄像头类型:单摄像头++显卡型号:GTX1050++毛重:10KG++能效备案号:一级节能++能效等级:一级++颜色分类:A1套餐19寸A2套餐19寸B1套餐22寸B2套餐22寸B3套餐22寸B4套餐22寸B5套餐22寸B6套餐22寸C1套餐24寸C2套餐24寸C3套餐24寸C4套餐24寸C5套餐24寸D1套餐27寸D2套餐27寸D3套餐27寸D4套餐27寸D5套餐27寸++屏幕尺寸:27英寸++适用品牌:Intel/英特尔++台机CPU型号:酷睿i72635四核++内存容量:8GB++内存类型:DDR3++硬盘容量:120GB++硬盘接口:SATA2++硬盘转速:ssd++显卡接口:其他/other++显卡类型:NVIDIAGeForceGTX1050(Notebook)++型号:GTX1050++显存容量:2GBGDDR5++芯片类型:GTX1050++显示器类型:LED++光驱类型:DVD-ROM++声卡类型:6.1++操作系统:Windows7++成色:全新++售后服务:全国联保++同城服务:同城买家上门自提++台式机类型:高端家用++是否触摸屏:非触摸屏', 100, 1, 72, 629),
('552879318458', '智能运动手环手表男女安卓苹果通用心率血压儿童电话多功能防水圆', 53, 'smart device/smart bracelet/552879318458', 'yes', '上市时间:2017年春夏++兼容平台:ANDROIDBlackberryMIUISymbianWindowsMobileiOS百度云OS阿里巴巴云OS++内存容量(ROM):10MB++功能:智能提醒睡眠监测社交娱乐计步遥控自拍防水++厚度:8mm++品牌:圣斯登++型号:ssdt-2-7008++品牌产地:国内++售后服务:全国联保++存储容量(RAM):10MB++屏幕分辨率:0x0像素++屏幕尺寸:1英寸++形状:圆形++手表镜面材质:有机玻璃镜面++摄像头像素:0像素++无线距离:5m(含)-10m(含)++是否商场同款:是++显示方式:数字式++机芯类型:智能机芯++电池容量:50mAh++直径:20mm及以下++表壳材质:橡胶++表带材质:橡胶++表底类型:普通++表扣款式:皮带暗扣++连接方式:USB蓝牙连接++适用对象:中性++重量:50g++防水深度:0M++颜色分类:【来电显示闹钟远程拍照】7008黑【心率+睡眠监测+消息提醒】科技黑7009【强烈推荐：心率+血压+血氧+来电提醒】新款--科技黑7013【带来电提示远程拍照闹钟计步】7008蓝【带来电提示远程拍照闹钟计步】7008绿【带来电提示远程拍照闹钟计步】7008红【带来电提示远程拍照闹钟计步】7008橙7008黑:收藏并加购后拍下延保一年', 63, 14, 81, 630),
('21554903814', '先锋XF-USB/2电话录音盒2路USB录音系统办公座机通话自动录音设备', 220, 'computer/office equipment/21554903814', 'no', '证书编号：2018011603038550++证书状态：有效++产品名称：嵌入式电话录音设备++3C规格型号：U3018S,VAA-DLU32,VAA-GAU32,VAA-GJU32,VAA-JRU32,VAA...++品牌:VAA++型号:XF-USB/2++生产企业:东莞市优贴电子有限公司', 79, 4, 45, 631),
('567727217625', '【分期免息】Apple/苹果iPhone7Plus苹果7代三网5.5寸7p手机', 3280, 'phone/phone/567727217625', 'yes', 'CCC证书编号:2016011606893750++产品名称:Apple/苹果iPhone7Plus++CPU品牌:Apple/苹果++上市时间:2016-09++产品名称:iPhone7Plus++屏幕尺寸:5.5英寸++机身厚度:7.3mm++电池容量:2900mAh++品牌:Apple/苹果++Apple型号:iPhone7Plus++网络类型:4G全网通++款式:不详++机身颜色:磨砂黑亮黑色银白色土豪金玫瑰金中国红【收藏+购物车】赠送1年全国联保【收藏+关注店铺】赠送淘金币++套餐类型:官方标配++后置摄像头:1200万像素广角及长焦双镜头摄像头++操作系统:iOS10++附加功能:不详++宝贝成色:全新++售后服务:店铺三包++触摸屏类型:不详++运行内存RAM:不详++存储容量:32GB128GB++键盘类型:不详++分辨率:1920x1080像素分辨率，401ppi++手机类型:不详++电池类型:不详++摄像头类型:1200万像素广角及长焦双镜头摄像头++视频显示格式:不详++网络模式:蜂窝网络和无线连接++核心数:不详++版本类型:美国中国大陆', 13, 5, 48, 632),
('43145597055', '先锋XF-USB/1电话录音盒办公座机USB录音设备来电弹屏自动录音', 150, 'computer/office equipment/43145597055', 'yes', '证书编号：2013011603601332++证书状态：有效++申请人名称：先锋音讯(北京)通讯技术有限公司++制造商名称：先锋音讯(北京)通讯技术有限公司++产品名称：主叫号码显示录音电话机++3C产品型号：见附件(仅适用于海拔5000米及以下)++3C规格型号：见附件(仅适用于海拔5000米及以下)++品牌:VAA++型号:二代USB/1++生产企业:先锋音讯（北京）通讯技术有限公司', 40, 4, 28, 633),
('559475448277', '黑爵GTX牧马人游戏鼠标有线电脑电竞机械lol吃鸡辅助宏Miss外设店', 89, 'computer/peripherals/559475448277', 'yes', '产品名称：Ajazz/黑爵GTX++保修期:12个月++品牌:Ajazz/黑爵++型号:GTX++套餐类型:官方标配++生产企业:深圳市黑爵电子科技有限公司++颜色分类:深空灰-竞技版曜石黑-尊享版爵士银-尊享版珍珠白-尊享版++工作方式:光电++接口类型:USB++按键数:7个++光学分辨率:4000dpi++是否支持人体工程学:支持++成色:全新++售后服务:店铺三包', 65, 3, 74, 634),
('539427255042', 'AppleBeatsSolo3头戴式无线蓝牙耳机耳麦', 1499, 'entertainment/headset/539427255042', 'yes', '产品名称：BeatsSolo3Wireless头戴...++保修期:12个月++兼容平台:iOS++套餐类型:官方标配++是否线控:是++颜色分类:红色炫黑色炫白色玫瑰金色黑色++佩戴方式:头戴护耳式++耳机类型:无线++有无麦克风:带麦++耳机售后服务:全国联保++插头直径:3.5mm++耳机类别:主动降噪耳机无线耳机智能耳机真无线耳机运动耳机++品牌:Beats++型号:Solo3Wireless头戴式', 92, 11, 25, 635),
('568575160203', '小胖机器人玩具智能对话聊天跳舞儿童早教高科技机器人玩具男孩', 239, 'smart device/smart robot/568575160203', 'no', 'CCC证书编号:2017152202018399++产地:中国大陆++品牌:MZ/美致模型++型号:机器人：2850++玩具类型:电玩具++货号:机器人：2850++适用年龄段:<14岁++遥控方式:手柄++颜色分类:金色【智能机器人半米】现货小方白色智能机器人现货小方蓝色智能机器人现货小方粉色智能机器人现货++适用年龄:3岁4岁5岁6岁7岁8岁9岁10岁11岁12岁++套餐类型:智能机器人【充电版】++材质:塑料++是否有导购视频:有++是否含遥控:含', 94, 16, 60, 636),
('565264660443', '华为honor/荣耀畅玩7C全面屏手机智能手机官方旗舰店全新正品', 899, 'phone/phone/565264660443', 'yes', '证书编号：2018011606041966++证书状态：有效++产品名称：TD-LTE数字移动电话机++3C规格型号：LND-TL40：5VDC，1A(开关电源适配器：HW-050100C01输出：5VDC，1A)++产品名称：honor/荣耀畅玩7C++CPU型号:骁龙450++型号:畅玩7C++机身颜色:铂光金幻夜黑极光蓝魅焰红++运行内存RAM:4GB3GB++存储容量:3+32GB4+64GB++网络模式:双卡双待', 37, 5, 85, 637),
('567227990677', '人工智能机器人早教机对话语音高科技玩具儿童小男孩学习教育遥控', 398, 'smart device/smart robot/567227990677', 'yes', 'CCC证书编号:2014010805667531++产地:中国大陆++品牌:大宝小贝++型号:B18++玩具类型:塑胶玩具++货号:B18++适用年龄段:<14岁++颜色分类:小白128M小白8G小白16G++适用年龄:2岁3岁4岁5岁6岁7岁8岁9岁10岁11岁++套餐类型:官方标配++是否有导购视频:有++是否含遥控:不含', 75, 16, 11, 638),
('521419590967', 'Mac苹果Macbook笔记本Air电脑保护外壳111213.3Pro套15寸配件13', 45, 'computer/accessories/521419590967', 'yes', '品牌:帝伊工坊++炫彩贴颜色:（请留言机型哦）【流沙酒红色】送双重礼（请留言机型哦）【流沙褐色】送双重礼（请留言机型哦）【流沙绿色】送双重礼（请留言机型哦）【流沙粉色】送双重礼（请留言机型哦）【流沙天空蓝】送双重礼（请留言机型哦）【流沙白色】送双重礼（请留言机型哦）【流沙黑色】送双重礼++生产企业:瑞安市揽胜贸易有限公司++风格:简约', 100, 2, 5, 639),
('568088719347', '可12期免息送300礼honor/荣耀荣耀10手机官方旗舰店正品v10降价', 2599, 'phone/phone/568088719347', 'no', '证书编号：2017011606023756++证书状态：有效++产品名称：TD-LTE数字移动电话机++3C规格型号：LLD-AL00（开关电源适配器：HW-050200C01输出:5VDC,2A开关电源适配...++产品名称：honor/荣耀荣耀10++型号:荣耀10++机身颜色:海鸥灰幻夜黑幻影紫幻影蓝++运行内存RAM:6G++存储容量:6+64GB6+128GB++网络模式:双卡双待', 60, 5, 62, 640),
('44301225996', '尼康D7200单机/套餐搭配18-140/50/1.8G/18-200/351.8中端级单反', 4288, 'photography/SLR/44301225996', 'no', '产品名称：Nikon/尼康D7200单机++单反级别:高级++屏幕尺寸:3.2英寸++像素:2416万++储存介质:SD卡++电池类型:锂电池++单反画幅:APS-C画幅++感光元件类型:CMOS++对焦点数:51点++是否支持外接闪光灯:支持++是否支持机身除尘:支持++是否支持机身马达:支持++传感器尺寸:23.5mmx15.6mm++品牌:Nikon/尼康++曝光模式:快门优先光圈优先手动曝光AE自动曝光++影像处理类型:EXPEED4', 28, 7, 67, 641),
('555382707989', '遥控机器人玩具会跳舞智能语音对话早教编程高科技儿童玩具女男孩', 88, 'smart device/smart robot/555382707989', 'no', '证书编号：2016152202016399++证书状态：有效++产品名称：产品类别：电动玩具++3C规格型号：铁甲钢拳：917、928、961、963、991、3888-1、3888A、3888B、3888B-...++产地:中国大陆++品牌:JJR／C++型号:917++玩具类型:电玩具++货号:917++适用年龄段:<14岁++遥控方式:手柄++颜色分类:凯迪威妮凯迪威达新升级第二代-K4蓝色新升级第二代-K4绿色新升级-K7粉色新升级-K7蓝色++适用年龄:3岁4岁5岁6岁7岁8岁9岁10岁11岁12岁13岁14岁14岁以上++套餐类型:官方正品（送手表）++材质:塑料++是否有导购视频:有++是否含遥控:含', 45, 16, 32, 642),
('521427572925', '狼蛛机械手感金属键盘台式电脑笔记本有线网吧发光游戏miss外设店', 59, 'computer/peripherals/521427572925', 'no', '产品名称：AULA/狼蛛无尽++保修期:12个月++品牌:AULA/狼蛛++型号:无尽++套餐类型:官方标配++是否机械键盘:非机械键盘++生产企业:东莞市索艾电子科技有限公司++颜色分类:新盟白蓝光朋克复古（单键盘）新盟黑白光朋克复古（单键盘）新盟银白蓝光(朋克复古)+游戏鼠标灰黑白光(朋克复古)+游戏鼠标白色混光旗舰版(可调七色光单键盘）黑色混光旗舰版(可调七色光单键盘）白色混光裂纹旗舰版套装(可调七色光）黑色混光裂纹旗舰版套装(可调七色光）黑色混光牧马人旗舰版套装(可调七色光）白色混光牧马人旗舰版套装(可调七色光）混光-银白旗舰版键盘+裂纹鼠标+发光耳机混光-银黑旗舰版键盘+裂纹鼠标+发光耳机混光-银白旗舰版键盘+牧马人鼠标+发光耳机混光-银黑旗舰版键盘+牧马人鼠标+发光耳机++是否支持即插即用:支持++连接方式:有线++是否有多媒体功能键:有++接口类型:USB++是否支持人体工程学:支持++有无手托:有++成色:全新++售后服务:全国联保', 8, 3, 69, 643),
('565662918546', 'i5四核i7独显吃鸡游戏电脑主机组装台式电脑整机全套送24寸显示器', 1698, 'computer/whole machine/565662918546', 'yes', '产品名称：GoldenField/金河田Int...++品牌:GoldenField/金河田++CPU系列:Intel/英特尔酷睿i5++CPU型号:3470++主板结构:M-ATX++主板芯片组类型:IntelB75++显卡系列:GTX750Ti++显存容量:2GB++内存容量:8GB++硬盘类型:固态硬盘(SSD)++硬盘容量:120GB160GB240GB320GB500GB640GB1TB2TB++机箱类型:中塔++电源功率:300W++电源80PLUS认证:不支持++散热方式:风冷++光驱类型:无光驱++声卡接口类型:PCI-E++生产企业:高拓伟权++保修期:12个月', 100, 1, 89, 644),
('566372455921', '19-27英寸超薄一体机电脑吃鸡游戏独显办公家用i5i7台式主机全套', 1220, 'computer/whole machine/566372455921', 'no', 'CCC证书编号:2015010901751863++CPU类型:intel++型号:i57400++产地:中国大陆++品牌:aiodiy++型号:M22++固态硬盘容量:120G++摄像头类型:单摄像头++显卡型号:GTX1050TI4G++毛重:10++能效等级:一级++颜色分类:18.5英寸办公入门18.5英寸商务入门18.5英寸英雄联盟套餐22A1套餐22A2套餐22A4套餐22A5套餐24B1套餐24B2套餐24B3套餐24B4套餐24B5套餐27C1封神Z1封神Z2封神Z3封神Z4封神Z5套餐22A3++屏幕尺寸:23.6英寸++适用品牌:Intel/英特尔++内存容量:8GB++硬盘容量:120GB++显存容量:1GB及以上++光驱类型:无光驱++声卡类型:5.1++成色:全新++售后服务:全国联保++同城服务:同城买家上门自提++台式机类型:游戏发烧++是否触摸屏:非触摸屏', 100, 1, 9, 645),
('568899099546', '天猫精灵TG-C1智能音箱WiFi网络蓝牙智能音响方糖', 199, 'entertainment/speakers/568899099546', 'yes', '', 84, 12, 33, 646),
('560992459754', '运动手环智能男女防水计步器多功能vivo通用oppo苹果监测心率血压', 159, 'smart device/smart bracelet/560992459754', 'yes', '保修期:36个月++兼容平台:ANDROID++功能:心率监测智能提醒睡眠监测社交娱乐计步遥控自拍防水++品牌:道易鑫物联网++型号:A59+++生产企业:东莞市先德五金电子有限公司++颜色分类:炫酷黑【送1条原装表带】炫酷黑【送2条原装表带】陶瓷白【送2条原装表带】魅力红【送2条原装表带】深海蓝【送2条原装表带】陶瓷白【送1条原装表带】咖啡色【送2条原装表带】魅力红【送1条原装表带】深海蓝【送1条原装表带】咖啡色【送1条原装表带】++适用对象:android平台苹果iOS平台Blackberry平台Symbian平台WindowsMobile平台++无线距离:5m(含)-10m(含)', 16, 14, 2, 647),
('42260486951', 'AudioTechnica/铁三角ATR2500电容麦克风话筒录音主播K歌', 503, 'entertainment/microphone/42260486951', 'yes', '产品名称：AudioTechnica/铁三角A...++使用方式:支撑式++供电方式:外接供电++保修期:12个月++品牌:AudioTechnica/铁三角++型号:ATR2500++有无线:有线++生产企业:铁三角++颜色分类:分期免息官方标配（银色）苹果版安卓版电脑版套餐type-c安卓版m20x监听耳机套餐++麦克风类型:电容式++声道:2++适用对象:手机游戏语音电脑直播专用录音专用++指向特征:心型指向++套餐名称:官方标配', 73, 13, 82, 648),
('562918940630', '佳能600D550D650D700D二手入门级单反数码照相机高清旅游', 998, 'photography/SLR/562918940630', 'no', '单反级别:入门级++是否支持机身防抖:机身不防抖++像素:1800万++储存介质:SD卡++成色:9.9成新++电池类型:锂电池++售后服务:店铺三包++颜色分类:600D18-55III（99新）日常镜头600D18-55III（95新）日常镜头600D18-200腾龙VC镜头（99新）600D18-200腾龙VC镜头（95新）600D501.8人像虚化镜头99新600D501.8人像虚化镜头95新600D18-135IS（99新）风景镜头600D18-135IS（95新）风景镜头500D18-55I（99新）日常镜头500D18-55I（95新）日常镜头550D18-55III（99新）日常镜头550D18-55III（95新）日常镜头550D18-135IS（99新）风景镜头550D18-135IS（95新）风景镜头650D18-55III（99新）日常镜头650D18-55III（95新）日常镜头650D18-135IS（99新）日常镜头700D18-55III（99新）日常镜头700D18-55III（95新）日常镜头700D18-200二代腾龙VC（99新）700D18-200二代腾龙VC（95新）700D18-135IS（99新）日常镜头700D18-135IS（95新）日常镜头预售单机5成新++套餐:官方标配套餐一套餐二套餐三套餐四套餐五++单反画幅:APS-C画幅++感光元件类型:CMOS++对焦点数:9点++重量:601g(含)-700g(含)++取景器类型:电子取景器++是否支持外接闪光灯:支持++是否支持机身除尘:支持++是否支持机身马达:支持++反光装置:五面镜++传感器尺寸:22.3mmx14.9mm++品牌:Canon/佳能++佳能单反系列:二手佳能单反系列', 91, 7, 54, 649),
('562184951999', '超薄办公一体机电脑家用酷睿四核I7台式整机曲面游戏台式电脑全套', 2099, 'computer/whole machine/562184951999', 'no', 'CCC证书编号:2018010901055886++CPU类型:IntelPentium/奔腾++型号:3805U++产地:中国大陆++品牌:Viisonta/唯尚达++型号:DM26++固态硬盘容量:120G++摄像头类型:无摄像头++毛重:约5KG++能效等级:五级++颜色分类:B0-AMD-A4-2G内存64G平面B1-3805U-4G内存120G平面B2-A6四核-4G内存120G平面B3-I3-5005U-4G-120G平面B4-I5-5200U-8G-120G平面B5-I7-5500U-8G-240G平面B6-I7-5500U-8G-512G平面A1-3865U-4GG-120G-曲面A2-I3-6006U-4G-120G曲面A3-I5-6200U-8G-120G曲面A4-I7-7500U-8G-240G曲面A5-I7-7500U-16G-240G曲面A6-I7-7500U-8G-120G-1TB曲面A7-I5-6200U-8G-120G-1TB曲面C1-H110-G4560-4G-120GC2-H110-G4560-8G-240GC3-H110-I3-7100-4G-120GC4-H110-I3-7100-8G-240GC5-H110-I5-7400-8G-240GX1-G4560-8G-240-750TI++屏幕尺寸:26英寸++适用品牌:Intel/英特尔++内存容量:4GB++内存类型:1600MHzDDR3++硬盘容量:120GB++硬盘接口:msata++硬盘转速:ssd++显存容量:共享系统内存++芯片类型:HDGraphics++显示器类型:LED++操作系统:win10++成色:全新++售后服务:全国联保++同城服务:同城物流送货上门++台式机类型:商用电脑++是否触摸屏:非触摸屏', 100, 1, 91, 650),
('565827457594', '智能手环运动测心率血压手表苹果vivo防水oppo多功能计步男女通用', 169, 'smart device/smart bracelet/565827457594', 'no', '保修期:36个月++兼容平台:ANDROIDMIUIiOS++功能:心率监测睡眠监测计步遥控自拍防水++品牌:松米++型号:D30++生产企业:东莞市先德五金电子有限公司++颜色分类:白色紫色蓝色黑色++无线距离:5m(含)-10m(含)', 84, 14, 19, 651),
('569372487268', 'DiDoX1-无线蓝牙音箱迷你小钢炮家用超重低音炮便携式户外小音响', 109, 'entertainment/speakers/569372487268', 'no', '产品名称：DiDoX1-++供电方式:内置锂电池++保修期:12个月++功能:插卡语音提示通话功能++套餐类型:官方标配++尺寸:78x34x34mm++播放时长:6小时++是否支持APP:否++生产企业:深圳市第一度科技有限公司++连接方式:3.5MM音频插口蓝牙连接++适用人群:通用++重量:260g++颜色分类:镜面黑香槟金幸运红枪灰色梦幻蓝++外壳材质:金属++品牌:DiDo++型号:X1-', 26, 12, 56, 652),
('567713960272', 'VR眼镜4D一体机头戴式AR小米三星华为苹果手机专用3D虚拟现实电影', 289, 'smart device/smart glasses/567713960272', 'yes', '上市时间:2018-04-18++保修期:36个月++兼容平台:ANDROIDBlackberryMIUISymbianWindowsMobileiOS百度云OS阿里巴巴云OS++品牌:MOGAMAN/魔甲人++型号:E551++屏幕类型:4k++生产企业:深圳维爱特科技有限公司++颜色分类:安卓/苹果通用', 11, 15, 96, 653),
('567857881289', '新科无线话筒手机全民k歌麦克风蓝牙家用电视唱歌神器带音响一体', 199, 'entertainment/microphone/567857881289', 'yes', '产品名称：Shinco/新科V21++上市时间:2018-4-12++使用方式:手持++供电方式:内置锂电池++保修期:12个月++品牌:Shinco/新科++型号:V21++有无线:无线++生产企业:广州市尊浪电器有限公司++颜色分类:香槟金玫瑰金宇宙灰++麦克风类型:手机K歌麦克风++声道:2++适用对象:手机电脑录音专用家用其他/other++指向特征:心型指向++喇叭单元:双喇叭++套餐名称:官方标配', 7, 13, 46, 654),
('544099708730', '游戏机械鼠标有线电脑网咖电竞lol守望先锋老徐外设店cf', 29, 'computer/peripherals/544099708730', 'yes', '产品名称：合立牧马人++保修期:12个月++品牌:合立++型号:牧马人++套餐类型:官方标配++生产企业:广州市纳普斯电子有限公司++颜色分类:皓月白炫酷黑++工作方式:光电++接口类型:USB++按键数:7个++光学分辨率:3000dpi++是否支持人体工程学:支持++成色:全新++售后服务:店铺三包', 49, 3, 52, 655),
('520432942208', '手机补光灯拍照闪光灯自拍神器杆LED灯镜头外置摄影补光通用配件', 52, 'phone/accessories/520432942208', 'no', '品牌:XFY/鑫方圆++型号:PICKOGEN++生产企业:深圳市凯达美科技有限公司++颜色分类:高端补光灯【银色】高端补光灯【黑色】', 15, 6, 93, 656),
('567061382071', 'Canon/佳能EOS800D18-55套机入门级单反相机高清数码家用旅游', 3580, 'photography/SLR/567061382071', 'no', '接口类型:佳能口++单反级别:入门级++屏幕尺寸:3英寸及以上++像素:2426万++储存介质:SD卡++成色:全新++电池类型:锂电池++售后服务:全国联保++颜色分类:国行800D单机不带镜头国行800D18-55STM防抖镜头国行800D18-135STM中长焦镜头国行800D18-200IS长焦镜头国行800D50MM1.8STM人像镜头国行800D+腾龙18-200VC防抖国行800D18-55+55-250双镜头港版800D单机不带镜头港版800D18-55STM防抖镜头港版800D18-135STM中长焦镜头港版800D18-200IS长焦镜头港版800D50MM1.8STM人像镜头港版800D+腾龙18-200VC防抖港版800D18-55+55-250双镜头港版800D裸机身不带配件++套餐:官方标配套餐一套餐二套餐三套餐四套餐五套餐六套餐七套餐八++单反画幅:APS-C画幅++感光元件类型:CMOS++重量:401g(含)-500g(含)++取景器类型:光学取景器++是否支持外接闪光灯:支持++是否支持机身除尘:支持++是否支持机身马达:不支持++反光装置:五棱镜++传感器尺寸:22.3mmx14.9mm++品牌:Canon/佳能++佳能单反系列:EOS800D', 30, 7, 78, 657),
('561133797338', '手机配件车载磁吸支架手机座手机架子固定架托架吸盘式多功能', 19, 'phone/accessories/561133797338', 'no', '品牌:Nohon/诺希++生产企业:福州荣贝廷贸易有限公司++颜色分类:土豪金玫瑰金亮黑色++货号:车载支架', 7, 6, 5, 658),
('564980361108', '佳能EOS600D套机700D650D550D二手单反入门级高清相机数码旅游', 988, 'photography/SLR/564980361108', 'no', '产品名称:Canon/佳能EOS600D套机(18-55mmII)++接口类型:佳能口++单反级别:入门级++是否支持机身防抖:机身不防抖++屏幕尺寸:3英寸及以上++像素:1800万++储存介质:SD卡++成色:9.9成新++电池类型:锂电池++售后服务:店铺三包++颜色分类:佳能600D+18-135中长焦镜头佳能600D+501.8人像大光圈佳能600D+18-55II满足日常佳能600D+18-55STM静音防抖佳能650D+18-55II满足日常佳能600D+501.8STM静音人像佳能650D+18-55STM静音防抖佳能650D+501.8STM静音人像佳能650D+501.8人像大光圈佳能550D+18-55日常佳能500D+18-55满足日常700D+18-55STM满足日常全新头700D+18-135STM静音防抖全新头700D+腾龙18-200VC防抖全新头700D+501.8STM镜头全新头700D+18-55II+501.8双镜头600D+腾龙18-200A14长焦镜头600D+腾龙18-200VC防抖全新头550D特价单机600D单机95新佳能600D单机（5成新）++套餐:官方标配套餐一套餐二套餐三套餐四套餐五++单反画幅:APS-C画幅++感光元件类型:CMOS++对焦点数:9点++重量:501g(含)-600g(含)++取景器类型:光学取景器++是否支持外接闪光灯:支持++是否支持机身除尘:支持++是否支持机身马达:不支持++反光装置:五面镜++传感器尺寸:22.3mmx14.9mm++品牌:Canon/佳能++佳能单反系列:EOS600D套机(18-55mmII)', 58, 7, 86, 659),
('566966714603', '苹果电脑转换器macbookpro笔记本type-c转接头usb扩展坞hdmi配件', 117, 'computer/accessories/566966714603', 'no', '品牌:moby++接口性质:USB扩展HUB++生产企业:深圳市哈他科技有限公司++长度:0.15m++颜色分类:【3个USB3.0】太空银【3个USB3.0】深空灰【2个USB3.0+读卡SD+TF】太空银【2个USB3.0+读卡SD+TF】深空灰【2个USB3.0+HDMI】太空银【2个USB3.0+HDMI】深空灰【2个USB3.0+充电+读卡SD+TF】太空银【2个USB3.0+充电+读卡SD+TF】深空灰【2个USB3.0+HDMI+充电】太空银【2个USB3.0+HDMI+充电】深空灰【2个USB3.0+读卡SD+TF+网卡】太空银【2个USB3.0+读卡SD+TF+网卡】深空灰【3个USB3.0+HDMI+充电+读卡SD+TF+网卡】太空银【3个USB3.0+HDMI+充电+读卡SD+TF+网卡】深空灰++是否外接电源:无外接电源++货号:苹果电脑转换器', 100, 2, 99, 660),
('570285956601', '微型无线摄像头家用微形监控器套装手机wifi远程无光夜视高清', 239, 'photography/video camera/570285956601', 'no', '内存容量:16GB32GB64GB8GB无++呈像颜色:彩色++品牌:X-Bao/孝加宝++型号:XJB-DWF02++智能类型:其他++质保年限:1年++焦距:2.8mm++焦段:广角++清晰度:720p++感光面积:1/4英寸++同城服务:同城买家上门提货++有效距离:0m(不含)-10m(不含)++镜头大小规格:2.8mm', 63, 9, 51, 661),
('539862271125', 'VR眼镜虚拟现实3D智能手机游戏rv眼睛4d一体机头戴式专用ar', 20, 'smart device/smart glasses/539862271125', 'yes', '保修期:12个月++兼容平台:ANDROIDMIUISymbianWindowsMobileiOS百度云OS阿里巴巴云OS++品牌:VRSHINECON++型号:千幻魔镜5代++生产企业:东莞市千幻魔镜实业有限公司++颜色分类:1【VR眼镜+VR礼包】-【高清标准影视版】【VR眼镜+VR礼包】-【蓝光护眼影视版】【VR眼镜+送遥控版+VR礼包】-【高清标准畅玩版】【VR眼镜+送遥控版+VR礼包】-【蓝光护眼畅玩版】【VR眼镜+送遥控版+时尚耳机】【纳米镀膜蓝光科幻版】【VR眼镜+荣耀手柄+小耳机】【纳米镀膜魔幻版】【VR眼镜+荣耀手柄+时尚耳机】【纳米镀膜沉浸版】【VR眼镜+荣耀手柄+时尚耳机+AR枪】【纳米镀膜虚幻版】【热销50万台，活动中送VR礼包，持续更新】', 1, 15, 28, 662),
('568735918815', '正品荣事达好帅二蛋智能机器人高科技语音对话教育儿童学习早教机', 1699, 'smart device/smart robot/568735918815', 'no', '兼容平台:ANDROIDiOS++品牌:HOST/好帅++型号:Q6++型号:Q6++材质:塑料++颜色分类:白色', 29, 16, 10, 663),
('564472661295', '达尔优LM113有线电竞吃鸡鼠标游戏绝地求生电脑大司马外设店LOL', 69, 'computer/peripherals/564472661295', 'yes', '产品名称：达尔优LM113++保修期:12个月++品牌:达尔优++型号:LM113++套餐类型:官方标配++生产企业:东莞市铭冠电子科技有限公司++颜色分类:灰色黑色++工作方式:光电++接口类型:USB++光学分辨率:3000dpi++是否支持人体工程学:支持++成色:全新', 87, 3, 82, 664),
('538889418588', '【分期免息】BeatsBeatsX耳塞式无线蓝牙B耳机入耳式X耳机耳麦-', 848, 'entertainment/headset/538889418588', 'yes', '产品名称：BeatsBeatsX++保修期:12个月++兼容平台:iOS++套餐类型:官方标配++是否线控:是++生产企业:美国苹果公司++颜色分类:哑光金哑光银灰色黑色蓝色白色++佩戴方式:入耳式++耳机类型:无线++有无麦克风:带麦++耳机售后服务:全国联保++耳机类别:无线耳机手机线控耳机运动耳机++品牌:Beats++型号:BeatsX', 98, 11, 92, 665),
('41641172643', '【6期免息】Beatspill+无线蓝牙音乐音箱家用户外运动重低音响', 1188, 'entertainment/speakers/41641172643', 'yes', '产品名称：Beatspill+++供电方式:内置锂电池++保修期:12个月++功能:NFC功能通话功能++套餐类型:官方标配++播放时长:12小时++是否支持APP:是++生产企业:美国苹果公司++连接方式:苹果Lighting接口蓝牙连接++重量:745g++颜色分类:沥青灰草原绿白色黑色红色++外壳材质:金属++品牌:Beats++型号:pill+', 71, 12, 8, 666),
('569124198941', '得力3882热熔装订机订书机文件资料整理办公用品设备', 243, 'computer/office equipment/569124198941', 'yes', '装订机品牌:Deli/得力++型号:3882', 87, 4, 49, 667),
('565034479582', 'Fujifilm/富士X-A5套机自拍美颜复古微单数码相机富士xa5XA5', 3599, 'photography/micro-camera/565034479582', 'yes', '上市时间:2018-04-02++传输类型:NFC传输++单反画幅:APS-C画幅++屏幕尺寸:3英寸++品牌:Fujifilm/富士++富士系列:X-A5(15-45mm)++像素:2430万++显示屏类型:触摸屏++液晶屏尺寸:3.0英寸++颜色分类:X-A5暗银色15-45mm镜头套机X-A5银黑色15-45mm镜头套机X-A5摩卡棕15-45mm镜头套机X-A5珠光色15-45mm镜头套机暗银色15-45+25/1.8大光圈镜头银黑色15-45+25/1.8大光圈镜头摩卡棕15-45+25/1.8大光圈镜头珠光粉15-45+25/1.8大光圈镜头暗银色15-45+55/1.4大光圈镜头银黑色15-45+55/1.4大光圈镜头摩卡棕15-45+55/1.4大光圈镜头珠光粉15-45+55/1.4大光圈镜头X-A5银黑色16-50mm镜头套机X-A5摩卡棕16-50mm镜头套机X-A5珠光粉16-50mm镜头套机银黑色16-50+25/1.8大光圈镜头摩卡棕16-50+25/1.8大光圈镜头珠光粉16-50+25/1.8大光圈镜头银黑色16-50+55/1.4大光圈镜头摩卡棕16-50+55/1.4大光圈镜头珠光粉16-50+55/1.4大光圈镜头15-45+50-230（颜色联系客服）16-50+50-230（颜色联系客服）++成色:全新++售后服务:全国联保++套餐类型:官方标配套餐一套餐二套餐三套餐四套餐五套餐六++单电套装类型:变焦套装++传感器尺寸:23.5mmx15.7mm++感光元件类型:CMOS++重量:401g(含)-500g(含)', 9, 8, 44, 668),
('554908609945', '科大讯飞阿尔法蛋陪伴学习阿尔法大蛋人工智能机器人全程语音交互', 2999, 'smart device/smart robot/554908609945', 'no', '上市时间:2017-07-07++保修期:12个月++兼容平台:ANDROIDiOS++品牌:科大讯飞++型号:TYR101++型号:TYR101++尺寸:21x21x26cm++材质:塑料++生产企业:安徽淘云科技有限公司++颜色分类:白色', 36, 16, 94, 669),
('562776173344', '爱奇艺vr眼镜小阅悦PRO头戴式智能3d游戏机头盔眼镜手机专用', 149, 'smart device/smart glasses/562776173344', 'no', '保修期:3个月++兼容平台:ANDROID++品牌:爱奇艺智能++型号:iQIYI-C2double++生产企业:爱奇艺++颜色分类:小阅悦PRO小阅悦PRO+遥控器小阅悦PRO+i71耳机小阅悦PRO+爱奇艺月卡小阅悦PRO+遥控器+爱奇艺月卡', 45, 15, 20, 670),
('561149364203', '飞利浦type-c扩展坞macbookpro苹果电脑转换器配件usb转接头HDMI', 189, 'computer/accessories/561149364203', 'yes', '品牌:Philips/飞利浦++接口性质:USB扩展HUB++生产企业:惠州市和宏电线电缆有限公司++长度:0.15m++颜色分类:四合一[HDMI+USB3.0*2+PD充电]六合一[HDMI+USB3.0*2+SD/TF读卡器+PD充电]八合一[HDMI+USB3.0*3+SD/TF读卡+千兆网口+PD充电]五合一[VGA+HDMI+USB3.0*2+SD卡槽]灰色●type-c扩展坞五合一[HDMI+USB3.0*2+SD读卡+千兆网口]六合一[HDMI+VGA+USB3.0*2+千兆网口+PD充电口]八合一[HDMI+VGA+USB3.0*2+TF/SD读卡+千兆网口+PD充电]四合一mini版[hdmi+usb3.0*2+pd充电]收藏加购店铺商品优先发货++是否外接电源:无外接电源++货号:SWR1608D/93', 100, 2, 90, 671);
INSERT INTO `itcast_goods` (`gid`, `gname`, `price`, `thumb`, `status`, `description`, `stock`, `cid`, `sales`, `turn`) VALUES
('45564847051', 'Canon/佳能PowerShotG7XMarkII数码相机G7X2G9XIIg7xmark2', 2400, 'photography/digital camera/45564847051', 'no', '传输类型:NFC传输++品牌:Canon/佳能++型号:PowerShotG7XMarkII++感光元件类型:CMOS++传感器尺寸:1英寸++特殊功能:光学防抖面部优先笑脸快门广角微距手动挡高清摄像++像素:2100万及以上++光学变焦:4.2倍++成色:全新++显示屏尺寸:3英寸++电池类型:镍氢电池++售后服务:全国联保++颜色分类:G7XII港版[店保5年送金刚膜]G7XII国行[全国联保送金刚膜]G7X一代样机[99新+店保2年]G7XII港版[信用卡/花呗付款]G7XII国行[信用卡/花呗付款]++套餐:官方标配套餐一套餐二套餐三套餐四套餐五套餐六套餐七套餐八++屏幕类型:触摸屏++有效像素:2000万以上++防抖性能:光学防抖++高清摄像:全高清（1920x1080）++镜头类型:伸缩式++适用场景:专业旗舰++重量:151g(含)-200g(含)', 73, 10, 5, 672),
('14209821883', '中宝财务凭证装订机2013打孔ZB-6108办公设备自动装订机全自动', 7689, 'computer/office equipment/14209821883', 'no', '装订机品牌:中宝++型号:ZB-6108', 96, 4, 34, 673),
('523185673070', 'SteelSeries赛睿外设电竞双肩游戏装备背包电脑键盘鼠标耳机包', 109, 'computer/peripherals/523185673070', 'no', '生产企业:赛睿', 51, 3, 20, 674),
('561702573746', '阿尔法电动遥控战斗机器人玩具智能语音对话跳舞儿童机械战警男孩', 88, 'smart device/smart robot/561702573746', 'yes', '证书编号：2013152202010823++证书状态：有效++申请人名称：汕头市盈佳玩具实业有限公司++制造商名称：汕头市盈佳玩具实业有限公司++产品名称：产品类别：电动玩具++3C产品型号：遥控机器人：NO.3088A、NO.4088、NO.5088、NO.6088、NO.7088、NO....++3C规格型号：遥控机器人：NO.3088A、NO.4088、NO.5088、NO.6088、NO.7088、NO....++产地:中国大陆++品牌:BBS/宝贝星++型号:5088++玩具类型:电玩具++货号:5088++适用年龄段:<14岁++遥控方式:手柄++颜色分类:机械战警（手势感应蓝色）机械战警（手势感应红色）机械战警(经典白色)机械战警(经典黑色)机械战警(智能对话黑色)机械战警(智能对话白色)++适用年龄:5岁6岁7岁8岁9岁10岁11岁12岁++套餐类型:官方正品＋送豪华礼包++材质:塑料++是否有导购视频:有++是否含遥控:含', 72, 16, 8, 675),
('570407759254', '便携随身超长1080P高清微型摄像机录像录音会议记录袖珍监控头', 298, 'photography/video camera/570407759254', 'no', '品牌:other/其他++型号:E98++存储介质:闪存式DV++数码像素:800万以上++成色:全新++颜色分类:A款++自带容量:其他/other++感光元件:CMOS++屏幕尺寸:其他/other++售后服务:店铺三包++套餐类型:官方标配++传感器尺寸:其他/other++防抖性能:电子防抖', 14, 9, 18, 676),
('566818294905', '摩士奇vr眼镜一体机4d虚拟现实rv头戴式苹果智能手机专用ar游戏机', 238, 'smart device/smart glasses/566818294905', 'yes', '保修期:10年++兼容平台:ANDROIDBlackberryMIUISymbianWindowsMobileiOS百度云OS阿里巴巴云OS++品牌:MOSKII/摩士奇++型号:G02EG++生产企业:东莞市千幻魔镜实业有限公司++颜色分类:9代耳机可拆版-送遥控-高清观影版9代耳机可拆版-送遥控-蓝光护眼版9代耳机可拆版-送王者手柄-纳米护眼版9代耳机可拆版-送王者手柄-3层纳米梦幻版9代耳机可拆版-送王者手柄AR枪-3层纳米荣耀版9代耳机可拆版-送王者手柄AR弓-3层纳米尊享版收藏后购买优先发货-荣耀版', 40, 15, 94, 677),
('569148782548', 'Apple/苹果iPhone6s美版国行6sPlus全新未激活4.7寸三网4G手机', 1258, 'phone/phone/569148782548', 'yes', '', 68, 5, 95, 678),
('563375322461', '服务铃饭店呼叫器酒吧远距离电子智能叫人分机办公洗浴设备办公室', 20, 'computer/office equipment/563375322461', 'no', '品牌:见详细++型号:FH260++颜色分类:升级版万年历主机【不含呼叫器】汉堡型无线呼叫器万年历主机+10个汉堡型呼叫器万年历主机+10个飞蝶型呼叫器万年历主机+5个开关型呼叫器万年历主机+5个汉堡型呼叫器万年历主机+10个开关型呼叫器万年历主机+10个台卡型呼叫器万年历主机+5个台卡型呼叫器万年历主机+5个飞蝶型呼叫器开关型无线呼叫器台卡型无线呼叫器飞碟型无线呼叫器餐厅款无线呼叫器', 79, 4, 13, 679),
('558839086294', 'Logitech/罗技H340电脑耳机头戴式有线笔记本USB耳麦游戏麦克风', 99, 'entertainment/headset/558839086294', 'yes', '产品名称：Logitech/罗技H340++保修期:12个月++套餐类型:官方标配++是否线控:否++生产企业:罗技科技（苏州）有限公司++颜色分类:黑色++佩戴方式:头戴护耳式++耳机类型:有线++有无麦克风:带麦++插头直径:USB++耳机插头类型:USB++耳机输出音源:PC电脑++缆线长度:1.8米++耳机类别:普通耳机++品牌:Logitech/罗技++型号:H340', 46, 11, 59, 680),
('567941239600', 'SAST/先科C2电脑音响笔记本台式超重低音炮迷你无线蓝牙音箱家用', 129, 'entertainment/speakers/567941239600', 'no', '证书编号：2016010801885859++证书状态：有效++产品名称：有源音箱++3C规格型号：见附件++产品名称：SAST/先科C2++保修期:12个月++包装体积:395x423x202mm++声道:2.1++成色:全新++毛重:3.5++生产企业:广州市美美电器有限公司++电源方式:交流电++箱体材质:木++采购地:中国大陆++颜色分类:黑色发光经典版黑色发光蓝牙版++售后服务:全国联保++品牌:SAST/先科++型号:C2', 45, 12, 92, 681);

-- --------------------------------------------------------

--
-- 表的结构 `itcast_member`
--

DROP TABLE IF EXISTS `itcast_member`;
CREATE TABLE IF NOT EXISTS `itcast_member` (
  `mid` int(10) UNSIGNED NOT NULL AUTO_INCREMENT COMMENT '主键ID，自动增长',
  `user` varchar(20) DEFAULT NULL COMMENT '会员昵称',
  `email` varchar(30) DEFAULT NULL COMMENT '会员电子邮件地址',
  `pwd` char(32) DEFAULT NULL COMMENT '会员登陆密码',
  `birthday` date DEFAULT NULL COMMENT '会员生日',
  PRIMARY KEY (`mid`) USING BTREE
) ENGINE=MyISAM AUTO_INCREMENT=12 DEFAULT CHARSET=utf8 ROW_FORMAT=DYNAMIC;

--
-- 转存表中的数据 `itcast_member`
--

INSERT INTO `itcast_member` (`mid`, `user`, `email`, `pwd`, `birthday`) VALUES
(2, 'liuyuan', '1@qq.com', '123456', '2018-03-13'),
(1, 'marcus', '9999999999@qq.com', '123456', '2018-03-07'),
(7, '杨哥', '136265871@qq.com', '123456', '2018-06-11'),
(6, '张三', '1234567890@qq.com', '123456', '2018-06-07'),
(5, 'sgd', '1099920585@qq.com', '123', '2017-04-13'),
(8, 'leiyuuu', '6666666@woshinibaba.com', 'leiyu123', '2018-06-01'),
(9, 'leiyuuu', '6666666@woshinibaba.com', '', '2018-06-01'),
(10, 'test', '123456@qq.com', '123', '2018-01-01');

-- --------------------------------------------------------

--
-- 表的结构 `itcast_record`
--

DROP TABLE IF EXISTS `itcast_record`;
CREATE TABLE IF NOT EXISTS `itcast_record` (
  `rid` int(10) UNSIGNED NOT NULL AUTO_INCREMENT COMMENT '历史记录主键',
  `mid` int(10) UNSIGNED DEFAULT NULL COMMENT '购买者ID',
  `time` timestamp NULL DEFAULT NULL COMMENT '购买时间',
  `gid` varchar(255) DEFAULT NULL COMMENT '购买商品ID',
  `num` tinyint(3) DEFAULT NULL COMMENT '购买数量',
  `price` int(10) UNSIGNED DEFAULT NULL COMMENT '商品单价',
  PRIMARY KEY (`rid`)
) ENGINE=MyISAM AUTO_INCREMENT=61 DEFAULT CHARSET=utf8;

--
-- 转存表中的数据 `itcast_record`
--

INSERT INTO `itcast_record` (`rid`, `mid`, `time`, `gid`, `num`, `price`) VALUES
(18, 2, '2018-06-05 03:10:50', '19628167605', 4, 2338),
(19, 2, '2018-06-05 03:10:50', '538033221802', 5, 25),
(20, 2, '2018-06-05 03:10:50', '16109378213', 8, 3508),
(21, 2, '2018-06-05 04:06:17', '538033221802', 3, 25),
(22, 2, '2018-06-05 04:06:17', '19628167605', 1, 2338),
(23, 2, '2018-06-05 04:06:17', '16109378213', 6, 3508),
(24, 2, '2018-06-05 04:08:27', '16109378213', 6, 3508),
(25, 2, '2018-06-05 04:08:27', '19628167605', 1, 2338),
(26, 2, '2018-06-05 04:08:27', '538033221802', 3, 25),
(27, 2, '2018-06-05 04:11:11', '19628167605', 1, 2338),
(28, 2, '2018-06-05 04:11:11', '16109378213', 6, 3508),
(29, 2, '2018-06-05 04:11:11', '538033221802', 3, 25),
(30, 2, '2018-06-06 09:01:54', '19628167605', 1, 2338),
(31, 2, '2018-06-06 09:01:54', '562225306032', 1, 2088),
(32, 2, '2018-06-06 09:01:54', '557792514690', 2, 179),
(33, 2, '2018-06-06 09:01:54', '560643714216', 1, 2779),
(34, 2, '2018-06-06 09:06:12', '528725484287', 1, 858),
(35, 2, '2018-06-06 09:06:12', '558839086294', 1, 99),
(36, 2, '2018-06-06 09:06:12', '570257546236', 1, 3298),
(37, 2, '2018-06-06 09:06:12', '565013941664', 1, 3388),
(38, 2, '2018-06-06 10:04:44', '17019553913', 1, 3596),
(39, 2, '2018-06-06 10:05:31', '45140873352', 1, 117),
(40, 2, '2018-06-06 10:07:59', '45140873352', 10, 117),
(41, 5, '2018-06-08 08:48:49', '564383637562', 25, 10),
(42, 5, '2018-06-08 08:48:49', '567995580412', 5, 198),
(43, 2, '2018-06-09 01:09:50', '45140873352', 2, 110),
(44, 2, '2018-06-09 05:11:22', '569729358906', 1, 2355),
(45, 2, '2018-06-09 05:11:22', '562225306032', 6, 2088),
(46, 2, '2018-06-09 06:04:15', '39544426765', 1, 900),
(47, 6, '2018-06-10 02:14:09', '35329242060', 2, 46),
(48, 6, '2018-06-10 02:14:09', '534684822330', 3, 58),
(49, 6, '2018-06-10 02:14:09', '549349181749', 1, 294),
(50, 7, '2018-06-11 14:38:51', '556877687551', 1, 15609),
(51, 7, '2018-06-11 14:38:51', '563863522781', 1, 2368),
(52, 2, '2018-06-12 02:46:31', '17019553913', 2, 3596),
(60, 2, '2018-06-22 05:26:10', '564825205279', 3, 23),
(59, 2, '2018-06-22 05:26:10', '565087458618', 1, 1099);

-- --------------------------------------------------------

--
-- 表的结构 `itcast_shopcart`
--

DROP TABLE IF EXISTS `itcast_shopcart`;
CREATE TABLE IF NOT EXISTS `itcast_shopcart` (
  `scid` int(10) UNSIGNED NOT NULL AUTO_INCREMENT COMMENT '主键ID，自动增长',
  `mid` int(10) UNSIGNED NOT NULL COMMENT '购买者ID即会员ID',
  `addTime` timestamp NULL DEFAULT NULL COMMENT '加入购物车时间',
  `gid` varchar(255) DEFAULT NULL COMMENT '购买商品ID',
  `num` tinyint(3) NOT NULL COMMENT '购买商品数量',
  PRIMARY KEY (`scid`) USING BTREE
) ENGINE=MyISAM AUTO_INCREMENT=99 DEFAULT CHARSET=utf8 ROW_FORMAT=FIXED;

--
-- 转存表中的数据 `itcast_shopcart`
--

INSERT INTO `itcast_shopcart` (`scid`, `mid`, `addTime`, `gid`, `num`) VALUES
(79, 8, '2018-06-11 15:45:03', '562225306032', 1),
(78, 8, '2018-06-11 15:44:42', '558504068605', 1),
(98, 2, '2018-06-22 05:30:47', '553280166140', 1);

-- --------------------------------------------------------

--
-- 替换视图以便查看 `itcast_shopcart_goods`
-- (See below for the actual view)
--
DROP VIEW IF EXISTS `itcast_shopcart_goods`;
CREATE TABLE IF NOT EXISTS `itcast_shopcart_goods` (
`gid` varchar(255)
,`num` tinyint(3)
,`addTime` timestamp
,`mid` int(10) unsigned
,`gname` varchar(255)
,`price` int(10) unsigned
,`thumb` varchar(255)
,`status` enum('no','yes')
,`freight` int(10)
);

-- --------------------------------------------------------

--
-- 视图结构 `itcast_shopcart_goods`
--
DROP TABLE IF EXISTS `itcast_shopcart_goods`;

CREATE ALGORITHM=UNDEFINED DEFINER=`root`@`localhost` SQL SECURITY DEFINER VIEW `itcast_shopcart_goods`  AS  select `itcast_shopcart`.`gid` AS `gid`,`itcast_shopcart`.`num` AS `num`,`itcast_shopcart`.`addTime` AS `addTime`,`itcast_shopcart`.`mid` AS `mid`,`itcast_goods`.`gname` AS `gname`,`itcast_goods`.`price` AS `price`,`itcast_goods`.`thumb` AS `thumb`,`itcast_goods`.`status` AS `status`,`itcast_address`.`freight` AS `freight` from ((`itcast_shopcart` join `itcast_goods`) join `itcast_address`) where `itcast_shopcart`.`gid` = `itcast_goods`.`gid` and `itcast_address`.`mid` = `itcast_shopcart`.`mid` ;
COMMIT;

/*!40101 SET CHARACTER_SET_CLIENT=@OLD_CHARACTER_SET_CLIENT */;
/*!40101 SET CHARACTER_SET_RESULTS=@OLD_CHARACTER_SET_RESULTS */;
/*!40101 SET COLLATION_CONNECTION=@OLD_COLLATION_CONNECTION */;
